1,lexicon,1,terminology,3,parts of speech,1
4,noun,2,verb,1,adjective,1
7,adverb,1,preposition,2,conjuction,1
10,conjunction,2,pronoun,1,interjection,1
13,sentence components,1,subject and object,1,predicate,1
16,adverbial,1,complement,1,clauses,1
19,adverbial clause,1,object clause,1,attributive,1
22,attributive clause,1,relative clause,1,subject clause,1
25,predicative,1,nominative,1,predicative clause,1
28,nominative clause,1,declarative sentence,1,interrogative,1
31,interrogative sentence,1,imperative,1,imperative sentence,1
34,exclamatory,1,exclamatory sentence,1,inverted sentence,1
37,passive,1,passive voice,1,subjunctive,1
40,subjunctive mood,1,mood,1,infinitive,1
43,infinite,1,participle,1,infinitive phrarse,1
46,infinitive phrase,1,participle phrase,1,absolute construction,1
49,ellipsis,1,parenthesis,1,lettuce,3
52,spinach,4,kale,2,broccoli,3
55,cauliflower,2,cabbage,3,carrots,1
58,celery,2,bell peppers,1,hot peppers,1
61,cucumbers,1,zucchini,3,eggplant,1
64,tomatoes,1,potatoes,1,sweet potatoes,1
67,garlic,1,green beans,1,peas,2
70,corn,4,mushrooms,1,asparagus,2
73,radishes,1,leeks,1,swiss chard,1
76,chard,1,arugula,1,beets,2
79,turnips,1,parsnips,1,button mushrooms,1
82,white button mushrooms,2,white button mushrooms,2,baby bellas,2
85,bellas,1,baby bellas,2,cremini,1
88,cremini mushrooms,2,cremini mushrooms,2,portobello mushrooms,1
91,shiitake,1,shiitake mushrooms,1,oyster,3
94,oyster mushrooms,1,enoki,1,enoki mushrooms,1
97,maitake,1,maitake mushrooms,1,morel mushrooms,1
100,morel,2,chanterelle mushrooms,2,chanterelle mushrooms,2
103,chanterelle,1,matsutake,2,Tricholoma matsutake,1
106,tricholoma,1,truffle,2,Tuber melanosporum,1
109,black truffle,2,white truffle,2,Burgundy,1
112,morchella,2,wagyu,2,wagyu beef,2
115,black cattle,1,cattle,1,velvet,4
118,collard,1,collard greens,1,mustard,3
121,mustard greens,1,watercress,1,dandelion,2
124,beet greens,1,endive,1,cichorium,1
127,grape,3,berries,3,strawberries,1
130,blueberries,1,raspberries,1,blackberries,1
133,cranberries,1,tangerine,2,nectarines,1
136,plums,1,apricots,1,cherries,1
139,pears,1,avocados,1,pineapple,1
142,mangoes,2,kiwi,1,papaya,2
145,figs,1,pomegranates,1,limes,1
148,lemons,1,almonds,3,walnuts,2
151,pecans,2,pecanpie,1,pecan pie,1
154,cashews,2,pistachios,2,hazelnuts,2
157,macadamia,1,macadamia nuts,3,macadamia nuts,3
160,macadamia nuts,3,brail nuts,1,pine nuts,2
163,pine nuts,2,sunflower seeds,1,pumpkin seeds,1
166,pepitas,1,flaxseeds,1,chia,1
169,chia seeds,1,pecans,2,chestnuts,1
172,coconut,2,baru nuts,1,lotus,2
175,lotus seeds,1,steak,2,ribeye,1
178,rib,1,T-bone,1,filet mignon,1
181,filet,1,mignon,1,ground beef,1
184,roast beef,1,roast,1,short ribs,1
187,pork,2,pork chops,1,chops,1
190,bacon,2,ham,2,pulled pork,1
193,sausages,1,lamb,1,lamb chops,1
196,ground lamb,3,ground,2,chicken breast,1
199,breast,1,thigh,2,chicken thighs,1
202,salami,1,pepperoni,2,venison,2
205,salmon,3,tuna,4,cod,1
208,trout,1,bass,3,halibut,1
211,mackerel,3,sardines,1,shrimp,4
214,lobster,3,crab,2,scallops,4
217,clams,1,mussels,2,octopus,2
220,squid,3,catfish,2,carp,2
223,perch,2,bass,3,crappie,1
226,pike,2,legumes,1,vegetables,1
229,black beans,1,kidney beans,1,kidney,3
232,hummus,3,chickpeas,2,lentils,1
235,pinto,1,pinto beans,1,cannellini,1
238,canellini beans,1,navy beans,1,split peas,1
241,fava,1,fava beans,1,adzuki beans,1
244,adzuki,1,soy,5,tofu,1
247,tempeh,1,edamame,1,soy milk,2
250,miso,2,TVP,1,offal,1
253,liver,2,kidneys,2,tripe,1
256,sweetbreads,1,tongue,2,side dishes,2
259,side dishes,2,dishes,1,quinoa,6
262,barley,3,farro,2,bulgur,1
265,Tabbouleh,1,Couscous,1,Polenta,1
268,Cornbread,1,Mashed,1,mashed potatoes,1
271,casserole,2,sweet potato casserole,1,roasted vegetables,1
274,baguette,3,grilled,3,roasted,2
277,grilled bread,1,French Baguette,1,loaf,3
280,course,2,echo,1,condiments,3
283,pickled,2,kimchi,1,zhacai,1
286,zha cai,1,sauerkraut,1,radish,1
289,daikon,1,daikon radish,1,ginger,9
292,pickled ginger,2,pickled turnips,1,pickled peppers,1
295,chili,5,sauces,3,chili sauces,1
298,hot sauce,2,tabasco,2,sriracha,1
301,gochujang,2,harissa,1,doubanjiang,1
304,sambal,1,oelek,1,sambal oelek,1
307,chimichurri,2,peri-peri sauce,1,fremented,1
310,fermented,2,olives,1,olive,2
313,oliver,2,capers,1,cornichons,1
316,herring,1,staple foods,2,staple,1
319,staple foods,2,white rice,1,brown rice,1
322,jasmine rice,1,jasmine,3,spaghetti,2
325,udon,1,uber,1,ramen,2
328,whole wheat bread,1,sourdough,1,pasta,3
331,spaghetti,2,fettuccine,1,penne,1
334,grains,1,oats,1,rolled oats,1
337,rolled,1,steel,2,stell-cut,1
340,steel-cut oats,1,pinhead,1,coarse,1
343,course,2,oatmeal,2,instant oats,1
346,parley,1,barley,3,pearl barley,1
349,hulled,1,hulled barley,1,quinoa,6
352,corn,4,whole kernel corn,1,kernle,1
355,kernel,1,cornmeal,1,oatmeal,2
358,meal,1,powder,1,shake it,1
361,polenta,1,wheat berries,1,berries,3
364,millet,1,rice,2,whole grains,1
367,coarse cereals,2,vereal,2,vereal,2
370,cereal,1,reveal,2,unveil,2
373,coarse cereals,2,flour,3,whole wheat flour,1
376,rye,1,rye flour,1,buckwheat,1
379,groats,1,farro,2,couscous,2
382,refined grains,1,refined,1,white flour,1
385,pancakes,1,Chinese Breads,1,Chinese Pancackes,1
388,Chinese Pancakes,1,Steamed Bun,1,Bun,1
391,Steamed Plaiin Bun,1,Steamed Plain Bun,1,potsticker,3
394,pan-fried,1,dumplings,1,fruit-filled dessert,1
397,dessert,2,Pan-Fried Dumplings,1,Potsticker,1
400,burnt,1,burnt cake,3,burnt flatbread,1
403,flatbread,3,crispy,3,Chinese Crispy Flatbread,1
406,Fire Cake,2,Fire Cake,2,firecake,1
409,Chinese Firecake,1,Shandong Pancake,1,crepe,1
412,creeper,1,Shandong Crepe,1,silk,4
415,silkworms,1,formatino,1,formation,1
418,disturb,2,subsequent,1,subsequently,1
421,jetliner,1,scallops,4,scallion,3
424,scallion pancake,1,flatbread,3,whole milk,1
427,skim milk,1,skim,1,organic,2
430,lactose,2,lactose-free,1,almond,2
433,soy,5,yogurt,2,yoghurt,2
436,yoghourt,1,Greek Yogurt,1,probiotic,1
439,probiotic yogurt,1,dairy,2,daily,1
442,non-dairy,1,cheese,1,Cheddar Cheese,1
445,cheddar,2,Mozzarella Cheese,1,Mozzarella,1
448,Parmesan Cheese,1,Feta Cheese,1,Brie Cheese,1
451,Parmesan,1,Feta,1,Brie,1
454,Blue Cheese,1,cottage,1,cottage cheese,1
457,dutch,4,dutch cheese,1,pot cheese,1
460,smear,1,smearcase,1,butter,1
463,fats,2,dairy fats,1,salted butter,1
466,unsalted butter,1,whipped butter,1,whipped,2
469,whip,1,clarified,1,clarified butter,1
472,chee,1,ghee,1,heavy cream,1
475,half-and-half,1,light cream,1,sour cream,4
478,sour,5,condensed,1,condensed milk,1
481,evaporated,1,evaported milk,1,eva,1
484,evaporated milk,1,porate,1,porated,1
487,whey,1,whey protein powder,1,kefir,1
490,casein,1,grape juice,1,cranberry,1
493,cranberry juice,1,grape,3,grapefruit,1
496,pomegranate juice,1,coconut water,1,prune,1
499,prune juice,1,V8,1,acai,1
502,acai berry,1,soy milk,2,oat milk,1
505,hemp,2,cashew,1,black tea,1
508,green tea,1,white tea,1,oolong,1
511,真空,1,vacuum,2,oolong tea,1
514,herbal,3,remedies,2,herbal tes,1
517,herbal tea,2,cardigan,3,chamomile,2
520,peppermint,2,matcha,4,latte,3
523,beverage,3,lounge,3,rooibos,1
526,rooibos tea,1,jujbe,1,jujube,2
529,allergic,2,seafood,1,date,1
532,epistola,1,chai,1,chai tea,1
535,iced tea,1,ground coffee,1,instant coffee,1
538,espresso,4,decaf coffee,1,decaf,1
541,caffein,1,caffeinated,1,caffeine,2
544,decaffeinated,1,brew,3,cold brew,1
547,vanilla,1,hazelnut,3,flavored,1
550,alcoholic,1,beverages,2,sweetened,1
553,artificial,1,sparkling,1,beer,1
556,brew,3,wine,1,red wine,2
559,white wines,1,rose wines,1,sparkling wines,1
562,champagne,2,champion,1,guanjun,1
565,冠军,1,prosecco,1,liquor,1
568,whiskey,1,vodka,1,rum,1
571,tequila,1,cider,4,malt beverage,1
574,malt,3,maltose,1,cocktail,1
577,pick-me-up,1,flip,1,sour,5
580,tonic,3,martini,1,punch,1
583,mojito,2,stout,1,ale,1
586,lager,1,draught,1,draft beer,1
589,aperitive,1,apertif wine,1,apertif,1
592,Bordeaux,1,sherry,1,Tequila,1
595,cider,4,brandy,1,scotch,2
598,gin,1,flaming,1,lamborgnini,1
601,lamborgni,1,banger,1,coral,5
604,reef,1,coral reef,3,Bloody Mary,1
607,Bombing,1,Gatorade,1,Powerade,1
610,BodyArmor,1,Electrolyte,1,Carbonated,1
613,Cola,1,coca-cola,1,pepsi,1
616,Diet Cola,1,Diet,1,regular,1
619,regular cola,1,root beer,1,soda water,1
622,tonic,3,tonic water,2,quinine,3
625,cinchona,1,bark,2,cinchona bark,2
628,malaria,3,mineral,2,mineral water,1
631,still water,1,sparkling water,1,filtered water,1
634,spring water,1,smoothies,3,奶昔,1
637,milkshake,1,kombucha,1,infusion,2
640,herbal infusions,1,facilites,1,facilities,4
643,pedicure,1,gaily,1,elderflower,1
646,lemon balm,1,balm,3,olive oil,1
649,virgin,2,extra virgin olive oil,1,canola,1
652,canola oil,1,peanut oil,1,soybean oil,1
655,soy oil,1,soya oil,1,soya,1
658,soy,5,soybean,1,investment,2
661,investigate,1,investigation,2,sesame,2
664,sesame oil,2,avocado oil,1,avocado,2
667,牛油果,1,corn oil,1,grapessed,1
670,grapeseed,1,table salt,2,sea salt,1
673,fine sea salt,1,coarse sea salt,1,kosher salt,1
676,himalayan,1,pink salt,1,flake,1
679,flaker,1,flanker,1,flake salt,1
682,maldon,1,seasoned,1,seasoned salt,1
685,sauces,3,soy,5,soy sauce,3
688,tamari,1,fish sauce,2,oyster,3
691,oyster sauce,2,hoisin,1,hoisin sauce,1
694,tabasco,2,teriyaki sauce,2,teriyaki,1
697,vinegars,1,sour wine,1,malt,3
700,salad dressing,1,vinegar,3,herb,2
703,flavouring,1,flavour,1,balsamic,2
706,pomade,1,balm,3,balsam,1
709,sesame oil,2,balsamic,2,balsamic vinegar,1
712,rice vinegar,1,apple cider vinegar,1,apple cider,1
715,cider,4,white vinegar,1,distilled vinegar,1
718,alcohols,1,shaoxing wine,1,white wine,1
721,red wine,2,condiments,3,granulated,1
724,granulate,1,granulated sugar,1,brown sugar,1
727,maple syrup,1,syrup,5,molasses,1
730,honey,1,MSG,1,monosodium glutamate,1
733,monosodium,1,glutamate,1,bouillon,2
736,chicken bouillon,2,bouillon,2,chicken couillon,1
739,chicken bouillon,2,stock,2,chicken stock cubes,1
742,chicken powder,1,beef bouillon,1,garlic powder,1
745,paprika,1,cayenne pepper,1,cayenne,1
748,curry,3,curry powder,1,five-spice powder,1
751,chili,5,chili powder,4,herbs,2
754,thyme,1,rosemary,1,basil,3
757,oregano,1,parsley,2,spices,1
760,anise,1,star anise,2,fennel,1
763,fennel seeds,1,basil,3,dried basil,1
766,cardamom,1,white cardamom,1,cinnamon,4
769,ground cinnamon,1,cinnamon sticks,1,black pepper,1
772,peppercorns,3,mustard seeds,1,prepared mustard,1
775,cloves,3,ginger,9,fresh ginger,1
778,ground ginger,1,gree onions,1,green onions,1
781,cilantro,3,coriander,1,parsley,2
784,Chinese Parsley,1,scallions,2,spring onion,1
787,white pepper,1,ground white pepper,1,ground black pepper,1
790,peppercorns,3,Flower Pepper,1,Chinese Flower Pepper,2
793,Chinese Flower Pepper,2,Sichuan Peppercorns,1,Lemongrass,1
796,Freash,1,Fresh Lemongrass,2,Fresh Lemongrass,2
799,cumin,1,cumin seeds,1,ground cumin,1
802,chili,5,chili powder,4,grass nutmeg,2
805,nutmeg,2,grass nutmeg,2,Kwao Krueang,1
808,bay,1,bay leaves,1,laurel,1
811,laurel leaves,1,coriander seeds,1,turmeric,3
814,fenugreek,1,allspice,1,mace,1
817,poppy,2,poppy seeds,1,sumac,1
820,asafoetida,1,asafetida,1,tamarind,2
823,caraway,1,juniper,2,berries,3
826,amchur,1,mango,1,galangal,1
829,officinarum,1,alpinia,1,ginger,9
832,saffron,3,macronutrients,2,macronutrient,1
835,micronutrients,2,micronutrient,1,protein,2
838,carbohydrates,2,saturated,1,saturated fats,2
841,unsaturated fats,2,unsaturated,1,trans fats,2
844,vitamins,1,B Vitamins,1,floate,1
847,folate,1,Thiamin,1,Riboflaviin,1
850,Riboflavin,1,Niachin,1,Niacin,1
853,Pantothenic,1,Pantothenic Acid,1,Biotin,1
856,Folate,1,Calcium,1,Magnesium,1
859,Phosphorus,1,Potassium,1,Zinc,1
862,Sodium,1,Iodine,1,Selenium,1
865,Fluoride,1,Dietart,1,dietary,1
868,dietary fiber,1,soluble fiber,1,soluble,1
871,dissolve,1,insoluble,1,antioxidants,1
874,polyphenols,1,flavonoids,1,fatty,1
877,fatty acid,3,ALA,1,probiotics,2
880,prebiotics,2,cholesterol,2,nutrition,2
883,nutrition facts,1,daily value,1,bars,1
886,hershey,1,cadbury,1,truffles,1
889,melanosporum,2,melanosporum,2,almonds,3
892,pretzel,1,kettle,4,french freis,1
895,french fries,2,oil or fat,1,sweet potato,2
898,kettle cooked,1,plantain,2,tropical,3
901,musaceous,1,stem,2,ski,1
904,tortilla,3,salsa,3,guacamole,3
907,tortilla chips,1,tortilla,3,corn,4
910,maize,1,wafers,1,crisp,1
913,biscuit,2,graham,1,graham crackers,1
916,crackers,2,cracker,1,crack,2
919,shortbread,1,shortbread cookies,2,shortbread cookies,2
922,macaroons,1,macaroon,1,马卡龙,1
925,macaron,1,Lu Wafers,1,Sha Qima,2
928,Sha Qima,2,senbei,1,Rice Cracker,1
931,seaweed,2,海苔,1,sedge,2
934,seaweed sheets,2,seaweed sheets,2,nori,1
937,laver,1,lazer,1,dried fruit snacks,2
940,dried fruit snacks,2,papaya,2,preserved plums,2
943,preserved plums,2,plum,4,umibozu,1
946,red bean paste,1,mung bean,1,mung,1
949,mung bean paster,1,mung bean paste,1,green bean paste,1
952,taiyaki,1,gyudon,2,mochi,1
955,crispy,3,crispy rice,1,krispies,1
958,rice krispies,1,guoba,1,crust,6
961,fried rice crust,2,fried rice crust,2,cauliflower,2
964,popcorn,2,jerky,1,laotiao,1
967,snacks,2,granola,2,beef jerky,1
970,fruit leather,1,puffs,1,cheese puffs,1
973,pots,1,pot,2,pans,1
976,pots and pans,1,frying,1,frying pan,2
979,saute,1,saute pan,1,skillet,2
982,wok,2,stock pot,2,saucepan,1
985,doutch,1,coutch,1,dutch,4
988,dutch oven,3,pressure cooker,1,steamer,2
991,grill pan,1,deep fryer,1,fryer,1
994,roasting pan,1,roasting,1,boiler,1
997,double boiler,1,tableware,3,rice spatula,1
1000,spatula,2,blade,1,incisive,1
1003,poignant,1,nipping,1,nipple,1
1006,trenchant,1,chopsticks,3,serving spoon,1
1009,spoon,3,fork,2,knife,1
1012,soup spoon,1,teaspoon,1,kitchen tools,1
1015,slotted,1,slotted spoon,1,turner,2
1018,spatula,2,tongs,2,whisk,1
1021,measuring cups,1,measuring spoons,1,peel,1
1024,peeler,1,grater,1,colander,1
1027,mixing bowls,1,cutting board,1,rolling pin,2
1030,shears,2,can opener,1,jar opener,1
1033,garlic press,1,zester,1,basting brush,1
1036,basting,1,baste,1,brush,2
1039,scoop,1,masher,1,potato masher,1
1042,baking sheet,1,broil,1,barbeue,1
1045,gill,1,grill,3,bbq grill,2
1048,bbq grill,2,propane,2,utensils,2
1051,cooking utensils,3,cooking utensils,3,muffin,1
1054,muffin head,2,muffin head,2,muffin tin,1
1057,tin,2,loaf,3,loaf pan,1
1060,springform,1,springform pan,1,pie dish,1
1063,rolling pin,2,pastry cutter,1,cooling rack,1
1066,rack,3,inigredients,1,ingredients,4
1069,gredient,1,gredients,1,gradient,2
1072,grad,1,ovens,1,gills,1
1075,grills,1,conventional oven,1,toaster,2
1078,toaster oven,1,air fryer,1,rotisserie,1
1081,instant pot,1,instant noodles,1,pots noodles,1
1084,dominant,2,balcony,4,personal care,1
1087,toothpicks,1,dental,2,dental floss,2
1090,toothbrush,1,toothpaste,1,mouthwash,1
1093,shower gel,1,gel,2,body wash,1
1096,cleanser,1,facial cleanser,1,moisturizer,1
1099,sunscreen,2,deodorant,1,hair shampoo,1
1102,shampoo,1,conditioner,1,hair conditioner,1
1105,hair gel,1,hair spray,1,spray,2
1108,razors,1,razor blades,1,feminine,1
1111,hygiene,2,sanitary,1,sanitary pads,1
1114,tampons,1,absorb,1,menstruation,1
1117,ferminine hygiene products,1,contact,1,contact lens,1
1120,lens,1,lamp,1,glasses,1
1123,spectacles,1,sunglasses,1,convex lens,1
1126,burning glass,1,concave lens,1,diverging,1
1129,cleaning dupplies,1,cleaning supplies,1,toilet paper,1
1132,paper towels,1,lawn bags,1,lawn,1
1135,leaf bags,1,linen,2,cotton,2
1138,fabric,2,disinfectant,3,disinfectant wipes,1
1141,all purpose cleaner,2,all purpose cleaner,2,glass cleaner,1
1144,bathroom cleaner,1,floor cleaner,1,dish soap,1
1147,dish,2,soap,2,soup,3
1150,laundry,3,detergent,2,laundry detergent,2
1153,fabric softener,2,bleach,2,disinfector,1
1156,compound,2,sanitizing,1,sanitizing compound,1
1159,disinfectant,3,infectant,1,infectivity,1
1162,infector,1,sponges,1,scrub,1
1165,scrub brushes,1,mop and bucket,1,mop,3
1168,bucket,1,broom,2,dustpan,2
1171,gloves,2,rubber,2,latex,1
1174,rubber glovers,1,rubber gloves,1,latex gloves,1
1177,spray bottle,1,bottle,1,household,3
1180,household items,1,benches,1,curtains,2
1183,bedding,2,sheets,1,blankets,2
1186,pillow,4,hangers,1,hooks,1
1189,cords,1,extensiion cords,1,extension cords,1
1192,wall outlets,1,receptacles,1,outlets,1
1195,power strips,1,strips,1,surge,2
1198,surge protectors,1,light bulbs,1,LED,1
1201,batteries,1,tape,2,scotch tape,1
1204,masking tape,1,scotch,2,adhesive,3
1207,nails,1,screws,1,hammer,3
1210,measuring tape,2,toolbox,2,ironing board,2
1213,iron board,1,vacuum cleaner,2,air fresheners,1
1216,fresheners,1,plates,2,cups,1
1219,cutlery,1,forks,1,knives,1
1222,spoons,1,utensils,2,cooking utensils,3
1225,spatulas,1,whisks,1,tongs,2
1228,microwave-safe containers,2,microwave-safe containers,2,racks,1
1231,cooling racks,1,toilet seat covers,1,bath mats,1
1234,mats,1,shower curtain,1,hand towels,1
1237,bath towels,1,tower,1,towel,3
1240,brush,2,toilet brush,1,soap,2
1243,dispenser,1,soap dispenser,1,office supplies,1
1246,staplers,1,paper clips,1,folders,1
1249,binders,1,printer paper,1,ink cartridges,1
1252,cartridges,1,cartridge,2,ballpoint,1
1255,ballpoint pens,1,fountain,1,fountain pens,1
1258,gel pens,1,rollerball pens,1,wooden pencils,1
1261,mechanical pencils,1,mechanical,1,highlighters,1
1264,permanent,2,permanent markers,1,dry-erase,1
1267,dry-erase markers,1,penceil erasers,1,pencil erasers,1
1270,penecil,1,correction tape,1,correction fluid,1
1273,spiral,2,spiral notebooks,1,composition,1
1276,composition books,1,journals,1,planners,1
1279,sketch,1,sketchbooks,1,copying paper,1
1282,printed paper,1,cardstock,1,watercolor,1
1285,watercolor paints,1,paints,1,crayons,1
1288,colored pencils,1,pastels,1,oil pastels,1
1291,brushes,1,watercolor brushes,1,acrylic,2
1294,acrylic brushes,2,acrylic brushes,2,palette,1
1297,drawing pads,1,canvas,3,edge ruler,1
1300,flexible ruler,1,straight edge rulers,1,flexible rulers,1
1303,protractor,1,compass,2,divider tabs,1
1306,divider,1,accessories,3,accessory,2
1309,pen ink,1,black ink,1,red ink,1
1312,carbon ink,1,refillable pen,1,ink bottles,1
1315,calligraphy,1,handwriting supplies,1,dip pens,1
1318,felt tip pens,1,writting bush,1,writting brush,2
1321,writting brush,2,Chinese brush,1,brush pen,1
1324,calligraphy ink,1,practice sheets,1,post-it,1
1327,label makers,1,scissors,2,hole punch,1
1330,transparent tape,1,glue stick,1,noun,2
1333,drag abuse,1,drug abuse,1,cannabis,1
1336,heroin,1,morphine,2,opium,1
1339,cocaine,1,dolantin,1,MDMA,2
1342,crystal methamphetamine,1,methamphetamine,2,caffeine,2
1345,ketamine,1,marijuana,1,boo,1
1348,cheeba,1,pot,2,hemp,2
1351,hashins,1,hashish,1,jay smoke,1
1354,pothead,1,pot smoker,1,grasshopper,3
1357,reefer,1,skag,1,skag jones,1
1360,jones,1,LSD,1,lysergic acid diethylamide,1
1363,pusher,1,bagman,1,chiba,1
1366,chiba shop,1,acetorphine,1,narcotine,1
1369,pep pill,1,amphetamine,1,ecstasy,1
1372,MDMA,2,stimulant,1,sedative,1
1375,nicotine,1,drug lords,1,narcotics,1
1378,anti-narcotics,1,bureau,4,narcotics control bureau,1
1381,anti-narcotics police,1,rings,1,cartels,1
1384,drug trafficking rings,1,drug trafficking cartels,1,drug rehabilitation center,1
1387,rehabilitation,3,rehab center,1,addict,1
1390,addiction,1,drug smuggler,1,mules,1
1393,drug mules,1,drug trafficker,1,methamphetamine hydrochloride,1
1396,hydrochloride,2,methamphetamine,2,nitrous,1
1399,nitrous oxide,1,thrive,1,emit,1
1402,anesthesia,1,inhaling,1,laughing gas,1
1405,Herrenrasse,2,Herrenrasse,2,Untermensch,1
1408,locust,1,mosquitoes,2,crocodiles,1
1411,guyana,1,parasites,1,luminary,3
1414,Oryon,1,Zack,1,fungus,2
1417,imperious,1,appeal,2,food allergens,1
1420,peanuts,2,tree nuts,1,gluten,3
1423,walnuts,2,almonds,3,pistachios,2
1426,macadamias,1,hazelnuts,2,preservatives,1
1429,cashews,2,shellfish,1,shrimp,4
1432,crab,2,lobster,3,tuna,4
1435,salmon,3,gluten,3,sulphites,1
1438,cellulose,1,lignin,1,nitrites,1
1441,pregnance,1,pregnancy,3,pregant,1
1444,pregnant,2,conceive,2,conception,2
1447,gestation,2,lupin,1,allergens,1
1450,mites,2,dust mites,1,dander,1
1453,cat dander,2,cat dander,2,dog dander,1
1456,cat hair,1,dog hair,1,pollen,1
1459,weed,1,weed pollen,2,weed pollen,2
1462,spores,1,mold,1,mold spores,1
1465,cockroach,2,particles,1,electron,2
1468,proton,3,medication,1,penicillin,3
1471,aspirin,5,ibuprofen,4,antibiotics,4
1474,sulfa drug,1,anesthetics,1,lidocaine,1
1477,insulin,3,chemotherapy,1,radiotherapy,1
1480,therapy,2,grief,1,insect,1
1483,beetles,2,dice,1,glucose,2
1486,dextrose,2,dextrose,2,electrolyte,2
1489,lithium-ion,1,solvent,1,polar sovent,1
1492,polar solvent,1,deposition,2,vacuum deposition,1
1495,inorganic,2,inorganic acid,1,organic acid,1
1498,polyanion,1,polycation,1,cation,1
1501,cationic,1,anionic,1,anion,1
1504,insection,1,inseption,1,inception,1
1507,bee stings,1,wasp stings,1,wasp,2
1510,formaldehyde,2,perfumes,3,fragrances,1
1513,shrubby,1,shrubby plant,1,nickel,3
1516,chromium,3,cobalt,4,epinephrine,2
1519,epinephrine auto-injector,1,cold,1,common cold,1
1522,influenza,1,flu,1,asthma,2
1525,allergies,2,rhinitis,1,nasitis,1
1528,naso-ocular,1,ocular,1,prescription,1
1531,nasal sprays,1,allergic rhinitis,1,eczema,4
1534,AR,1,deviated septum,1,nasal septum,1
1537,septum,1,deviated,1,deviate,1
1540,rectifying,1,inferior,1,convenient,1
1543,conventional,5,inferiority,2,superiority,2
1546,confidence,2,urticaria,1,hives,1
1549,acute,3,acute urticaria,1,chronic,2
1552,autoimmune,1,immune,1,clinical,3
1555,cholinergic,1,cholinergic ueticaria,2,cholinergic ueticaria,2
1558,cholinergic urticaria,1,hypothesis,2,hypertension,2
1561,hypotension,2,systemic,3,diabetes,2
1564,coronary,1,artery,2,coronary artery disease,1
1567,heart failure,1,stroke,1,arthritis,2
1570,osteoarthritis,1,rheumatoid,1,rheumatoid arthritis,1
1573,arthrosynovitis,1,migraine,3,depression,2
1576,anxiety disorder,1,disorder,1,COPD,1
1579,chronic,2,obstructive,1,obstruct,1
1582,pulmonary,1,bronchitis,2,pneumonia,2
1585,GERD,1,IBS,1,irritable,1
1588,reflux,1,bowel,1,syndrome,2
1591,thyroid,2,hypothyroidism,1,hyerthyroidism,1
1594,hyperthyroidism,1,kidney,3,kidey,1
1597,kindey,2,essence,2,POF,1
1600,tonifying,1,curative,1,kidney stones,1
1603,liver disease,1,hepatitis,1,HAV,1
1606,HBV,1,HCV,1,vaccine,1
1609,swine-flu,1,bird flu,1,cirrhosis,1
1612,obesity,1,psoriasis,1,acne,2
1615,cancer,1,breast cancer,1,prostate,2
1618,prostate cancer,1,amoxicillin,4,azithromycin,2
1621,cephalexin,2,clindamycin,1,vancomycin,2
1624,relievers,1,pain relievers,2,acetaminophen,3
1627,ototoxicity,1,toto,1,salicylate,1
1630,aspirin,5,salicylic acid,1,nicotinylsalicylic acid,1
1633,salicin,1,citric,1,citric acid,2
1636,salicin acid,1,acetosalicylic acid,2,acetosalicylic acid,2
1639,acetylsalicylic acid,3,acetylsalicylic acid,3,ibuprofen,4
1642,naproxen,1,antihistamines,1,histamine,3
1645,loratadine,1,claritin,1,cetirizine,2
1648,fexofenadine,1,antidepressants,1,fluoxetinie,1
1651,fluoxetine,1,sertraline,1,escitalopram,1
1654,diabetes medications,1,metformin,1,insulin,3
1657,glipizide,1,cardiovascular,1,cardiovascular medications,2
1660,cardiovascular medications,2,atorvastatin,1,amlodipine,1
1663,lisinopril,1,respiratory medications,2,respiratory medications,2
1666,respiratory,3,gastrointestinal,1,intestinal,1
1669,gastral,1,stomach,2,gastrointestinal medications,2
1672,gastrointestinal medications,2,omeprazole,1,simuth,1
1675,bismuth,2,subsalicylate,1,bismuth subsalicylate,1
1678,aspirin,5,acetylsalicylic acid,3,acetylsalicylic,1
1681,hydrocortisone,1,lozenges,2,zinc lozenges,1
1684,USFDA,1,FBI,1,bureau,4
1687,federal,1,cefixime,3,capsules,1
1690,cefixime capsules,1,aucklan,1,berberine,2
1693,tablets,1,aucklan dia,1,compound aucklan dia and,1
1696,Colloquial,2,Colloquial Expressions,1,Academic Terminology,1
1699,terminology,3,pillow,4,sheet,1
1702,comforter,3,quilt,2,duvet,2
1705,pillowcase,2,bed sheet,2,fitted sheet,1
1708,bed cover,1,pillow towel,1,towel,3
1711,throw,2,bolster,1,curtain,2
1714,towel blanket,1,quilt cover,1,bedspread,2
1717,mattress,3,alkali,2,alkali metal,2
1720,alkaline,2,alkaline earth metal,2,hydrogen,2
1723,helium,1,lithium,1,beryllium,1
1726,boron,1,carbon,1,nitrogen,2
1729,oxygen,2,fluorine,1,neon,1
1732,sodium,2,magnesium,1,natron,1
1735,aluminium,2,silicon,1,flint,2
1738,phosphorus,2,sulfur,3,chlorine,2
1741,argon,1,potassium,3,calcium,1
1744,scandium,1,titanium,1,vanadium,1
1747,chromium,3,manganese,2,iron,2
1750,ferrum,2,cobalt,4,nickel,3
1753,copper,1,cuprum,1,zinc,1
1756,gallium,1,germanium,1,arsenic,2
1759,selenium,3,bromine,1,krypton,1
1762,rubidium,1,strontium,1,yttrium,1
1765,zirconium,1,niobium,1,molybdenum,2
1768,technetium,1,ruthenium,1,rhodium,1
1771,palladium,1,silver,1,argentum,1
1774,cadmium,1,indium,1,tin,2
1777,antimony,1,stibium,1,tellurium,1
1780,iodine,2,xenon,1,caesium,1
1783,barium,1,lanthanum,1,cerium,1
1786,praseodymium,1,neodymium,1,promethium,1
1789,samarium,1,europium,1,gadolinium,1
1792,terbium,1,dysprosium,1,holmium,1
1795,erbium,1,thulium,1,ytterbium,1
1798,lutetium,1,hafnium,1,tantalum,1
1801,tungsten,1,wolframite,1,rhenium,1
1804,rhine,1,osmium,1,iridium,1
1807,platinum,2,plata,1,platina,1
1810,gold,1,aurum,1,mercury,2
1813,thallium,1,twig,1,lead,1
1816,plumbum,1,bismuth,2,polonium,1
1819,polonia,1,poland,1,discoverer,1
1822,Marie Curie,2,astatine,1,isotopes,1
1825,radon,1,emanation,1,francium,1
1828,marguerite perey,1,radium,1,radius,1
1831,ray,2,acinium,1,actinium,1
1834,thorium,1,protactinium,1,uranium,1
1837,uranus,1,neptunium,1,neptune,1
1840,plutonium,1,pluto,1,americium,1
1843,curium,1,berkelium,1,califonium,1
1846,californium,1,einsteinium,1,fermium,2
1849,mendelevium,1,dmitri mendeleev,1,albert einsein,1
1852,albert einstein,1,vice versa,2,fermium,2
1855,Enrico Fermi,2,neutrino,3,nobelium,1
1858,alfred nobel,1,lawrencium,1,Ernest Lawrence,1
1861,rutherfordium,1,dubnium,1,seaborgium,1
1864,bohrium,1,hassium,1,meitnerium,1
1867,darmstadtium,1,roentgenium,1,copernicium,1
1870,nihonium,1,flerovium,1,moscovium,1
1873,livermorium,1,tennessine,1,tennessee,1
1876,oganession,1,oganesson,1,alkali,2
1879,alkaline,2,alkali metal,2,alkaline earth metal,2
1882,transition metal,1,main group elements,1,lanthanides,1
1885,actinides,1,common compounds,2,common compounds,2
1888,table salt,2,vinegar,3,baking soda,1
1891,washing soda,1,sodium,2,sodium bicarbonate,2
1894,bicarbonate,1,carbonate,3,sodium carbonate,2
1897,ammonia,1,citric acid,2,lemon juice,1
1900,carbon dioxide,1,dioxide,1,calcium carbonate,1
1903,hydrogen peroxide,1,peroxide,1,fatty acid,3
1906,fatty acid salts,1,ethanol,2,alcohol,1
1909,methanol,2,propan,1,isopropanol,1
1912,propanol,1,sodium hypochlorite,1,hypochlorite,1
1915,bleach,2,glucose,2,fructose,1
1918,sucrose,1,lactose,2,proteins,1
1921,fats,2,ascorbic,1,ascorbic acid,1
1924,nicotinic acid,1,nicotinic,1,oxygen,2
1927,nitrogen,2,hydrogen,2,methane,3
1930,sulfur dioxide,1,nitrogen dioxide,1,ozone,2
1933,aspirin,5,ibuprofen,4,paracetamol,1
1936,acetaminophen,3,insulin,3,antibiotics,4
1939,penicillin,3,tetracycline,1,amoxicillin,4
1942,cephalexin,2,cefuroxime,1,cefaclor,1
1945,cefixime,3,cefpodoxime,1,straptomycin,3
1948,straptomycin,3,straptomycin,3,tobramycin,2
1951,kanamycin,1,ciprofloxacin,1,norfloxacin,1
1954,lomefloxacin,1,levofloxacin,2,gatifloxacin,1
1957,erythromycin,2,clarithromycin,1,azithromycin,2
1960,vancomycin,2,chloramphenicol,2,metronidazole,1
1963,amoxicillin,4,sulconazole,1,roxithromicin,1
1966,Levofloxacin,1,quinine,3,quinine sulfate,1
1969,Quinine bimuriate,1,quinine HCL,1,sulfate,1
1972,chloroquine,1,artemisinin,1,artemisia,2
1975,annua,1,Dihydroartemisinin,1,cholesterol,2
1978,sulfuric acid,1,nitric acid,1,sulfuric,1
1981,nitric,1,hydrochloric,1,hydrochloric acid,1
1984,phosphoric,1,phosphoric acid,1,potassium,3
1987,permanganate,1,potassium permanganate,1,hydroxide,1
1990,calcium hydroxide,1,magnesium sulfate,1,epson salt,1
1993,epsom salt,1,iron oxide,1,titanium dioxide,1
1996,silicon dioxide,1,inorganic,2,organic,2
1999,ethylene,2,propylene,2,polystyrene,1
2002,polyethylene,1,polypropylene,2,polyvinyl,1
2005,polyvinyl chloride,1,chloride,1,formaldehyde,2
2008,acetone,1,benzene,2,naphthalene,2
2011,naphthalene,2,camphor,2,mothball,1
2014,organic compounds,1,inorganic compounds,1,calcium chloride,1
2017,magnesium chloride,1,sodium fluoride,1,calcium fluoride,1
2020,iron Chloride,1,aluminum,1,aluminium,2
2023,aluminum sulfate,1,barium sulfate,1,sodium chloride,1
2026,potassium chloride,1,fertillizer,2,fertilizer,3
2029,chemical fertilizer,1,barn,2,silver nitrate,1
2032,ammonium nitrate,2,potassium nitrate,1,dynamite,1
2035,Detonation,1,Deflagration,1,primary explosives,1
2038,tertiary explosives,1,tertiary,1,Trinitrotoluene,1
2041,TNT,2,hexogen,1,RDX,2
2044,cyclotrimethylenetrinitramine,1,C4,1,TNP,2
2047,Nitroglycerin,1,lead iodide,1,mercury choloride,1
2050,mercury chloride,1,cinnabar,2,ethiopsite,1
2053,mercury sulfide,1,oxides,1,hydroxides,1
2056,halides,1,acetic,1,acetic acid,1
2059,perchloric acid,1,boric acid,1,hydrofluoric,1
2062,hydrofluoric acid,1,bases,1,alkalies,1
2065,aldehydes,1,sodium bicarbonate,2,sodium carbonate,2
2068,chlorine,2,sodium silicate,2,silicate,2
2071,manganese dioxide,1,valentine,1,valentine's day,1
2074,April Fool's Day,1,easter,1,independence day,1
2077,labor,3,labor day,1,劳动节,1
2080,International Workers' Day,1,halloween,1,thanksgiving,1
2083,christmas,1,boxing day,1,lantern,1
2086,latern festival,1,lantern festival,1,qingming festival,1
2089,dragon boat festival,1,qixi festival,1,mid-autumn festival,1
2092,chongyang festival,1,Chinese Valentine's Day,1,laba festival,1
2095,New Year's Eve,1,eve,1,ava,1
2098,ovo,1,hanukkah,1,diwali,1
2101,ramadan,1,Ramadan and Eid al-Fitr,1,Memorial,1
2104,Memorial day,1,Veteran,1,Veterans Day,1
2107,warfare,2,land warfare,1,Land Warfare Equipment,2
2110,Land Warfare Equipment,2,tank,2,M1 Abrams,1
2113,Abrams,1,armored,1,armored personnel carrier,1
2116,personnel,2,APC,1,Bradley,1
2119,infantry,3,IFV,1,artillery,3
2122,self-propelled,1,propelled,2,howitzer,1
2125,self-propelled howitzer,1,towed,1,towed artillery,1
2128,rocket launcher,1,RPG,3,ATGM,1
2131,guided missile,1,javelin,2,mine,1
2134,anti-personnel mines,1,anti-tank mines,1,grenade,2
2137,fragmentation,2,fragmentation grenade,1,hand grenade,1
2140,crossbow,1,bow and arrow,1,spear,1
2143,air warfare,1,air warfare equipment,1,fighter aircraft,1
2146,interceptor,1,helicopter,2,apache,2
2149,black hawk,1,transport aircraft,1,hercules,2
2152,globemaster,1,reconnaissance,1,reconnoissance,1
2155,reconnoissance aircraft,1,reconnaissance aircraft,1,UAV,2
2158,blackbird,2,SR-71,1,SU-27,1
2161,unmanned,1,aerial,1,aerial vehicle,1
2164,reaper,1,naval warfare,1,naval warfare equipment,1
2167,submarine,1,destroyer,1,arleigh,1
2170,arleigh burke,1,aircraft carrier,1,nimitz,1
2173,cruiser,1,ticonderoga,1,battleship,1
2176,frigate,1,littoral,1,littoral combat ship,1
2179,ammunition,2,rifle,1,carbine,1
2182,AK-47,1,Avtomat Kalashnikova,2,Kalashnikov,2
2185,Kalashnikov,2,Avtomat Kalashnikova,2,Mikhail Kalashnikov,1
2188,soviet,1,Bolsheviks,1,pistol,1
2191,beretta,1,glock,1,browing,1
2194,browings,1,bullet,1,NATO,2
2197,atlantic,1,treaty,2,shell,1
2200,high explosive shell,1,srmor-piercing shell,1,armor-piercing shell,1
2203,HE shell,1,AP shell,1,piercing,1
2206,tomanhawk,1,tomahawk,1,cruise,3
2209,cruise missile,1,ballistic,2,intercontinental,2
2212,intercontinental,2,intercontinental ballistic missile,1,hypersonic,2
2215,hypersonic,2,hypersonic cruise missile,1,Hypersonic Cruise Missile,1
2218,Hypersonic Glide Vehicle,1,glide,1,glide vehicle,1
2221,patriot,1,patriot missile,1,grenade,2
2224,RPG,3,Rocket Propelled Grenade,1,propelled,2
2227,Individual Soldier,1,Individual Soldier Equipment,1,goggles,3
2230,Night Vision Goggles,1,Infrared,1,ultraviolet,2
2233,Deep UV,1,EUV,1,gamma ray,1
2236,gamma ray burst,1,infrared,2,infrared camera,1
2239,Red Dot Sight,1,Holographic,1,Holographic Weapon Sight,1
2242,Iron Sights,1,Sniper Scope,1,sniper,1
2245,Magazine,1,Cartridge,1,Body Armor,1
2248,Intercept,1,helmet,1,Advanced Combat Helmet,1
2251,Combat Knife,1,kukri,1,radios,1
2254,ratios,1,drones,2,UAV,2
2257,Satellite Communication,1,Biological Protection Gear,1,Chemical Protection Gear,1
2260,Electro-Optical Targeting System,1,EOTS,1,Electro-Optical Distributed Aperture System,1
2263,EODAS,2,EODAS,2,aperture,1
2266,optical,2,IR,1,IR Sensor,1
2269,cruise,3,Lockheed Martin,1,military,1
2272,army,1,army^ navy^ air force,1,corps,1
2275,infantry,3,cavalry,2,armor,1
2278,armored corps,2,armored corps,2,artillery,3
2281,military polic,1,military police,1,signal corps,1
2284,logistics,3,medical corps,1,special forces,1
2287,combat support,1,surface warfare,1,submarine warfare,1
2290,naval aviation,1,naval special warfare,1,naval,1
2293,warfare,2,marine corps,1,marine,5
2296,supply corps,2,supply corps,2,engineering corps,1
2299,intelligence,1,pilots,1,maintenance,2
2302,maintenance crew,1,crew,2,ATC,1
2305,ground support,1,evacuation,1,medical evacuation,1
2308,cyber warfare,1,intelligence analysts,1,logistics,3
2311,chaplain,1,priest,1,pastor,1
2314,clergyman,1,parson,1,minister,3
2317,cosy time,1,cozy time,1,affair,2
2320,public affairs officer,1,legal officers,1,administrative personnel,1
2323,administrative,1,personnel,2,recruiters,1
2326,recruite,1,recruit,2,recruitment,1
2329,instructors,1,staff officers,1,specialist,1
2332,corporal,1,sergeant,2,staff sergeant,1
2335,master sergeant,1,warrant,1,warrant officer,1
2338,lieutenant,3,second lieutenant,1,first lieutenant,1
2341,captain,1,major,1,colonel,2
2344,lieutenant colonel,1,brigadier,2,brigadier general,1
2347,major general,1,lieutenant general,1,general,2
2350,recruit,2,seaman,2,apprentice,1
2353,seaman recruit,3,seaman recruit,3,seaman recruit,3
2356,seaman apprentice,1,petty,1,petty officer,1
2359,ensign,1,lieutenant,3,commander,1
2362,admiral,1,vice admiral,1,fleet,1
2365,fleet admiral,1,sergeant,2,lieutenant,3
2368,colonel,2,brigadier,2,general,2
2371,entailment,3,condradiction,1,neutral,2
2374,entailment,3,contradiction,1,neutral,2
2377,Cat Fanciers Association,1,fanciers,1,Cat Aficionado Association,1
2380,Dragon Li,2,Dragon Li,2,breed,3
2383,domestic cat,1,domestic,2,Chinese Li Hua,1
2386,leopard cat,2,leopard,1,panther,1
2389,Principal,2,vice,2,vice,2
2392,vice versa,2,versa,1,vice principal,1
2395,grade level,1,kindergarten,1,garten,1
2398,kinder,1,kindey,2,homeroom teacher,1
2401,curriculum,1,lesson plan,1,textbook,1
2404,workbook,1,assignment,1,project,1
2407,field trip,2,field trip,2,investigation,2
2410,grades,1,assessment,1,grades and assessment,1
2413,report card,1,standardized test,1,benchmark assessment,2
2416,benchmark assessment,2,formatice,1,formative,1
2419,formatice assessment,1,summative,1,summative assessment,1
2422,calendar,1,school year,1,semester,1
2425,trimester,1,holiday,1,summer break,1
2428,winter break,1,spring break,1,back-to-school night,1
2431,parent-teacher conference,1,assembly,1,special education,1
2434,IEP,1,Individualized,1,Individualized Education Program,1
2437,ELS,1,ESL,1,English as a Second,1
2440,counselor,3,resource room,1,extracurricular,1
2443,curricular,2,extracurricular activites,2,extracurricular activites,2
2446,recess,2,recess,2,physical education,1
2449,after-school programs,1,educational stages,1,pedagogy,1
2452,aesthetics,1,middle school,1,junior high school,1
2455,high school,1,transition,1,transmission,1
2458,admissions and examinations,1,admissions,1,promotion,3
2461,graduation,1,GPA,1,grade point average,1
2464,PSAT,1,SAT,1,ACT,1
2467,GMAT,1,GRE,1,TOEFL,2
2470,IELTS,2,college entrance exam,1,advanced placement exams,2
2473,advanced placement exams,2,honor classes,2,dual entollment,1
2476,dual enrollment,1,enrollment,2,subjects and courses,1
2479,毕竟,1,pharaohs,1,mummy,1
2482,Tutankhamum,1,Tutankhamun,1,pyramid,1
2485,sphinx,3,egypt,1,enrollment,2
2488,mathematics,1,algebra,2,geometry,1
2491,trigonometry,1,calculus,2,differential,1
2494,differential equation,1,partial differential equation,1,partial,1
2497,higher mathematics,1,integral,1,convergence,1
2500,divergence,3,cartesian,1,divergent series,1
2503,substitution,1,rationalizing substitution,1,covergent series,1
2506,convergent series,1,harmonic,3,harmonic series,1
2509,abscissa,1,ordinate,1,monotonic,1
2512,acute,3,acute angle,1,right angle,1
2515,obtuse,1,obtuse angle,1,adjacent,1
2518,analytic geometry,1,angle bisector,1,angle of depression,1
2521,angle of elevation,1,angular momentum,2,angular velocity,1
2524,arithmetic mean,1,arithmetic progression,1,progression,1
2527,arithmetic sequence,1,arithmetic series,1,assumption,1
2530,hypothesis,2,asymptote,2,axiom,2
2533,parabola,2,hyperbola,3,ellipse,1
2536,conical,1,conical section,1,common divisor,1
2539,common factor,1,compasses,1,compass,2
2542,concurrent,1,concyclic,1,congruent,1
2545,conjecture,3,conjugate,1,conservation of energy,1
2548,conservation,2,conservation of momentum,1,coordinate geometry,1
2551,Greek alphabet,1,alpha,1,beta,1
2554,gamma,1,delta,2,epsilon,1
2557,zeta,1,eta,1,theta,1
2560,lota,1,kappa,2,lambda,1
2563,lamda,1,mu,1,nu,1
2566,xi,1,omicron,1,pi,1
2569,phi,2,rho,1,sigma,1
2572,tau,1,upsilon,1,phi,2
2575,chi,1,psi,1,omega,1
2578,archaic,1,diacritics,1,ligatures,1
2581,orthography,1,romanizationi,1,romanization,1
2584,cyrillization,1,articulation,1,conventional,5
2587,transcript,3,transcriptions,1,latin,1
2590,gothic,1,coptic,1,cyrillic,1
2593,cyprus,1,hieroglyphs,2,sciense,1
2596,science,1,biology,2,chemistry,1
2599,physics,1,earth science,1,geography,1
2602,english language arts,1,literature,1,comprehension,1
2605,reading comprehension,1,social studies,1,civics,1
2608,economics,1,foreign languages,1,spanish,2
2611,mandarin,2,mandarin chinese,1,visual arts,1
2614,theater,3,cinima,1,cinema,2
2617,performance art,1,action art,1,conceptualism,1
2620,band and choir,1,choir,2,band,1
2623,electives,2,psychology,1,journalism,1
2626,film studies,1,letter grades,1,percentage grades,1
2629,final exam,1,midterm exam,1,quizzes,1
2632,portfolios,1,debate,1,debate club,1
2635,chess club,1,football and soccer,3,football and soccer,3
2638,football and soccer,3,rugby,1,american football,1
2641,student government,1,volunteer work,1,pioneer,1
2644,crack,2,crack divisions,2,crack divisions,2
2647,fulfillment,2,elite force,1,elite troops,1
2650,troop,1,pike units,2,pike units,2
2653,impetuous,1,gentry,1,pikes,1
2656,armour,1,yearbook,2,prom,2
2659,counselor,3,school counselor,1,parent-teacher collaboration,1
2662,cooperation,1,collaboration,1,corparation,1
2665,corporation,1,Co. Ltd,1,Company Limited,1
2668,Inc.,1,incorporated,1,appendix,2
2671,open hourse,1,open house,1,discipline,2
2674,categories,1,discipline categories,1,liberal arts,1
2677,science and engineering,1,agriculture,3,medicine,2
2680,STEM,1,Science^ Technology^ Engineering^ and,1,Bachelor's Degree,1
2683,Master's Degree,1,Doctoral Degree,1,bachelor,2
2686,BA and BS degree,1,Bachelor of Arts,1,Bachelor of Science,1
2689,Master of Arts,1,Master of Science,1,Doctor of Philosophy,1
2692,doctorate,1,Juris Doctor,1,juris,1
2695,Doctor of Medicine,1,philosopher,1,philosopher's stone,1
2698,alchemy,1,alchemist,1,transmuting,1
2701,Homunculus,1,alchemistry,1,withdraw,1
2704,withdrawal,2,droput,1,dropout,1
2707,completion,1,Attendance without Graduation,2,Attendance without Graduation,2
2710,attendance,1,workshop,1,seminar,1
2713,honor classes,2,honors program,1,scholarships,1
2716,fellowship,1,grant,2,institution,1
2719,institutional,1,Greek Life,1,brotherhood,1
2722,fraternity,1,sorority,1,Natural Sciences,1
2725,Social Sciences,1,Humanities,1,Applied Sciences,1
2728,interdisciplinary,2,disciplinary,1,academic subject,1
2731,Foundational Education,2,Foundational Education,2,Degree Conferral,1
2734,conferral,1,conferment,1,Curriculum,1
2737,core Curriculum,1,electives,2,major and minor,1
2740,thesis,1,graduation thesis,1,dissertatioin,1
2743,dissertation,3,Capstone,1,capstone project,1
2746,Comprehensive Exam,1,defense,1,Degree Application,2
2749,Degree Application,2,transcript,3,audit,2
2752,degree audit,1,angle,1,number of degrees,1
2755,commencement,1,commencement ceremony,1,grading system,1
2758,Numerical Grading System,2,Numerical Grading System,2,Objective Testing,1
2761,displacement,1,displacement assessment,2,displacement assessment,2
2764,distinction,1,merit,1,distinction^ merit and pass,1
2767,HND,1,diploma,1,cum laude,1
2770,magna cum laude,1,summa cum laude,1,astrophysics,1
2773,Dean,1,Dean's List,1,honor roll,1
2776,probation,1,dismissal,1,academic dismissal,1
2779,audit,2,incomplete,1,withdrawal,2
2782,withdrawn,1,credit,1,no credit,1
2785,get no credit in,1,transfer credits,1,baccalaureate,1
2788,Harvard Style Grading,2,Stanford Honor Code,2,Harvard Style Grading,2
2791,Stanford Honor Code,2,duke,2,marquess,2
2794,earl,3,viscount,2,baron,2
2797,nobility,2,broomstick,1,Hogwarts,1
2800,Hogsmedae,1,Hogsmeade,1,Golden Snitch,2
2803,Golden Snitch,2,Snitch,1,Quidditch,1
2806,Gryffindor,1,Ravenclaw,1,Hufflepuff,1
2809,Slytherin,1,Astronomy,1,Herbology,1
2812,Transfiguration,1,Arithmacy,1,Arithmancy,1
2815,Beater,1,Bludger,1,Chaser,1
2818,Quaffle,1,Astronomy Tower,1,Azkaban,1
2821,alley,1,Diagon,1,Diagon Alley,1
2824,Gringotts,1,Knockturn Alley,1,Leaky,1
2827,Cauldron,1,Leaky Cauldron,1,Owlery,1
2830,Emporium,1,Flourish,1,Blotts,1
2833,gambol,1,japes,1,joke shop,1
2836,curses and countercurse,1,Inferno,1,fungi,1
2839,herbs,2,banshee,1,enchantment,1
2842,encyclopedia,1,encyclopaedia,1,wikipedia,1
2845,toadstools,1,hags,1,moste,1
2848,potente,1,moste potente potions,1,voyage,1
2851,vampires,1,werewolves,1,yeti,1
2854,abominable,1,snowman,1,sorcery,2
2857,liquorice,1,glory,2,blowing gum,1
2860,humbug,1,dementor,1,veela,2
2863,veela,2,leprechaun,1,bobby,1
2866,bobby-trapped,1,serpent,1,vampire,1
2869,dracula,1,gnome,2,pixie,1
2872,basilisk,2,fluffy,1,phoenix,1
2875,shambles,1,griffin,1,merpeople,1
2878,ghoul,1,centaru,1,centaur,1
2881,unicorn,1,sphinx,3,kappa,2
2884,gnome,2,hippogriff,1,hieroglyphs,2
2887,logograms,1,servicing kit,1,cloal,1
2890,cloak,1,daily prophet,1,prophet,1
2893,parchment,1,quill,1,revealer,1
2896,sneak,2,sneakoscope,1,invisibility cloak,1
2899,Marauder,1,The Marauder's Map,1,robes,1
2902,cauldron,1,Imperio,1,Crucio,1
2905,Avada Kedavra,1,Expecto Patronum,1,Alohomora,1
2908,Wingardium Leviosa,1,Lumos Maxima,1,Lumos,1
2911,Maxima,1,Burrow,1,wizard and witch,1
2914,warlock and witch,1,warlock,1,sorcerer,1
2917,corcery,1,sorcery,2,muggle,1
2920,tournament,1,sorting hat,1,goblin,1
2923,thestral,1,Voldemort,1,Harry Potter,1
2926,Ron Weasley,1,Hermione Granger,1,Albus Dumbledore,1
2929,Lord Voldemort,1,Peter Pettigrew,1,Sirius Black,1
2932,Remembrall,1,Pensieve,2,Pensieve,2
2935,Deathly Hallows,1,Hallows,1,House-elf,1
2938,elf,1,Severus Snape,1,Lupin,1
2941,Tom Riddle,1,Ronald Weasley,1,Minerva McGonagll,1
2944,Minerva McGonagall,2,Minerva McGonagall,2,Rubeus Hagrid,1
2947,Gilderoy Lockhard,1,Gilderoy Lockhart,1,Remus Lupin,1
2950,Dolores Umbridge,1,Horace Slughorn,2,Horace Slughorn,2
2953,Tom Marvolo Riddle,2,Tom Marvolo Riddle,2,Matsutake,1
2956,Tricholoma,1,Tricholoma Matsutake,1,truffle,2
2959,matsutake,2,black truffle,2,white truffle,2
2962,morel,2,morchella,2,wagyu,2
2965,wagyu beef,2,Kobe,1,Kobe beef,1
2968,Japanese Black Cattle,1,Cattle,1,Iberico,1
2971,Iberico Ham,1,Ham,1,Foie,1
2974,Foie Gras,1,game meat,1,venison,2
2977,pheasant,1,quail,3,snow crab,1
2980,king crab,1,toro,1,otoro,1
2983,chutoro,1,uni,1,oysters,1
2986,reggiano,1,brie,1,saffron,3
2989,caviar,1,matcha,4,darjeeling,1
2992,earl grey,1,earl,3,grey,1
2995,Kopi Luwak,1,mangoes,2,lychees,1
2998,lavender,4,jam,2,lavender jam,2
3001,fig jam,1,creme brulee,1,livestock,1
3004,poultry,1,livestock and poultry,1,cattle and cows,2
3007,cattle and cows,2,cattle^ cow^ bull and,1,calf,5
3010,Chicken^ Hen^ Rooster and,2,Chicken^ Hen^ Rooster and,2,Sheep^ Ewe^ Ram and,1
3013,ewe,1,ram,1,hen,1
3016,calf,5,swine,1,sow,1
3019,boar,1,piglet,1,pig^ swine^ sow^ boar,1
3022,turkey,1,Turkiye,1,canary,3
3025,budgerigar,1,hamster,1,guinea pig,1
3028,cavie,1,ferret,2,sable,2
3031,lizard,2,gecko,2,leopard gecko,1
3034,leopard cat,2,edible,1,edible birds,2
3037,edible birds,2,quail,3,pigeon,3
3040,squab,1,rock pigeon,1,edible insects,1
3043,scorpion,3,grasshopper,3,silkworm pupage,1
3046,silkworm pupae,1,pupae,1,silkworm,1
3049,cricket,2,bamboo worm,1,worm,1
3052,hedgehog,1,groundhog,1,premium,3
3055,tonic,3,tonic water,2,premium tonic foods,1
3058,cucumber,1,trepang,1,sea cucumber,2
3061,abalone,2,bird's nest,1,swift,1
3064,swiftlet,1,swiftlet nest,2,swiftlet nest,2
3067,shark fin,1,maw,1,fish maw,1
3070,bladder,4,fish bladder,1,cordyceps,1
3073,caterpillar,1,pillar,2,fungus,2
3076,sinensis,1,cordyceps sinensis,1,caterpillar fungus,1
3079,antler,1,velvet,4,velvet antler,1
3082,deer antler,1,deer antler velvet,2,deer antler velvet,2
3085,ginseng,2,goji,1,goji berry,2
3088,wolfberry,2,episode,2,discord,1
3091,reputation,3,diagnostic,1,lasana,1
3094,lasagna,2,arrange from,2,arrange from,2
3097,arrangement,1,rob me,1,robbing me,1
3100,possess,1,possession,1,loyal,1
3103,approval,1,perceive,1,egotistic,1
3106,accompany,1,scrumming,1,exclusive,2
3109,inclusive,2,deliberately,1,decoration,1
3112,immersive,1,flirt,1,casanova,1
3115,maneuver,4,appreciate,2,deterministic,1
3118,wasabi,2,yoasobi,1,chinese noodles,1
3121,kimichi,1,chesseballs,1,affine,1
3124,affine transform,1,churning out,1,churning,1
3127,crux,1,creative slump,2,slump,1
3130,creative slump,2,lost their torch,1,torch,1
3133,lost their touch,2,lost their touch,2,phoning it in,1
3136,bankrupt,1,run out of juice,1,bizarre,1
3139,neighborhood,2,examinee,2,examier,1
3142,examiner,1,candidate,2,sit the exam,1
3145,counicl,1,council,1,hesitation,1
3148,mirage,4,migraine,3,migrate,1
3151,migration,1,preposition,2,banned from,1
3154,nevertheless,1,all in all,1,elevates,1
3157,payment,1,household,3,snuggling up,1
3160,drama,2,TOEFL,2,IELTS,2
3163,holy,1,holy shit,1,swordfish,1
3166,yoghurt,2,tamarind,2,UVB,1
3169,UVA,1,virginia,1,virgin,2
3172,virgin forest,1,illuminated,2,illuminate,1
3175,luminary,3,luminary tree,2,luminary tree,2
3178,reindeer,2,圣诞树,1,christmassy,1
3181,cygnus,1,dewa,1,papilio,1
3184,muskmelon,1,accessory,2,everyday language,1
3187,common language,1,layman,1,Colloquial,2
3190,Colloquial language,1,Colloquialisms,1,Informal language,1
3193,Formal language,1,Vernacular,1,slang,2
3196,Terminology,1,Scholarly language,1,jargon,1
3199,slang,2,parlance,1,discourse,2
3202,CORDIC,1,faux pas,1,egg on my face,2
3205,egg on my face,2,I had egg on,1,eggs is eggs,1
3208,sausage,1,racist,1,fake it,1
3211,yearbook,2,yearbook quote,2,yearbook quote,2
3214,expilicit,1,scintillation,1,护照,1
3217,hukou,1,pivot,1,pivit,1
3220,a pivot,1,grip,1,correct grip,1
3223,squeezing,1,repetition,1,surfshark,1
3226,exclusive,2,inclusive,2,throwback,1
3229,throwback thursday,1,relive,1,pratical lessons,2
3232,pratical lessons,2,practical lessons,1,infrastructure,2
3235,on occasion,2,on occasion,2,ignorance,1
3238,enlighten,1,excels in,1,virtue,3
3241,excels in math,1,resort,2,the last resort,1
3244,rapine,1,rapine economy,2,rapine economy,2
3247,invasion,1,ideology,1,the fog of,2
3250,the fog of,2,the fog of war,1,coexist,1
3253,hustle,1,mecilum,1,pdozol,1
3256,podzol,2,stuffed,3,double stuffed,1
3259,teleported,1,teleport,1,enclose ofo,1
3262,enclose off,2,enclose off,2,enclose off this area,1
3265,comedian,1,diorite,1,basalt,4
3268,andesite,1,granite,2,histamine,3
3271,antihistamine,3,motion sickness pill,1,motion,1
3274,rosacea,1,cetirizine,2,hydrochloride,2
3277,cetirizine hydrochloride,1,eczema,4,allergies,2
3280,sleeplessness,1,neurotransmitter,2,neuromodulatory,1
3283,modulatory,1,central nerve system,1,primates,1
3286,prolonged,1,primary,1,primer,2
3289,prim,1,prime,1,really a pity,1
3292,pity,1,alas,1,scandals,1
3295,integrity,2,virtue,3,accolade,1
3298,virtuoso,1,virulent,1,nobility,2
3301,noble,1,noble prize,2,noble prize,2
3304,ironies,1,irony,1,ironic,1
3307,ironization,1,feminist,1,feminism,1
3310,misogynist,1,sexist,1,antifeminist,1
3313,duke and duchess,1,duke,2,duchess,1
3316,marquess,2,marchioness,1,marquis,1
3319,marquise,2,earl,3,countness,1
3322,countess,2,countess,2,count and countess,1
3325,viscount,2,viscountess,1,Wisconsin,1
3328,baron,2,braoness,1,baroness,1
3331,baronet,1,baronetess,1,dame,1
3334,knight and dame,1,suspicious,2,guts,1
3337,easygonging,1,easygoning,1,easygoing,1
3340,versatile,1,savvy,1,relaxed,1
3343,upbeat,1,merry,2,bright,1
3346,cheerful,1,candidd,1,candid,1
3349,optimistic,1,inquistive,1,inquisitive,1
3352,composed,1,affirming,1,animated,1
3355,earnest,1,juniper,2,sol,1
3358,vibe,1,loyalty,2,reside on,1
3361,frontier,1,precedented,1,accommodate,1
3364,BCE,1,common era,1,AD,1
3367,Anno Domini,1,CE,1,Common Era,1
3370,Christian Era,1,Christian,1,necessitates,1
3373,memory footprint,1,modem,1,modulator,1
3376,demodulator,1,tomcat,1,logcat,1
3379,apache,2,upperwear,1,lowerwear,1
3382,underwear,1,sweater,1,wool sweater,1
3385,knit,2,knit sweater,1,down jacket,1
3388,puffer,1,puffer jacket,1,short sleeve,1
3391,T-shirt,1,polo shirt,1,pullover,1
3394,cardigan,3,hoodie,1,sweatshirt,1
3397,mink coat,1,mink,1,coat,2
3400,ferret,2,sable,2,ferrum,2
3403,succinate,1,fur coat,1,fur,1
3406,coat,2,thermal underwear,1,thermal top,1
3409,long underwear top,1,undershirt,1,bra,1
3412,long pants,1,trousers,1,jeans,2
3415,slacks,1,chinos,2,hot pants,1
3418,mini shorts,1,skirt,1,dress,1
3421,boxer briefs,1,trunks,1,panties,2
3424,boxers,2,briefs,2,socks,1
3427,ankle,4,ankle socks,1,no-show socks,1
3430,knee-high socks,1,crew socks,1,crew,2
3433,over-the-knee socks,1,footless leggings,2,leggings,2
3436,footless leggings,2,footless,1,stirrup,1
3439,stirrup socks,1,stockings,1,nylons,1
3442,black nylons,1,white nylons,2,white nylons,2
3445,pumps,2,accessories,3,hat,1
3448,cap,1,beanie,1,fedora,1
3451,baseball cap,1,bucket hat,1,scarf,2
3454,earmuffs,1,earplugs,1,gloves,2
3457,mittens,1,footwear,1,athletic,1
3460,athletic shoes,1,sneakers,1,running shoes,1
3463,skate,1,skate shoes,1,skateboarding shoes,1
3466,weightlifting shoes,1,hells,1,heels,1
3469,high heels,1,stilettos,1,pumps,2
3472,dance shoes,1,ballet flats,1,ballet,4
3475,tap shoes,1,dance sneakers,1,sneak,2
3478,sneaker,1,ankle boots,1,mid-calf,1
3481,mid-calf boots,1,knee-high boots,1,pajamas,1
3484,sleepwear,1,swimsuit,1,bathing suit,1
3487,swim trunks,1,boardshorts,1,jammers,1
3490,bikini,1,speedos,1,speedo,1
3493,swim brief,2,swim brief,2,rash guard,1
3496,rash,2,swim cap,1,goggles,3
3499,nose clip,2,nose plug,1,kickboard,1
3502,fins,1,flippers,1,snorkel,1
3505,wetsuit,1,buoyancy,1,BCD,1
3508,compensator,1,buoyancy compensator device,1,weight belt,1
3511,regulator,1,tank,2,cylinder,1
3514,Use tank or cylinder,1,fanny,1,fanny pack,1
3517,buttocks,2,pouch,1,tow float,2
3520,tow float,2,paddles,1,safety whistle,1
3523,inflatable,1,body board,1,life jacket,1
3526,flotation,1,floatation,1,life ring,1
3529,lifebuoy,1,lifesaver,1,inflatable ring,1
3532,swimming ring,1,bathrobe,1,belt,2
3535,natural fibers,1,cotton,2,linen,2
3538,cashmere,1,silk,4,encountered,1
3541,casual,1,causal,1,blends,2
3544,a touch of humer,1,a touch of humor,2,a touch of humor,2
3547,lighthearted,1,humorous,1,tongue-in-cheek,1
3550,procrastination,3,splling,1,spelling,1
3553,vowel,1,consonant,1,silk,4
3556,sick,1,sill,2,slick,1
3559,rayon,1,bamboo rayon,1,modal,1
3562,auxiliary,1,tencel,1,lyocell,1
3565,coolmax,1,cool touch fabirc,2,cool touch fabirc,2
3568,synthetic fibers,1,polyester,1,spandex,1
3571,elastane,1,acrylic,2,polyester^ spandex^ elastane and,1
3574,acetate,1,polypropylene,2,lycra,1
3577,leika,1,leica,1,blens,1
3580,blends,2,down,1,down as a nouns,1
3583,fleece,2,plush,1,flannel,2
3586,velvet,4,chiffon,1,silk satin,1
3589,satin,1,yunjin,1,man-made fiber,1
3592,lace,1,denim,3,twill,1
3595,poplin,1,corduroy,1,flannelette,1
3598,knit,2,knit fabirc,2,knit fabirc,2
3601,canvas,3,suede,1,PU Leather,1
3604,PU,1,Faux Leather,1,Recycled Fiber,1
3607,fiber,1,enzyme,1,tragedy,3
3610,farce,1,comedy,2,pantomime,1
3613,drama,2,musical,1,opera,4
3616,ballet,4,mime,1,monodrama,1
3619,satire,1,mystery,1,morality,1
3622,bravo,1,appreciate,2,appreciation,1
3625,landmine,1,land mine,1,high-explosive grenades,2
3628,high-explosive grenades,2,grenades fragments,2,grenades fragments,2
3631,bomb,1,artillery,3,artillery shell,1
3634,explosives,1,propellant,1,initiating explosives,1
3637,projectile,2,warhead,1,fuze,1
3640,fuse,1,proximity,2,detonator,1
3643,blasting cap,1,primer,2,igniter,1
3646,casing,1,cartidge,1,cartridge,2
3649,cartridge case,1,crew dragon,1,wagon,1
3652,bandwagon,1,multiplantary,1,plantary,1
3655,starship,1,gals,1,nightclub,1
3658,discrimination,1,mindset,1,gunslinger,1
3661,a stance of,1,the stance of,2,the stance of,2
3664,stance,1,additive,1,aerospace,1
3667,Lawsuit,1,agency,2,permits,1
3670,reluctant,1,in pursuit of,1,protest,1
3673,Golden Dunes^ Olden Tunes,1,phantom,1,cardigan,3
3676,underneath,1,algebra,2,ceasefire,1
3679,Hezbollah,1,cabinet,5,advisory,1
3682,transcript,3,riddle,1,come alive with,1
3685,wind,1,fair enough,1,riptide,2
3688,woodland,1,gilded,1,condult,1
3691,conduit,1,chisel,1,chiseled,3
3694,bastion,2,Nasi Lemak,1,coconut rice,2
3697,seanut,1,peanutanut,1,peanut,1
3700,accomplishment,1,accomplish,1,prisoner,1
3703,shore,1,prominent,1,respecting,1
3706,remnants,1,overworld,1,fossil,2
3709,geode,1,ore veins,1,creaking,1
3712,altera,1,alteration,1,boutique,2
3715,diet,1,gossil,1,fossil,2
3718,noon,1,cremson,1,crimson,6
3721,windswept,5,pale,1,eyeblossom,2
3724,eyeblossom,2,blossom,2,eerir,1
3727,eerie,1,resin,1,clump,1
3730,creak,1,biography,1,biology,2
3733,conservatives,1,conservatism,2,Labour Party,1
3736,Conservative Party,1,Green Party,1,Socialist Party,1
3739,Liberal Democrats,1,Republican Party,1,Democratic Party,1
3742,attractivae,1,attractive,1,magenta,3
3745,examiee,1,examine,1,examinee,2
3748,dim sum,4,ingredients,4,backed goods,2
3751,backed goods,2,baked goods,1,baozi,2
3754,baozza,1,steamed bun,1,bao,1
3757,pork bao,2,pork bao,2,vegetable bao,1
3760,jiaozi,1,dumpling,1,boiled dumpling,1
3763,pan-fried dumpling,1,mantou,1,steamed bread,1
3766,guotie,1,potsticker,3,shaobing,1
3769,burnt cake,3,burnt cake,3,cripsy,1
3772,crispy,3,flatbread,3,sesame shaobing,1
3775,Rou Huoshao,1,Meat Pie,1,pastries,1
3778,dim sum,4,spring rools,1,spring rolls,1
3781,fried spring rolls,1,tangyuan,1,glutinous,4
3784,glutinous rice balls,2,sweet rice dumplings,1,Char Siu Bao,1
3787,BBQ Pork Bun,1,Har Gow,1,Shrimp Dumpling,1
3790,Phoenix Claws,1,claws,1,Steamed Chicken Feet,1
3793,tart,1,egg tart,2,custard,2
3796,egg custard tart,1,malagao,1,Wife Cake,1
3799,double bind,1,Red Bean Paste,1,Azuki,1
3802,Azuki Bean Paste,1,crispy flatbread,1,vessels,2
3805,vessels,2,Hello World,1,spurred,1
3808,convolution,1,nostalgic,2,maintenance,2
3811,boldness,3,championed,1,cunning^ ruthlessness^ and boldness,1
3814,cunning,1,ruthlessness,1,boldness,3
3817,virtue,3,cyberloaf,1,loaf,3
3820,loaves,1,mutual,1,mutual support,1
3823,river flows in you,1,Thoughts Across Time,2,Thoughts Across Time,2
3826,Inuyasha,1,lancent,1,lancet,1
3829,lancend,1,lance,1,clang,1
3832,striking,1,arial,1,breed,3
3835,domestic,2,breed registry,1,standardized breed,1
3838,aficionado,1,derived,2,mackerel,3
3841,striped,2,tabby,1,wavy,1
3844,stature,1,reminiscent,1,waz,1
3847,wax,1,wzx-coated,1,wax-coated,1
3850,buildplates,1,plates,2,Telltale,1
3853,betray,1,fatigue,1,fuselage,1
3856,ripped apart,1,episodic,1,episode,2
3859,methylcytosine,1,buddyfight,1,fateland,1
3862,jagged,1,jagged peaks,1,meadow,2
3865,tundra,3,lukewarm,1,luke,1
3868,grove,3,cherry grove,2,cherry grove,2
3871,snowy slopes,1,slopes,1,windswept,5
3874,taiga,1,plateau,2,dripstone,2
3877,lush,3,crimson,6,warped,2
3880,basalt,4,deltas,1,legacy,1
3883,tundra,3,rain forest,1,seasonal forest,1
3886,ice desert,1,shrubland,1,porkchop,1
3889,steak,2,rabbit stew,1,suspicious,2
3892,beetroot,1,beet,1,chorus,2
3895,verses,1,verse,2,kelp,2
3898,dried kelp,2,dried kelp,2,melon slice,2
3901,melon slice,2,poisonus,1,poisonous,1
3904,cocoa,2,cocoa beans,1,nugget,1
3907,gold ingot,1,gold nugget,1,supplicate,1
3910,supplicatino,1,supplication,1,bert,1
3913,bart,1,qpa,1,infra,1
3916,canary,3,bolter,1,governor,2
3919,eviction,1,shootdown,1,north pole,1
3922,departing in,2,departing in,2,decorated,2
3925,deepDream.py,1,retrieving,1,stay strong^ stay positive,1
3928,anticipate,1,anticipated,2,affiliations,1
3931,affiliation,1,affilite,1,affiliate,1
3934,decorated christmas tree,1,acquaintances,1,Christmas Eve,1
3937,decorated,2,interpreted,1,interpret,1
3940,squat,3,french press,1,incline curl,1
3943,incline,1,curl,3,push up,1
3946,two hand curl,2,two hand curl,2,toe raise,2
3949,toe raise,2,dumbbell,1,dumbbell circle,1
3952,wrist curl,1,calf raise,1,calf,5
3955,calves,1,commendable,1,carnation,2
3958,reincarnation,1,incarnation,1,shida,1
3961,puerilism,1,immature,1,childish,1
3964,selfish,1,biscuit,2,biscuit jar,1
3967,cider,4,sparking,1,exposed,2
3970,weathered,2,oxidized,2,chiseled,3
3973,waxed,1,malachinte,1,malachite,2
3976,calcite,3,carbonate,3,basic copper carbonate,1
3979,delightful,1,medal,2,metal,1
3982,venus,1,greek,1,toss,1
3985,coin toss,1,thumb,2,coin flip,1
3988,fairness,1,come up,1,candidate,2
3991,currencies,1,vigorously,1,ordinary,1
3994,precession,1,track,1,consequently,1
3997,estimated,2,the odds of,1,odds,1
4000,very result,2,very result,2,preliminary,1
4003,progress,1,progressing,1,bouncing,1
4006,a lack of randomness,1,ultimately,1,tableware,3
4009,teapot,1,kettle,4,coffee pot,1
4012,electric kettle,1,soup bowl,1,rice bowl,1
4015,basin,3,tub,1,washing basin,1
4018,flowerpot,1,canister,1,spice jar,1
4021,cookie jar,1,teacup,1,coffee mug,1
4024,dinner plate,1,plate,1,salad plate,1
4027,water bottle,1,sauce bottle,1,fish tank,1
4030,aquadom,1,quadom,1,storage tank,1
4033,jug,1,urn,1,tea urn,1
4036,saucer,2,dessert plate,1,tea saucer,1
4039,pitcher,4,urinal,1,bedpan,1
4042,chopsticks,3,spoon,3,fork,2
4045,pork,2,tray,2,strainer,1
4048,sieve,1,steamer,2,bamboo steamer,1
4051,casserole,2,casserole dish,1,earthenware,1
4054,earthenware pot,1,wok,2,frying pan,2
4057,skillet,2,soup pot,1,stock pot,2
4060,stew pot,1,stew,2,dutch,4
4063,oven,4,dutch oven,3,thermos,1
4066,wine glass,1,goblet,1,mug,2
4069,rose,1,carnation,2,daisy,2
4072,narcissus,2,daffodil,2,dandelion,2
4075,poppy,2,corn poppy,1,poppy-seed oil,1
4078,curry,3,complicated,1,baguette,3
4081,oven,4,airports and ports,1,opined,1
4084,eradication,3,orchid,2,allium,1
4087,azure,3,azure bluet,2,bluet,1
4090,tulip,2,oxeye,1,azure bluet,2
4093,oxeye daisy,1,daisy,2,cornflower,1
4096,lily,1,torchflower,1,lilac,1
4099,dye,1,banner,2,banner pattern,2
4102,banner pattern,2,magenta,3,peony,2
4105,rose bush,1,pitcher,4,wither,1
4108,china rose,1,rosa chinensis,1,red spider lily,1
4111,lycoris radiata,1,geranium,1,pelargonium,1
4114,begonia,1,hyacinth,1,chrysanthemum,2
4117,mum,1,blossom,2,plum,4
4120,plum blossom,1,prunus serrulata,1,forget-me-not,1
4123,hydragea,1,hydrangea,1,iris,2
4126,violet,1,phalaenopsis orchid,2,phalaenopsis orchid,2
4129,orchid,2,eustoma,1,lisianthus,1
4132,anemone,2,baby's breath,1,gypsophila,1
4135,marigold,1,bachelor,2,Bachelor's Button,1
4138,lavender,4,jam,2,lavender jam,2
4141,jasmine,3,phthos,1,pothos,1
4144,ivy,1,devil,1,Devil's Ivy,1
4147,cactus,1,mimosa,1,clover,2
4150,acorn,1,four leaf clovers,1,alfalfa,1
4153,birch,1,loach,2,goldfish,1
4156,koi,2,leap to,1,crayfish,1
4159,succulent,1,spider plant,1,aloe vera,2
4162,monstera,1,deliciosa,1,monstera deliciosa,1
4165,cheese plant,1,rubber,2,rubber plant,1
4168,ficus elastica,1,snake platn,1,snake plant,1
4171,fern,2,palm,3,palm tree,2
4174,dracaena,1,money tree,1,lucky bamboo,1
4177,asparagus fern,1,fern,2,car brands,1
4180,brands,1,Mercedes-Benz,1,BMW,1
4183,Bayerische Motoren Werke,1,Audi,1,Porsche,1
4186,Lincoln,1,Lamborghini,1,Ferrari,1
4189,Pirelli,1,Michelin,1,Bridgestone,1
4192,pay scales,1,unhygienic,1,hygienic,1
4195,Jaguar,1,Land Rover,1,Rover,1
4198,Cadillac,1,Toyota,1,Nissan,1
4201,Chevrolet,1,Chevy,1,Dodge,1
4204,Mazda,1,Mitsubishi,1,Lexus,1
4207,Infiniti,1,Acura,1,interior,1
4210,leather seats,1,center console,1,center stack,1
4213,steering,1,steering wheel,1,tiller,1
4216,rudder,1,helm,1,dashboard,1
4219,scoreboard,1,instrument,1,instrument panel,1
4222,rearview,1,rearview mirror,1,dimming,1
4225,auto-dimming rearview mirror,1,AC,2,Air Conditioning,1
4228,defrosting,1,frost,2,defroster,1
4231,windshield,1,backup camera,1,rearview camer,1
4234,cruise,3,adaptive,1,adaptive cruise control,1
4237,lane keeping assist,1,automatic emergency braking,1,airbags,1
4240,exterior,1,headlights,1,HID,1
4243,High-Intensity Discharge Headlights,1,discharge,1,fog lights,1
4246,turn signals,1,indicator lights,1,power windows,1
4249,A-Pillar,1,B-Pillar,1,disc,1
4252,disc brakes,1,rim brakes,1,rim,1
4255,caliper,2,caliper brakes,1,V-Brake,1
4258,V Brakes,2,V Brakes,2,coaster,1
4261,coaster brakes,1,pedal breaks,1,pedal brakes,1
4264,pedal,1,Cable-actuated Disc Brakes,1,actuated,1
4267,hydraulic,1,Hydraulic Disc Brakes,1,Hydraulic Power Steering,1
4270,turbocharged engine,1,Aspirated,1,Naturally Aspirated Engine,1
4273,electric motor,1,coolant,1,antifreeze,2
4276,engine oil,1,antifreeze,2,brake fluid,1
4279,fluid,1,gear oil,1,transmission fluid,1
4282,windshield washer fluid,1,diesel,2,DEF,1
4285,exhaust,1,Diesel Exhaust Fluid,1,Refrigerant,1
4288,Air Conditioning Refrigerant,1,Gasoline,1,petrol,1
4291,jet fuel,1,ATF,1,Aviation Turbine Fuel,1
4294,aviation,3,turbine,1,turbo,1
4297,biodiesel,1,ethanol,2,methanol,2
4300,liquid,1,liquefied,1,petroleum,2
4303,Liquefied Petroleum Gas,1,Compressed Natural Gas,1,Liquefied Natural Gas,1
4306,suspension,1,independent suspension,1,exhaust system,1
4309,navigation system,1,infotainment,1,satellite radio,1
4312,wireless charging pad,1,panoramic,1,paramount,1
4315,sunroof,1,panoramic sunroof,1,lounge,3
4318,Sky Lounge Panoramic Roof,1,keyless entry,1,automated parking,1
4321,premium,3,welcome light,1,ground-level,1
4324,Ground-Level Projection Lights,1,starlight,3,headliner,1
4327,starry,1,Starlight Headliner,1,Starry Sky Roof,1
4330,tailgate,1,liftgate,1,frunk and trunk,1
4333,frunk,1,trunk,2,aroma,6
4336,fragrance,4,ambient,1,ambient lighting,1
4339,aroma system,1,fragrance system,1,seat massage,2
4342,seat massage,2,massage,1,message,1
4345,blinds,1,Electric Blinds,1,electric curtains,1
4348,curtain,2,ANC,1,active noise cancellation,1
4351,Bose,1,Bang & Olufsen,1,Steinway & Sons,1
4354,DAS,1,Harman Kardon,1,roof rails,1
4357,roof rack,1,rack,3,heated windshield,2
4360,heated windshield,2,ethnic,3,ethnic group,1
4363,races,1,mongoloid race,1,east asians,1
4366,southeast asians,1,caucasoid race,1,caucasian,2
4369,middle easterners,1,negroid,1,nigger,1
4372,negroid race,1,african,1,saharan,1
4375,germanic,1,germanic peoples,1,dutch,4
4378,dutch oven,3,scandinavians,1,jewish,1
4381,jews,1,aryans,1,slavic peoples,1
4384,slavic,1,poles,1,czechs,1
4387,serbs,1,anglo-saxons,1,celtic peoples,1
4390,celts,1,irish,1,scottish,1
4393,welsh,1,latins,1,italians,1
4396,semitic peoples,1,arabs,1,indo-europeans,1
4399,baltic,1,baltic peoples,1,lithuanians,1
4402,latvians,1,finno-ugri,1,finno-ugric,1
4405,finns,1,hungarians,1,caucasian,2
4408,Georgians,1,Armenians,1,Trukic,1
4411,Turkic,1,Turks,1,Uzbeks,1
4414,Mongols,1,Mogolian,1,Mongolian,1
4417,Indigenous,1,Native Americans,1,Aboriginal Australians,1
4420,Indian,1,ping-pong paddle,1,racquet,1
4423,badminton racquet,1,racket,1,shuttlecock,1
4426,backboard,1,goal posts,1,cleats,1
4429,ff Spiked Running Shoes,1,Spiked Running Shoes,1,spikes,1
4432,spiked,1,field hockey,1,hockey stick,1
4435,water polo,1,polo,1,sprinting,1
4438,starting blocks,1,long distance running,1,long jump,1
4441,sand pit,1,triple jump,1,high jump,1
4444,pole vault,1,vault,2,padding,1
4447,discus throw,1,discus,1,javelin,2
4450,javelin throw,1,hammer,3,hammer throw,1
4453,aquatic,1,goggles,3,google,1
4456,diving board,1,synchronized,1,synchronized swimming,1
4459,artistic swimming,1,nose clip,2,kayaking,1
4462,kayak,1,rowing,1,oar,1
4465,paddle,1,boxing,1,headgear,1
4468,judo,1,judogi,1,taekwondo,1
4471,dobok,1,protective gear,1,black belt,1
4474,dojang,1,dojo,1,jeon,1
4477,lame,1,gown,2,chameleon,1
4480,poomsae,1,taekwons,1,kyokpa,1
4483,sparring,1,geup,1,wrestling,1
4486,singlet,1,equestrian,1,firearms,1
4489,ammunition,2,saddle,1,bridle,1
4492,gymnastics,1,bars^ beam and vault,1,modern pentathlon,1
4495,pentatholon,1,pentathlon,1,fencing,2
4498,freestyle swimming,1,show jumping,1,laser-run,1
4501,triathlon,2,tummy,1,flanks,1
4504,buttocks,2,thigh,2,calf,5
4507,ankle,4,tongue,2,lungs,1
4510,stomah,1,stomach,2,liver,2
4513,kidney,3,kidneys,2,kidneies,1
4516,intestines,2,bladder,4,pancreas,3
4519,tonsil,1,gullet,1,pharynx,1
4522,larynx,1,windpipe,1,trachea,1
4525,bronchial,1,bronchial tube,1,capillaries,1
4528,bile,1,duck,2,duct,1
4531,gall bladder,1,gall,1,bladder,4
4534,spleen,2,pancreas,3,large intestine,1
4537,small intestine,1,colon,3,appendix,2
4540,rectum,1,anus,1,belly,6
4543,shoulder,1,elbow,1,toe nail,1
4546,nail,4,waist,2,skull,1
4549,crown,2,temple,1,eyebrow,1
4552,eyelashes,1,philtrum,1,upper lip,1
4555,lower lip,1,gum,2,chin,2
4558,jaw,1,adam's apple,1,abdomen,1
4561,lower belly,1,upper belly,1,navel,1
4564,hip,1,hop,1,hip-hop,1
4567,buttock,1,genitals,1,penis,1
4570,vagina,1,urine,1,groin,1
4573,armpit,2,wrist,1,forearm,1
4576,goose bumps,1,palm,3,palm tree,2
4579,index finger,1,thumb,2,middle finger,1
4582,ring finger,1,little finger,1,fingernail,1
4585,finger tip,1,cuticle,1,knuckle,1
4588,back of the hand,1,figerprints,1,fingerprints,1
4591,shin,2,calf,5,toenail,1
4594,big toe,1,index toe,2,index toe,2
4597,middle toe,1,pinky toe,1,4th toe,1
4600,sole,1,instep,1,arch,3
4603,ankle,4,heel,1,tiptoe,1
4606,epidermis,1,dermis,1,pore,1
4609,adipose,1,tissue,2,follicle,1
4612,hair follicle,1,adipose tissue,1,belly button,1
4615,eyelid,2,shin,2,armpit,2
4618,trunk,2,gallbladder,1,bladder,4
4621,intestine,1,femur,1,tibia,2
4624,artery,2,colon,3,tibia,2
4627,aorta,1,vein,1,vena cava,1
4630,limbs,1,ankle,4,meniscus,1
4633,cheek,1,bangs,1,fringe,1
4636,mole,2,chin,2,gender-specific,1
4639,testicles,1,testes,1,tastes,1
4642,ovaries,1,uterus,1,prostate,2
4645,biceps,1,triceps,1,joint,1
4648,knee joint,1,shoulder joint,1,ligament,1
4651,tendon,1,tension,2,spine,1
4654,vertebral,1,vertebral column,1,lung,1
4657,pancreas,3,spleen,2,thyroid,2
4660,irs,1,iris,2,pupil,1
4663,retina,1,hand tools,1,phillips,1
4666,screwdriver,2,Phillips Screwdriver,1,Flathead Screwdriver,1
4669,Slotted Screwdriver,1,pliers,2,wire cutter,1
4672,diagonal pilers,1,diagonal pliers,1,wrench,2
4675,pipe wrench,1,needle,1,needle nose pliers,1
4678,long nose pliers,1,scissors,2,shears,2
4681,claw hammer,1,claw,1,ball peen,1
4684,peen,1,Adjustable Wrench,1,Combination Wrench,1
4687,Allen Wrench,1,allen,1,Socket Wrench,1
4690,Torque Wrench,1,torque,1,Universal Joint Wrench,2
4693,Universal Joint Wrench,2,Tape Measure,1,caliper,2
4696,Vernier caliper,1,vernier,1,Screw micrometer,1
4699,screw,3,micrometer,1,weight and balance,1
4702,beam balance,1,beam balance^ scale and,1,saw,1
4705,hand saw,1,jigsaw,1,curve,1
4708,tangent,1,parabola,2,spiral,2
4711,hyperbola,3,asymptote,2,drill,1
4714,power drill,1,impact driver,1,screwdriver bit set,2
4717,screwdriver bit set,2,glue gun,2,spray,2
4720,spray gun,1,sandpaper,2,abrasive,2
4723,abrasive,2,abrasive paper,1,grinder,1
4726,Soldering Iron,1,soldering,1,ladder,1
4729,fasteners,1,welding,2,riveting,1
4732,rivet,1,screw,3,machine screws,1
4735,wood screws,1,anchor bolt,1,expansion anchor,1
4738,common nails,1,nail,4,nut,1
4741,bolt,1,bolt and nut,1,washer,1
4744,plywood,1,particle board,1,steel,2
4747,plastic,2,cenment,1,cement,1
4750,concrete,1,drywall,1,plasterboard,1
4753,decorative,3,cault,1,caulk,1
4756,paint,1,adhesive,3,hardwood,1
4759,hardwood flooring,1,laminate flooring,1,laminae,1
4762,laminate,1,terminology,3,base makeup,1
4765,concealer,1,conceal,1,foundation,1
4768,liquid foundation,1,powder foundation,1,stick foundation,1
4771,loose,1,loose powder,1,setting powder,1
4774,pressed powder,1,setting spray,1,face primer,1
4777,eyelid,2,eyelid primer,1,sunscreen,2
4780,facial contouring,1,contouring,1,highlighter,1
4783,contour,2,blush,2,bronze,2
4786,bronzer,1,cycshadow,1,matte,1
4789,shimmer,3,eyeliner,1,mascara,1
4792,volumizing,1,false eyelashes,1,eyeshadow brush,1
4795,eyeliiner brush,1,eyeliner brush,1,eyelash curler,1
4798,brow makeup,1,brow,1,eyebrow pencil,1
4801,lipstick,1,matte lipstick,1,glossy,2
4804,glossy lipstick,2,glossy lipstick,2,lip gloss,1
4807,lip tint,1,lip balm,1,tint,1
4810,balm,3,beauty blendeer,1,beauty blender,1
4813,blender,2,makeup,1,makeup remover,1
4816,makup bag,1,makeup bag,1,cosmetic,1
4819,cosmetic case,1,cosplay,1,costume,1
4822,TGS,1,Nintendo,1,pest,1
4825,insects,2,cockroach,2,german cockroach,1
4828,american cockroach,1,black widow,1,recluse,1
4831,carpenter,1,queen ant,1,cricket,2
4834,ladybug,1,ladybird,1,grasshopper,3
4837,moth,2,clothes moth,1,meal moth,1
4840,wasp,2,hornet,1,bumble,1
4843,bumblebee,1,mosquito,1,termite,1
4846,reptiles,1,lizard,2,gecko,2
4849,anole,1,centipede,1,millipede,1
4852,flea,1,louse,1,lice,1
4855,tick,1,springtail,1,bed bug,1
4858,beetle,1,queen bee,1,house fly,1
4861,fruit fly,1,scorpion,3,invaded,1
4864,pantry,1,chirping,1,amphibians,1
4867,frog,1,bullfrog,2,mollusks,1
4870,snail,1,slug,1,rattle,2
4873,rattlesnake,2,bullfrog,2,leech,1
4876,silverfish,1,moth,2,earthworm,1
4879,egg sac,1,mites,2,sparrow,2
4882,swallow,2,barn,2,barn swallow,1
4885,magpie,3,bald eagle,2,buzzard,1
4888,red-tailed hawk,1,myna,2,starling,1
4891,hill myna,1,parrot,1,cockatoo,1
4894,macaw,1,parakeet,1,crow,2
4897,seagull,3,gull,1,herring gull,1
4900,red-crowned,1,red-crowned crane,1,crane,1
4903,oriole,1,pigeon,3,dove,3
4906,peace dove,1,woodpecker,2,downy,1
4909,barn owl,1,snowy owl,2,snow owl,1
4912,peacock,3,peafowl,1,mallard,2
4915,chinese duck,1,wood duck,1,mandarin,2
4918,mandarin duck,2,goose,1,canada goose,1
4921,swan,1,mute swan,1,jay,1
4924,kingfisher,2,hummingbird,1,thrush,2
4927,song thrush,1,symptoms,1,symphony,1
4930,orchestra,2,common conditions,1,trauma,2
4933,abrasion,1,scrapes,1,laceration,1
4936,scratch,1,fracture,2,hairline fracture,1
4939,compound,2,compound fracture,1,sprain,1
4942,strain,1,sprain and strain,1,bruise,1
4945,contusion,1,frostbite,1,burn,1
4948,first-degree burn,1,second-degree burn,1,three-degree burn,1
4951,third-degree burn,1,scarring,1,chilblains,1
4954,eczema,4,dermatitis,1,rash,2
4957,acne,2,sunburn,1,Freckles,1
4960,freackles,1,freckles,1,melanin,1
4963,oral health,1,oral,1,canker,1
4966,canker sore,2,sore,1,aphthous ulcer,1
4969,toothache,1,gingivitis,2,tinnitus,1
4972,blurred,1,blurred vision,1,cataract,2
4975,myopia,1,dry eye,1,pink eye,1
4978,conjunctivitis,1,vitis,1,sinusitis,1
4981,digestive,1,digestive system,1,gastroenteritis,1
4984,heartburn,1,acid reflux,1,constipation,1
4987,diarrhea,1,smallpox,1,variola,1
4990,variola virus,1,vaccination,1,eradication,3
4993,malaria,3,plasmodium,1,mosquito net,1
4996,antimalarial,1,antimalarial drug,1,cholera,1
4999,vibrio cholerae,1,sanitation,1,hygiene,2
5002,waterborne,1,waterborne disease,1,AIDS,1
5005,HIV,1,Acquired Immunodeficiency Syndrome,1,Human Immunodeficiency Virus,1
5008,Antiretroviral Therapy,1,Prevention of Mother-to-Child Transmission,2,Prevention of Mother-to-Child Transmission,2
5011,counsel,1,counseling,2,indigestion,1
5014,dyspepsia,2,respiratory,3,dry cough,1
5017,productive cough,1,asthma,2,bronchitis,2
5020,pneumonia,2,Helicobacter pylori,1,gastritis,1
5023,peptic,1,peptic ulcer disease,1,ulcer,1
5026,dyspepsia,2,urea,1,urea breath test,1
5029,stool,2,antigen,1,antibody,1
5032,immunoglobulin,1,serology,1,endoscopy,1
5035,quadruple,1,quadruple therapy,2,quadruple therapy,2
5038,therapy,2,PPI,1,Amoxicillin,1
5041,Clarithromycin,1,Metronidazole,1,Tinidazole,1
5044,Inhibitor,1,proton,3,proton pump inhibitor,1
5047,antibiotics,4,eradication,3,reinfection,1
5050,infection,1,H. pylori,1,ulcers,1
5053,headache,1,migraine,3,tension headache,1
5056,back paini,1,arthritis,2,allergy,3
5059,insomnia,1,hyperbola,3,hypertension,2
5062,hypotension,2,diabetes,2,dental,2
5065,dental floss,2,dental issus,1,dental issues,1
5068,calculus,2,tartar,1,overbite,2
5071,protruding,1,protruding teeth,1,cavities,1
5074,tooth decay,1,impacted,1,wisdom tooth,1
5077,impacted wisdom tooth,1,horizontal impaction of wisdom,1,tooth sensitivity,1
5080,tooth discoloration,1,cracked tooth,1,tooth wear,1
5083,attrition,1,tooth misalignment,1,gum,2
5086,gum issues,1,gingivits,1,gingivitis,2
5089,periodontitis,1,recession,1,gum recession,1
5092,bleeding gums,1,mouth sores,1,inflammations,1
5095,canker sore,2,cold sore,1,fever,1
5098,do me a fever,1,do me a favor,2,do me a favor,2
5101,fever flister,1,fever blister,1,blister,1
5104,thrush,2,planus,1,orthodontic,1
5107,crowded,1,crowded teeth,2,open bite,1
5110,underbite,2,deep bite,1,crossbite,1
5113,dry mouth,1,bad breath,1,xerostomia,1
5116,halitosis,1,coated,2,coated tongue,1
5119,sore tongue,1,taste disorders,1,Temporomandibular,1
5122,Temporomandibular Joint Disorder,1,Oral Cancer,1,morphology,2
5125,canine,1,canine teeth,1,protrusion,1
5128,gangs,1,fangs,1,crooked,1
5131,crooked teeth,1,malocclusion,1,spaced teeth,1
5134,crowded teeth,2,underbite,2,overbite,2
5137,Orthodontics,1,braces,2,metal braces,1
5140,ceramic braces,1,ceramic,1,lingual,1
5143,diastema,1,antibiotics,4,biotics,1
5146,erythromycin,2,cefixime,3,amoxicillin,4
5149,penicillin,3,doxycycline,1,berberine,2
5152,watermelon frost,1,throat lozenges,1,lozenges,2
5155,iodine,2,iodine solution,1,povidone,1
5158,povidone iodine,1,cotton swabs,1,Q-tips,1
5161,multivitamin,1,calcium supplement,1,zinc supplement,1
5164,iron supplement,1,magnesium supplement,1,pain relievers,2
5167,endorphins,1,morphine,2,inflammatory,1
5170,anti-inflammatory,1,ibuprofen,4,acetaminophen,3
5173,aspirin,5,dayquil,1,antihistamine,3
5176,cough,1,syrup,5,cough syrup,1
5179,antacid,1,laxative,1,anti-diarrheal,1
5182,diarrheal,1,fungal,1,antifungal,1
5185,Artificial Tears,1,nasal spray,1,saline,1
5188,decongestant,1,eye drops,1,antibiotic,1
5191,tobramycin,2,gentamicin,1,levofloxacin,2
5194,moxifloxacin,1,polymyxin,1,chloramphenicol,2
5197,Corticosteroid,1,dexamethasone,2,anti-allergy,1
5200,olopatadine,1,emedastine,1,azelastine,1
5203,Glaucoma,1,timolol,1,mydriatics,1
5206,miotics,1,sodium silicate,2,sodium hyaluronat,1
5209,sodium hyaluronate,1,hyaluronate,1,taurine,1
5212,lutein,1,zeaxanthin,1,fatty acid,3
5215,EAA,1,essential amino acids,1,conditionally essential amino acids,1
5218,amino,1,amino acid,1,histidine,2
5221,isoleucine,1,leucine,1,lysine,1
5224,methionine,1,phenylalanine,1,threonie,1
5227,threonine,1,tryptophan,1,valine,1
5230,arginine,1,cysteine,1,glutamine,1
5233,clycine,1,glycine,1,proline,1
5236,serine,1,tyrosine,1,aspartic acid,1
5239,asparagine,1,glutamic acid,1,alanine,1
5242,ornithine,1,citrulline,1,nutrients,2
5245,essential nutrients,1,macronutrients,2,micronutrients,2
5248,nutrients,2,protine,1,protein,2
5251,carbohydrates,2,saturated fats,2,unsaturated fats,2
5254,trans fats,2,thiamine,1,riboflavin,1
5257,niacin,1,pantothenic,1,pantothenic acid,1
5260,pyridoxine,1,biotin,1,folic acid,1
5263,cobalamin,1,selenium,3,potassium,3
5266,phosphorus,2,manganese,2,chromium,3
5269,molybdenum,2,flaxseed oil,1,soy lecithin,1
5272,lecithin,1,plant extracts,1,calcium gluconate,1
5275,ferrous gluconate,1,zinc gluconate,1,gluconate,1
5278,selenium,3,yeast,1,probiotics,2
5281,prebiotics,2,metamucil,1,spirulina,1
5284,propolis,1,bee pollen,1,aloe vera,2
5287,turmeric,3,environmental science,1,atmosphere,2
5290,troposphere,2,stratosphere,2,mesosphere,1
5293,thermosphere,2,exosphere,2,ozone layer,1
5296,ozone,2,greenhouse effect,2,acid rain,1
5299,air pollution,2,pollution,1,PM,1
5302,particulate,1,particulate matter,1,hydrosphere,1
5305,water cycle,1,hydrologic,1,hydrologic cycle,1
5308,groundwater,1,wetlands,1,acidification,1
5311,ocean acidification,2,water quality,1,lithospher,1
5314,lithosphere,2,soil erosion,1,erosion,3
5317,degradation,1,soil degradation,1,fertility,3
5320,soil fertility,2,land use,1,agriculture,3
5323,agricultural,1,nonpoint,1,biosphere,1
5326,ecosystem,1,biodiversity,2,habitat,2
5329,food chain,1,food web,1,niche,1
5332,ecological niche,1,population,1,population and community,1
5335,ecological balance,1,ecological footprint,1,global warming,2
5338,climate change,1,sea level rise,1,glacier,5
5341,glacier melting,1,iceberg,2,glacier,5
5344,blip,1,the tip of the,1,overcapacity,1
5347,el nino,2,mirage,4,edifice,1
5350,fantasied,1,macrobiology,1,ecology,1
5353,birth rate,1,death rate,1,immigraton rate,1
5356,emigration rate,1,immigration,2,emigration,1
5359,population density,1,age structure,1,community ecology,1
5362,species richness,1,species diversity,1,diversity,2
5365,divergence,3,dominant,2,symbiosis,1
5368,mutualism,1,parasitism,1,competition,1
5371,predation,1,competitive exclusion principle,1,exclusion,1
5374,inclusinon,1,inclusino,1,inclusion,1
5377,evolutionary,1,evolutionary ecology,1,natural selection,1
5380,survival of the fittest,1,adaptation,1,phylogenetic tree,1
5383,convergent,1,convergent evolution,1,divergent evolution,1
5386,territorial,1,mating behavior,1,foraging,1
5389,foraging behavior,1,biodiversity,2,fertility,3
5392,soil fertility,2,carbon cycle,1,mitigating,1
5395,symphony orchestra,1,orchestra,2,orchestra pit,2
5398,orchestra level,1,orchestra section,1,balcony,4
5401,loges,1,boxes and loges,1,string section,1
5404,first violins,1,second violins,1,violas,1
5407,violin,1,cellos,1,double basses,1
5410,basses,1,contrabasses,1,woodwind section,1
5413,flutes,1,oboes,1,clarinets,1
5416,bassoons,1,english horn,1,cor anglais,1
5419,piccolo,2,bass clarinet,1,clarinet,1
5422,brass,1,brass section,1,trumpets,1
5425,french horns,1,horns,1,trombones,1
5428,tubas,1,percussion,2,percussion section,1
5431,timpani,1,drum kit,2,drum set,1
5434,xylophone,1,marimba,1,snare,1
5437,snare drum,1,bass drum,1,triangle,1
5440,cymbals,2,gone,1,gong,1
5443,tam-tam,1,harp,1,organ,3
5446,guitar,1,accordion,1,harmonica,1
5449,organ,3,mouth organ,2,Diaphragm Harmonica,2
5452,Diaphragm Harmonica,2,ensemble,3,ensemble member,1
5455,conductor,1,concertmaster,1,principal players,2
5458,principal players,2,chorus,2,The Ode to Joy,1
5461,ode,1,rehearse,1,rehearsal,1
5464,choir,2,dress rehearsal,1,electric guitar,1
5467,bass guitar,1,bass,3,baritone,1
5470,lower midrange,1,midrange,1,alto,1
5473,tenor,1,treble,1,soprano,1
5476,piccolo,2,stratospheric,1,bass clef,1
5479,treble clef,1,clef,1,drums,1
5482,drum kit,2,synthesizer,1,lead vocalist,1
5485,vocalist,1,backing vocalist,1,sax,1
5488,saxophone,1,blue harp,1,banjo,1
5491,12-bar blues,1,blue notes,1,urban,2
5494,urban blues,1,vocal,1,improvisation,1
5497,commentary,1,social commentary,1,mandolin,1
5500,percussion,2,congas,1,bongos,1
5503,timbales,1,shakers,1,sampler,1
5506,timpanist,1,pianist,1,guitarist,1
5509,bassist,1,drummer,1,keyboardist,1
5512,percussionist,1,dancers,1,arranger,1
5515,erhu,1,fiddle,1,two-stringed fiddle,1
5518,gu zheng,1,zither,2,pipa,1
5521,chinese lute,1,lue,1,lute,1
5524,moon guitar,1,zhong ruan,1,liuqin,1
5527,jinghu,1,opera violin,1,opera,4
5530,yangqin,1,dulcimer,1,guqin,1
5533,zither,2,dizi,1,chinese flute,1
5536,suona,1,trumpte,1,trumpet,3
5539,sheng,1,organ,3,mouth organ,2
5542,xiao,1,baw,1,bawu,1
5545,luo,1,gongs,1,gu,1
5548,daigu,1,xiaogu,1,jiagu,1
5551,bo,1,muyu,1,cymbals,2
5554,wooden fish,1,bianzhong,1,chime,2
5557,chime bells,1,bronze,2,bronze ware,1
5560,bronde,1,blonde,1,sanxian,1
5563,yueqin,1,gourd,1,gourd flute,1
5566,hulusi,1,paixiao,1,kouqin,1
5569,jaw harp,1,matouqin,1,horsehead fiddle,1
5572,koto,1,shamisen,1,kokyu,1
5575,biwa,1,shakuhachi,1,hichiriki,1
5578,hyoshigi,1,eel,3,sodium azide,1
5581,azide,1,external,1,monovalent,1
5584,eternal,2,iternal,1,beneath,1
5587,sprawling,1,canopy,2,delicate,3
5590,latticework,1,verdant,3,reverence,1
5593,faint,1,scent,1,jasmine,3
5596,mingled,1,mingled with,1,earthy,1
5599,aroma,6,moss,1,blend,2
5602,subtle,1,ceaseless,2,cadence,1
5605,languid,1,rhythm,1,murmuring,1
5608,murmur,1,brooks,1,brook,2
5611,glade,2,solitary,2,sihouette,1
5614,silhouette,2,immeasurable,1,choreography,2
5617,filament,1,faltered,1,wind rose,1
5620,imagery,2,metaphor,1,ornate,1
5623,poetic,2,poetic devices,1,narrative,1
5626,piling up,1,adjectives,1,emphasis,1
5629,alienating,1,TNT,2,TriNitroToluene,1
5632,trinitrotoluol,1,nitro,1,toluene,2
5635,explosive,1,black powder,1,RDX,2
5638,TNP,2,picric acid,1,picric,1
5641,trinitrophenol,1,illuminated,2,luminary,3
5644,ammonium nitrate,2,perfumes,3,affordable,1
5647,floral,4,aviation,3,shot down,1
5650,proximity,2,fragmentation,2,sharpnel,1
5653,shrapnel,1,evidence,1,hydraulics,1
5656,modest,1,evolution,2,iconic,2
5659,infrastructure,2,luxury,1,compete with,1
5662,geologist,1,pendulum,1,swung,1
5665,colonial,1,colonialism,1,offspring,1
5668,poverty,1,paraphernalia,1,wellbeing,1
5671,millenniums,1,blown away,1,hospatility,2
5674,hospatility,2,Glasgow,1,scenary,1
5677,tended to,1,gorgeous,2,bureaucracy,1
5680,IMHO,2,humble,2,futuristic,1
5683,transportation,2,splendid,2,gorgeous,2
5686,govt,1,propaganda,1,demonize,1
5689,more or less,1,quadrant,1,East Capitol Street,1
5692,capitol,1,perfumes,3,floral,4
5695,Dior,1,Givenchy,1,Fruity,1
5698,Bobbi,1,Crystalline,1,fragrance,4
5701,Papilio blumei,1,Papilio maackii,1,maackii,2
5704,maackii,2,Chengdu Aerospace Corporation,2,Chengdu Aerospace Corporation,2
5707,Shenyang Aircraft Corporation,1,Aviation Industry Corporation of,1,aviation,3
5710,agriculture,3,citrus,1,aerospace capabilities,2
5713,aerospace capabilities,2,capabilities,1,speculation,2
5716,regarding,2,ambitions,1,the next era of,2
5719,the next era of,2,rea,1,era,2
5722,military aviation,1,confidential,1,cutting-edge,1
5725,avionics,1,unmanned aerial vehicles,1,rumored,1
5728,anticipated,2,calvin,2,klein,1
5731,essence,2,woody,1,giorgio,1
5734,armani,1,oriental,5,hypnotic,1
5737,lancome,1,anna sui,1,fairy,1
5740,chanel,1,sycomore,1,aqua,1
5743,versace,1,tiffany,1,amber,2
5746,calvin,2,essential,1,essential oil,1
5749,lavender,4,peppermint,2,sandalwood,1
5752,sandal,1,scented,1,scented candles,1
5755,diffuser,1,diffuser sticks,1,sachets,1
5758,romantic,1,familial,1,affection,2
5761,familial bond,1,disgust,1,depression,2
5764,impression,1,inferiority,2,inferiority complex,1
5767,confidence,2,assurance,1,self-assurance,1
5770,jealousy,1,guilt,1,gratitude,2
5773,compassion,1,nostalgia,1,trait,1
5776,character traits,1,optimism,1,proactivity,1
5779,resilience,2,perseverance,1,resove,1
5782,resolve,1,integrity,2,loyalty,2
5785,high moral,1,moral,1,ethical,1
5788,ethical integrity,1,diligence,1,industriousness,1
5791,frugality,1,thriftiness,1,enthusiasm,2
5794,helpfulness,1,altruism,1,egoism,1
5797,execution ability,1,willpower,1,self-control,1
5800,self-discipline,1,discipline,2,arrogance,1
5803,conceit,1,humility,1,empathy,1
5806,tolerance,1,forgiveness,1,resilience,2
5809,herbal,3,hebal medicines,1,Chinese Herbal Medicines,1
5812,ginseng,2,puffball,1,Wild Chrysanthemum,1
5815,chrysanthemum,2,indicum,1,Chinese Arborvitae,1
5818,Barley Malt,1,barley,3,malt,3
5821,bulb,1,lily bulb,1,coptis,1
5824,Coptis Chinensis,1,perilla,1,cinnabar,2
5827,honeysuckle,1,forsythia,1,camphor,2
5830,plantain herb,1,herb,2,notoginseng,1
5833,astragali,1,mistletoe,1,hops,2
5836,dong quai,1,goji berry,2,white atractylodes,1
5839,poria,1,balloon,1,balloon flower,1
5842,birthwort,1,rhubarb,1,croton seed,1
5845,pot ash,1,realgar,1,sulfur,3
5848,arsenic,2,borneol,1,dawn,1
5851,dusk,1,moonlight,2,melody,1
5854,lighthouse,1,raindrop,1,elegant,1
5857,enchanting,3,tender,3,witty,1
5860,vivacious,1,resilient,1,delicate,3
5863,generous,1,dreamy,1,mysterious,1
5866,touching,1,passiionate,1,passionate,1
5869,graceful,1,adorable,1,illuminating,2
5872,enfolding,1,converge,1,converage,1
5875,coverage,1,gaze,1,radiance,2
5878,bloom,2,tapestry,1,celestial,3
5881,caressing,1,tranquility,1,muse,1
5884,presence,1,tenderness,1,tranquil,2
5887,vanish,1,enduring,1,exudes,1
5890,enchanting,3,fragrance,4,linger,2
5893,inviting one to linger,1,starlight,3,illuminating,2
5896,nourishing,3,luminous,2,ethereal,3
5899,resplendent,2,serene,2,majestic,3
5902,enchanting,3,translucent,2,iridescent,1
5905,surreal,1,austere,1,opulent,1
5908,melancholic,1,vibrant,2,sublime,1
5911,dazzling,1,crimson,6,azure,3
5914,verdant,3,gossamer,1,fleeting,1
5917,lush,3,timeless,1,eternal,2
5920,perpetual,1,permanent,2,everlasting,1
5923,tranquil,2,mystical,2,radiant,1
5926,glistening,1,spectral,2,spectre,1
5929,specter,1,photon,2,electron,2
5932,proton,3,neutron,1,molecule,1
5935,mole,2,celestial,3,celerity,1
5938,celsius,1,fahrenheit,1,astral,2
5941,cosmic,3,firmament,1,glorify,1
5944,aureate,1,gracefully,3,subtly,1
5947,mysteriously,1,breathtaking,1,breathtakingly,1
5950,serene,2,rapturous,1,wistful,1
5953,tender,3,tenderly,2,irrevocably,1
5956,irrevocabe,1,irrevocable,1,incessantly,1
5959,perpetually,1,twilight,3,crepuscular,1
5962,gloaming,1,starlight,3,moonlight,2
5965,twilight,3,aurora,3,eden,1
5968,sancturay,1,sanctuary,2,canopy,2
5971,cascade,2,majestic,3,waterfall,1
5974,cataract,2,plunge,1,pavilion,2
5977,promenade,1,arcade,2,terrace,1
5980,balcony,4,veranda,1,grotto,1
5983,alcove,1,bower,1,glade,2
5986,thicket,1,copse,1,brook,2
5989,streamlet,1,meadow,2,orchard,1
5992,parterre,1,hedge,1,grove,3
5995,expanse,1,panorama,1,silhouette,2
5998,reflection,1,mist,2,haze,1
6001,vapor,1,radiance,2,luminescence,1
6004,sheen,1,shimmer,3,glitter,1
6007,glimmer,1,bed linens,1,linens,1
6010,bedding,2,flannel,2,flannel sheet,1
6013,percale,1,percale sheet,1,cotton sheet,1
6016,silk sheet,1,linen sheet,1,sateen sheet,1
6019,sateen,1,antimicrobial,1,waterproof,1
6022,waterproof shoes,1,proof,1,pillow,4
6025,pillowcase,2,mattress,3,mattress pad,1
6028,blankets,2,comforter,3,down comforter,1
6031,cotton blanket,1,summer weight blanket,1,electric blanket,2
6034,throw,2,throw blanket,1,fiberfill,1
6037,silk comforter,1,latex pillow,1,memory foam pillow,1
6040,buckwheat pillow,1,gel,2,gel pillow,1
6043,buckwheat hull,1,hull,1,hypoallergenic,1
6046,accessories,3,ruffle,1,dust ruffle,1
6049,bedspread,2,coverlet,1,banner,2
6052,scarf,2,mattress topper,1,allergy,3
6055,allergy-resistant,1,headboard,1,footboard,1
6058,nightstand,3,cooling mat,1,bamboo mattress pad,2
6061,bamboo mattress pad,2,wicker,1,tattan,1
6064,rattan,1,foam,1,innerspring,1
6067,waterbed,1,air mattress,1,crib,2
6070,bed rail,1,bed guard,1,heating blanket,1
6073,electric blanket,2,cooling blanket,1,sleep sack,1
6076,sack,1,pregnancy,3,living room,1
6079,furniture,1,couch,3,armchair,1
6082,lounge,3,lounge chair,2,loveseat,1
6085,bean bag,1,bean bag chair,1,recliner,1
6088,coffee table,2,reclining,1,TV stand,1
6091,entertainment center,1,bookcase,1,bookshelf,2
6094,cabinet,5,display cabinet,1,rug,2
6097,footstool,2,ottoman,1,bedside table,2
6100,nightstand,3,wardrobe,2,closet,2
6103,vanity,1,dressing table,2,dining room,1
6106,buffet,1,cabinet,5,bar stool,1
6109,stool,2,table runner,1,runner,1
6112,file carbinet,2,file carbinet,2,file cabinet,1
6115,storage cabinet,2,lounge chair,2,chaise longue,1
6118,longue,1,chaise,1,grill,3
6121,swing chair,1,hammock,2,footstool,2
6124,room divider,1,coat rack,1,hat stand,1
6127,decorative,3,decorative shelf,1,SVM,1
6130,VMX,1,gress,1,amphibious,1
6133,assault,1,assault ship,1,diesel,2
6136,diesel electric,1,diesel-electric,1,ballistic,2
6139,ballistic missile,1,SSBN,1,STOVL,1
6142,replenishment,1,replenishment ship,2,replenishment ship,2
6145,amphibious assault ship,1,stuns with,1,stun,1
6148,tactical,2,proposal,2,tailless,1
6151,wingman,1,monolithic,1,tax evasion,1
6154,evasion,1,groundbreaking,1,monumental,1
6157,monument,1,propotypes,1,prototypes,1
6160,toad,1,nonsense,1,stimulus,1
6163,commercial,1,boutique,2,furniture store,1
6166,outlet,2,furniture outlet,1,department,1
6169,department store,1,snack shop,1,conventional,5
6172,convenience,1,convenience store,1,spice store,2
6175,spice store,2,grocery,1,grocery store,2
6178,credit union,1,unionpay,1,visa,1
6181,passport,1,ATM,2,teller,1
6184,traffic division,1,highway patrol office,1,patrol,2
6187,emergency medical center,1,ambulance,1,ambulance station,1
6190,faculty builidng,1,faculty building,1,college cuilding,1
6193,college building,1,department building,2,department building,2
6196,bookstore,1,bookshop,1,establish,1
6199,establishment,1,hotel,1,motel,1
6202,inn,1,bar and pub,1,helthcare,1
6205,healthcare,1,clinic,2,pharmacy,4
6208,leisure,2,movie theater,1,theater,3
6211,cinema,2,playhouse,1,theater,3
6214,theatre,2,auditorium,1,opera house,1
6217,opera,4,orchestra pit,2,balcony,4
6220,intermission,1,concession stand,1,concession,1
6223,green room,1,fly tower,1,encore,1
6226,fitness center,1,gem,1,gym,1
6229,gymnasium,1,golf course,1,amusement,1
6232,amusement park,1,happy vally,1,happy valley,1
6235,disneyland,1,resort,2,disney resort,2
6238,disney resort,2,theme park,1,transportation,2
6241,facilities,4,transportation facilities,1,bus stop,1
6244,subway station,1,train station,1,airport,1
6247,rental,1,car rental,1,community center,1
6250,communist,1,communism,1,courthouse,1
6253,city hall,1,supreme,1,procuratorate,1
6256,grocery store,2,police station,1,bureau,4
6259,pharmacy,4,municipal,1,police department,1
6262,proxima centauri,1,sirius,1,polaris,1
6265,betelgeuse,1,alpha centauri,1,mercury,2
6268,Mercury,1,Venus,1,Earth,1
6271,Mars,1,Jupiter,1,Saturn,1
6274,Uranus,1,Neptune,1,Pluto,1
6277,Moons,1,moon,1,Planets,1
6280,Stars^ Planets and Moons,1,Phobos,1,Deimos,1
6283,Io,1,Europa,1,Ganymede,1
6286,Callisto,1,Titan,1,Enceladus,1
6289,orbits,1,elliptical,1,circular,1
6292,elliptical orbit,1,circular orbit,1,synchronous,1
6295,synchronous orbit,1,asynchronous,1,parking orbit,1
6298,geostationary,1,geostationary orbit,2,astronomical,1
6301,astronomical phenomena,1,phenomena,2,phenomenon,1
6304,transit,1,eclipse,1,solar eclipse,1
6307,lunar eclipse,1,retrograde,1,retrograde motion,1
6310,opposition,1,conjunction,2,constellation,1
6313,nebula,1,supernova,1,astronomers,1
6316,distant galaxy,1,galaxy,1,milky way,1
6319,supernova explosion,1,GRB,1,gamma-ray burst,1
6322,energetic,1,neutron star,1,dwarf,1
6325,white dwarf,1,undergo,2,black hole,1
6328,pulsar,1,quasa,1,quasar,1
6331,comet,1,comet halley,1,Halley's Comet,1
6334,nucleus,1,comet nucleus,1,coma,1
6337,comet tail,1,hydrogen cloud,1,dark matter,1
6340,dark energy,1,cosmic,3,CMB,1
6343,Cosmic Microwave Background Radiation,1,Cosmic Microwave Background,1,asteroid,2
6346,meteor,1,meteor shower,1,asteroid belt,1
6349,Kuiper belt,1,scattered,1,scattered disk,1
6352,oort cloud,1,M78 Nebula,2,M78 Nebula,2
6355,plasma,1,capsule,1,speculative,2
6358,speculation,2,hypothetical,1,conjecture,3
6361,presumed,1,inferential,1,Karman Line,2
6364,Karman Line,2,tidal,2,tidal locking,2
6367,heliopause,1,heliosphere,1,solar wind,1
6370,corona,1,solar flare,1,flare,1
6373,CME,1,coronal,1,ejection,1
6376,coronal mass ejection,1,mass,1,sunspot,1
6379,magnetic flux,2,flux,1,geomagnetic,1
6382,geomagnetic field,1,magnetosphere,1,magnetic reconnection,1
6385,Van Allen Belts,1,belt,2,aurora,3
6388,bow shock,1,magnetopause,1,magnetotail,1
6391,ionosphere,2,prominence,1,coronal hold,1
6394,coronal hole,1,photosphere,1,chromosphere,1
6397,NASA,1,aeronautics,1,administration,1
6400,telescope,1,astronomical telescope,1,infrared,2
6403,ultraviolet,2,optical,2,optical telescope,1
6406,reflecting telescope,1,refracting telescope,1,reflecting,1
6409,refracting,1,radio telescope,1,tidal,2
6412,tidal locking,2,nebulae,1,orion,1
6415,crab nebula,1,boomerang,1,cat's eye,1
6418,constellations,2,ursa major,1,ursa minor,1
6421,ursa,1,scorpius,1,andromeda,1
6424,hercules,2,gemini,1,leo,1
6427,virgo,1,taurus,1,sagittarius,1
6430,redshift,1,blueshift,1,lensing,1
6433,gravitational,1,gravitational lensing,1,red giant,1
6436,main sequence start,1,main sequence star,1,planetary nebula,1
6439,stellar,1,stellar evolution,1,globular,1
6442,globular cluster,1,stellar wind,1,radiation belt,1
6445,interplanetary medium,1,interstellar medium,1,cosmic expansion,1
6448,cosmological principle,1,cosmological,1,cosmological constant,1
6451,big bang,1,cosmic ray,1,cosmic string,1
6454,space engineering,1,lunar transfer orbit,2,lunar transfer orbit,2
6457,lunar orbit,1,low earth orbit,1,LEO,1
6460,geostationary orbit,2,sun-synchronous orbit,1,hohmann transfer orbit,2
6463,retrograde orbit,1,coplanar,1,coplanar orbit,1
6466,roche limit,2,zodiac,2,constellations,2
6469,zodiac constellations,2,zodiac constellations,2,Aries,1
6472,Taurus,1,Gemini,1,Cancer,1
6475,Leo,1,Virgo,1,Libra,1
6478,Scorpius,1,Sagittarius,2,Capricornus,1
6481,Aquarius,1,Pisces,1,Hamal,1
6484,Aldebaran,2,Castor,1,Pollux,1
6487,Acubens,1,Regulus,1,Spica,1
6490,Zubenelgenubi,1,Antares,2,Kaus Australis,1
6493,Deneb Algedi,1,Sadalsuud,1,Alpherg,1
6496,Sagittarius,2,Perseus,1,Big Dipper,1
6499,Cygnus,2,Lyra,2,Hercules,1
6502,Bootes,1,Andromeda,1,Pegasus,1
6505,Auriga,1,Canis Minor,1,Cassiopeia,1
6508,Cepheus,1,Canis Major,1,Camelopardalis,1
6511,Betelgeuse,2,Rigel,2,Bellatrix,1
6514,Saiph,1,Alnitak,1,Alnilam,1
6517,Mintaka,1,Aquila,1,Lyra,2
6520,Altair,1,Vega,1,summer triangle,1
6523,Deneb,1,Cygnus,2,Winter Hexagon,1
6526,Hexagon,1,Rigel,2,Procyon,2
6529,Betelgeuse,2,Aldebaran,2,Antares,2
6532,Capella,2,Sirius,1,Carina,1
6535,Canopus,1,Alpha Centauri,1,Centaurus,1
6538,Arcturus,1,Procyon,2,Capella,2
6541,Fomalhaut,1,Piscis Austrinus,1,meteoroids,1
6544,meteors,1,meteor showers,1,perseids,1
6547,geminids,1,Perseids,1,Geminids,1
6550,Leonids,1,Andromedids,1,Piscis Austrinids,1
6553,Orionids,1,Draconids,1,serpens,1
6556,draco,1,pegasus,1,perseus,1
6559,celestial,3,astral,2,heavenly,1
6562,taurids,1,roche limit,2,tidal capture,1
6565,planetary ring,1,atmospheric escape,1,axial tilt,1
6568,seasonal variation,1,orbital,2,orbital resonance,1
6571,resonance,4,satellite,1,satellite system,1
6574,collision,2,collapse,1,habitable,1
6577,habitable zone,1,atmosphere,2,exosphere,2
6580,ionosphere,2,thermosphere,2,stratosphere,2
6583,troposphere,2,potential energy,1,first cosmic velocity,1
6586,orbital velocity,1,velocity,1,orbital speed,2
6589,second cosmic velocity,1,cosmic,3,escape velocity,2
6592,third cosmic velocity,1,interplanetary escape velocity,2,interplanetary escape velocity,2
6595,orbital speed,2,escape velocity,2,universal graviation,1
6598,universal gravitation,1,gravitation,1,law of universal gravitation,1
6601,gravitational constant,1,tidal force,1,gravitational wave,1
6604,angular momentum,2,momentum,1,centrifugal,1
6607,centrifugal force,1,centripetal,1,centripetal force,1
6610,orbital decay,1,geosynchronous orbit,1,hohmann transfer orbit,2
6613,gravity assist,1,Kepler,1,Kepler's Laws of Planetary,3
6616,Kepler's Laws of Planetary,3,Mathematics,1,Issac Newton,2
6619,Issac Newton,2,Leonhard Euler,1,Carl Friedrich Gauss,1
6622,Henri Poincare,2,Henri Poincare,2,David Hilbert,1
6625,John von Neumann,2,Physics,1,Albert Einstein,1
6628,Gottfried Wilhelm Leibniz,1,James Clerk Maxwell,1,Michael Faraday,1
6631,Niels Bohr,1,Richard Feynman,1,Max Planck,1
6634,Enrico Fermi,2,Stephen Hawking,1,Henry Cavendish,1
6637,Chemistry,1,Dmitri Mendeleev,1,Marie Curie,2
6640,Biology,1,Charles Darwin,1,Louis Pasteur,1
6643,Gregor Mendel,1,James Watson,1,Francis Crick,1
6646,Rosalind Franklin,1,Alexander Fleming,1,Howard Florey,1
6649,multidisciplinary,1,Galileo Galilei,1,Nicolaus Copernicus,1
6652,Johannes Kepler,1,Pythagorean,1,Benjamin Franklin,1
6655,Ludwig Boltzmann,1,Erwin Schrodinger,2,Erwin Schrodinger,2
6658,Archimedes,1,Archimedes of Syracuse,2,Syracuse,1
6661,Hendrik Lorentz,1,Blaise Pascal,1,Rene Descartes,1
6664,The Elements,1,Pythagoras,1,Samos,1
6667,Euclid,1,Pythagoras of Samos,1,Euclid of Alexandria,1
6670,Archimedes of Syracuse,2,Diophantus,1,Diophantus of Alexandria,1
6673,Fibonacci,1,Pierre de Fermat,1,Cauchy,1
6676,Bernhard Riemann,1,Alan Turing,1,John von Neumann,2
6679,Grace Hopper,1,Ada Lovelace,1,Edsger Dijkstra,2
6682,Edsger Dijkstra,2,Dennis Richie,1,Dennis Ritchie,1
6685,Jack Kilby,1,Gordon Moore,1,William Shockley,1
6688,David Patterson,1,John Hennessy,1,James Gosling,1
6691,Brian Kernighan,1,Aviation,1,Wright Brothers,1
6694,Wilbur Wright,1,Orville Wright,1,William Boeing,2
6697,William Boeing,2,Tsien Hsue-Shen,2,Tsien Hsue-Shen,2
6700,Theodore von Karman,1,Wernher von Braun,1,Nikola Tesla,1
6703,Sergei Korolev,1,Yuri Gagarin,1,Neil Armstrong,1
6706,Buzz Aldrin,1,Leonardo da Vinci,1,William Shakespeare,1
6709,Michelangelo Buonarroti,1,Ludwig van Beethoven,1,Leo Tolstoy,1
6712,Jane Austen,1,Philosophy,1,Plato,2
6715,Aristotle,2,Immanuel Kant,1,Friedrich Nietzsche,1
6718,Kal Marx,1,Karl Marx,1,Abraham Lincoln,1
6721,Winston Churchill,1,Mahatma Gandhi,1,Martin Luther King Jr,1
6724,Nelson Mandela,1,Christopher Columbus,1,Edmund Hillary,1
6727,Thomas Edison,1,Steve Jobs,1,Bill Gates,1
6730,Mark Zuckerberg,1,Elon Musk,1,Alexander the Great,1
6733,Julius Caesar,1,Hammurabi,1,Confucius,1
6736,Laozi,1,Siddhartha Gautama,1,Buddha,1
6739,Muhammad,1,Homer,1,Dante Alighieri,1
6742,Socrates,1,Plato,2,Aristotle,2
6745,Hippocrates,1,classical physics,1,Newton's Laws of Motion,1
6748,Kepler's Laws of Planetary,3,Laws of Thermodynamics,1,thermodynamics,1
6751,Ohm's Law,1,Coulomb's Law,1,Faraday's Law of Electromagnetic,1
6754,Maxwell's Equations,1,Gauss's Law for Electricity,1,Gauss's Law for Magnetism,1
6757,gradient,2,divergence,3,curl,3
6760,time derivative,1,electric field,1,magnetic field,1
6763,charge density,1,current density,1,permittivity,1
6766,permeability,1,magnetic flux,2,electrix flux,1
6769,Joule's Law,1,Theory of Relativity,1,Special Relativity,1
6772,General Relativity,1,Quantum Mechanics,2,Conservation of Energy,2
6775,conservation,2,Conservation of Momentum,1,Conservation of Mass,1
6778,Mass-Energy Equivalence,1,equicalence,1,equivalence,1
6781,neutrino,3,photon,2,Lorentz Transformation,1
6784,Doppler Effect,1,critical,1,critical phenomena,1
6787,chaos theory,1,chaos,1,Mechanics,1
6790,Statistical Mechanics,2,Four Fundamental Forces,2,Four Fundamental Forces,2
6793,Gravitational Force,1,Electromagnetic Force,1,Strong Nuclear Force,1
6796,Weak Nuclear Force,1,Classical Mechanics,1,Theoretical Mechanics,1
6799,Electrodynamics,1,Electromagnetism,1,Classical Electromagnetism,1
6802,Quantum Mechanics,2,Statistical Mechanics,2,speculative,2
6805,Einstein-Rosen bridges,2,Einstein-Rosen bridges,2,warp drives,1
6808,warp,1,wrap,1,antimatter,1
6811,annihilation,1,wormholes,1,matter-antimatter annihilation,1
6814,time travel,1,inertia,1,Law of Inertia,1
6817,Law of Acceleration,1,proportional,1,net force,1
6820,inversely,1,Action-Reaction Law,1,Elliptical Orbits,1
6823,sweeps out,1,Harmonic Law,1,harmonic,3
6826,semi-major axis,1,proportional to,1,directly proportional to,1
6829,the cube of,2,the cube of,2,the square of,1
6832,Zeroth Law,1,equilibrium,1,thermal,1
6835,Conservation of Energy,2,Entropy Increase Principle,1,entropy,1
6838,Wave-Particle Duality,1,particle,2,duality,1
6841,exhibit,1,Heisenberg Uncertainty Principle,1,particle,2
6844,schrodinger euqtion,2,schrodinger euqtion,2,schrodinger equation,1
6847,entanglement,1,Quantum Entanglement,1,Pauli Exclusion Principle,1
6850,fermions,1,quantum state,1,supersymmetry,1
6853,alcubierre,1,alcubierre drive,1,warp drive,1
6856,multiverse,1,quantum tunneling,1,chronology,1
6859,conjecture,3,Chronology Protection Conjecture,1,neutrino,3
6862,intersection,1,geographical terms,1,geographical,1
6865,continent,1,ocean,1,peninsula,1
6868,island,1,strait,1,canal,1
6871,plateau,2,basin,3,glacier,5
6874,volcano,1,Asia,1,Europe,1
6877,Africa,1,North America,1,South America,1
6880,Oceania,1,Australia,1,Austria,1
6883,Austral,1,Borealis,1,austral,1
6886,boreal,3,oriental,5,oriental,5
6889,occidental,1,northern^ southern^ eastern and,1,Pacific,1
6892,Atlantic,1,Arctic,2,Arctic,2
6895,Antarctic,1,Pacific Ocean,1,Atlantic Ocean,1
6898,Indian Ocean,1,Arctic Ocean,1,landmark,1
6901,Himalayas,1,Alps,1,Andes,1
6904,Rocky Mountains,2,Ural,1,Nile River,1
6907,Amazon River,1,Yangtze River,1,Yellow River,1
6910,Mississippi River,1,Congo River,1,Danube River,1
6913,Great Lakes,1,Sahara Desert,1,Arabian Desert,1
6916,Gobi,1,Tibetan,1,Tibet,1
6919,Sichuan Basin,1,glaciers,1,Ice Sheet,1
6922,Antarctic Ice Sheet,1,Mount Fuji,1,Mount Vesuvius,1
6925,Malacca Strait,1,Strait of Gibraltar,1,English Channel,1
6928,Panama Canal,1,Suez Canal,1,Bering Strait,1
6931,Great Barrier Reef,1,Niagara Falls,1,Dead Sea,1
6934,Mediterranean Sea,1,Mediterranea,1,Mediterranean,1
6937,Bay,1,Bohai Bay,1,Bohai Sea,1
6940,Yellow Sea,1,East China Sea,1,South China Sea,2
6943,Pyramids of Giza,2,Amazon Rainforest,2,South China Sea,2
6946,Pyramids of Giza,2,Amazon Rainforest,2,Nepel,1
6949,Nepal,1,Easter Island,1,Taj Mahal,1
6952,Colosseum,2,Rome,1,Palace of Versailles,2
6955,Palace of Versailles,2,Pantheon,1,Kremlin,2
6958,Moscow,1,Statue,1,Statue of Liberty,1
6961,Budapest,1,Red Square,1,Istanbul,1
6964,Cairo,1,Sydney Opera House,1,Kyoto,1
6967,Venice Canals,2,Venice Canals,2,Venice,1
6970,British Museum,1,Aurora Borealis,2,Forbidden City,1
6973,Colosseum,2,Notre-Dame de Paris,1,Athens,1
6976,Greece,1,Acropolis,1,Acropolis of Athens,1
6979,Kremlin,2,Jiuzhaigou Valley,1,Rocky Mountains,2
6982,Mongolia,1,Mount Kilimanjaro,1,Eiffel Tower,1
6985,Louvre Museum,1,Pompeii,1,Stonehenge,1
6988,Atlantis,2,Atlantis,2,Nautilus,1
6991,Captain Nemo,1,Jerusalem,1,Masjid,1
6994,Haram,1,Mecca,1,Saudi Arabia,1
6997,Israel,1,Indonesia,1,Palace,1
7000,Bali,1,Hawaii,1,Sanya,1
7003,Roman Forum,1,Dubai,1,Emirates,1
7006,Burj Khalifa,1,United Arab Emirates,1,Winter Palace,1
7009,Saint Petersburg,1,Vienna State Opera,1,Vienna,1
7012,Florence,1,Cathedral,1,axiom,2
7015,ference,1,friction,1,restitution,1
7018,collision,2,LHS,1,projectile,2
7021,projection,1,retard,1,toxic,1
7024,flammable,1,fappable,1,fap,1
7027,pinpick,1,pinprick,1,hail,1
7030,sleet,1,thunderstorm,1,thunder,1
7033,fog,1,mist,2,dew,2
7036,frost,2,drizzle,2,downpour,1
7039,shower,1,drizzle^ shower^ rain and,1,blizzard,1
7042,hurricane,1,tornado,1,typhoon,1
7045,cyclone,1,dust storm,1,heat wave,1
7048,cold snap,1,snap,1,smog,1
7051,air pollution,2,gale,1,breeze,1
7054,chill,1,wind chill,1,humidity,1
7057,temporature,2,tempurature,1,temperature,2
7060,precipitation,1,cloud cover,1,overcast,1
7063,partly cloudy,1,clear sky,1,meteorological,1
7066,barometer,1,wind speed,1,wind dircetion,1
7069,wind diretion,1,wind direction,1,dew,2
7072,dew point,1,cold front,1,warm front,1
7075,stationary front,1,occluded,1,jet,2
7078,jet stream,1,isobar,1,isotherm,1
7081,isoheight,1,isoline,1,contour line,1
7084,contour,2,isohyet,1,forecast,1
7087,weather forecast,1,el nino,2,la nina,1
7090,monsoon,2,microclimate,1,synoptic,1
7093,synoptic chart,1,satellite imagery,1,imagery,2
7096,hygrometer,1,anemometer,1,pyranometer,1
7099,therm,1,calori,1,calore,1
7102,calorie,1,thermometer,1,psychrometer,1
7105,radiosonde,1,mesocyclone,1,supercell,1
7108,borealis,1,australis,1,Aurora Borealis,2
7111,Aurora Australis,1,Heat Island Effect,1,Urban,1
7114,Urban Heat Island,1,flash flood,1,flash drought,1
7117,wildfire,1,drought,1,flood,1
7120,landslide,2,debris,3,debris flow,2
7123,tsunamic,1,tsunami,2,seiche,1
7126,ice storm,1,squall,1,haboob,1
7129,squall line,1,snow squall,1,water spout,1
7132,spout,1,whirl,1,fire whirl,1
7135,ball lightning,1,dry lightning,1,vortex,1
7138,polar vortex,1,trade,1,trade winds,1
7141,westerlies,1,polar easterlies,1,easterlies,1
7144,equatorial counter,1,equatorial counter current,1,equatorial,1
7147,equator,1,global warming,2,greenhouse effect,2
7150,carbon footprint,1,renewable,1,renewable energy,1
7153,ocean acidification,2,permafrost,1,permafrost thawing,2
7156,thawing,2,permafrost thawing,2,glacier retreat,1
7159,glacier,5,thawing,2,retreat,2
7162,arctic,2,retreat,2,cirrus,1
7165,cirrostratus,1,cirrocumulus,1,altostratus,1
7168,altocumulus,1,stratus,1,stratocumulus,1
7171,nimbostratus,1,cumulus,1,cumulonimbus,1
7174,mammatus,1,mammatus cloud,1,lenticular,1
7177,lenticular cloud,1,contrails,1,fog bow,1
7180,halo,2,sun dog,1,moon dog,1
7183,mirage,4,green flash,1,light pillar,1
7186,pillar,2,fire rainbow,1,anvil,1
7189,anvil cloud,1,undulatus,1,asperatus,1
7192,clory,1,glory,2,morning glory,1
7195,trumpet,3,trumpet flower,1,virga,1
7198,supernumerary,1,numerary,1,noctilucent,1
7201,legendary,1,luminous pearl,1,moondust,1
7204,twilight,3,arch,3,splendid,2
7207,advection,1,upslope,1,frontal,1
7210,downslope,1,cranked,1,facilities,4
7213,vandalism,1,dispute,3,loopy,1
7216,promising,1,salience,1,oriented,1
7219,classical,1,classic,1,impaling,1
7222,riptide,2,raid,1,raider,1
7225,surge,2,Belgium,1,panzer,1
7228,nutter,1,thug,1,rods,1
7231,lighting rod,1,conjection,1,arrange,1
7234,evolution,2,actuator,1,divine,1
7237,consult on,1,consult,2,admired,1
7240,admire,1,tiara,1,happen to be,1
7243,trasured it,1,trasured,1,treasured it,1
7246,treasured,1,falvor,1,flavor,3
7249,brewing,1,lovely,1,insufficient,1
7252,seduce,1,feefee,1,so long,1
7255,settles it,1,settle,1,dispute,3
7258,detonation,1,oblique,1,obliquity,1
7261,polka,1,arthals,1,arthal,1
7264,hopping,1,roulette,1,defensive,1
7267,counter air,1,defensive counter air,1,dominance,1
7270,loadout,1,IWB,1,airbases,1
7273,hostile,1,HVAA,1,afterburner,1
7276,ft,1,feet,1,supercruise,1
7279,orbit,1,strike,3,disarray,1
7282,reinforcement,1,side-looking,1,kinematics,1
7285,subsonic,1,guaranting,2,guarante,1
7288,guaranting,2,guaranteeing,1,lethality,1
7291,lone,1,lone wolf,1,penetrate,1
7294,rear,1,vulnerable,1,flank,1
7297,drones,2,sarcastic,1,implies,1
7300,inverstors,1,investors,1,funeral,2
7303,medding,1,wedding,1,strains,1
7306,in the pond of,1,pond,1,handful,1
7309,gossip,1,feud,1,sheaves,1
7312,wheat sheaves,1,militants,1,asteroid,2
7315,orbits the sun,1,swamping,1,swamp,1
7318,dispatchers,1,sonic boom,1,pickup truck,1
7321,hit-and-run,1,unconscious,1,conscious,1
7324,dissertation,3,breed,3,seedy,1
7327,patrol,2,neigh,1,mangrove,3
7330,propagule,1,tulip,2,coral,5
7333,podzol,2,nautilus,1,2024,1
7336,2025,2,bear,1,bore,1
7339,borne,1,polar bear,2,brown bear,1
7342,black bear,1,paw,1,bear paw,1
7345,windspept,1,windswept,5,mangrove,3
7348,narrator,1,mipmap,1,scholarship,1
7351,dignity,1,fame,1,profound,2
7354,meticulous,1,dedicated,1,infused,1
7357,infused with humanism,1,humanism,1,precise,1
7360,constructive,1,rigor,1,compassionate,1
7363,extraordinarily,1,towering figure,1,scholars,1
7366,scholar,1,polymath,1,excelling,1
7369,sociology,1,linguistics,3,profound,2
7372,expertise,1,mastery,1,enriched,1
7375,perspectives,1,imprint,1,mentorship,1
7378,rigorous,1,spark,1,curiosity,1
7381,fostering,1,nurturing,1,cherished,1
7384,evokes,1,fulfillment,2,reigniting,1
7387,pursuits,1,flourish,1,ba,1
7390,linguistics,3,nabla,1,affilicated,1
7393,affiliated,1,football pitch,1,pitch,1
7396,pitcher,4,tar,1,tars,1
7399,sailor,1,seaman,2,leisure,2
7402,arder,1,recreation,1,entertainment,1
7405,amuse,1,philharmonic,1,harmonic,3
7408,philharmonic orchestra,1,artistic director,1,commisoned,1
7411,commissoned,1,commissioned,1,commission,1
7414,commiss,1,commisse,1,mandate,1
7417,appoint,1,nominate,1,appointment,1
7420,grant,2,be flattered to,1,flattered,1
7423,charitable,1,outlined,1,congress,1
7426,relinquished,1,ordination,1,church,2
7429,illegitimate,1,patronage,1,treasury,1
7432,recompense,1,proposal,2,Principal,2
7435,Principal Investigator,1,Investigator,1,tenured,1
7438,interdisciplinary,2,HMI,1,noviolate,1
7441,modern,1,pragmatics,1,linguistics,3
7444,association,1,atypicality,1,derived,2
7447,discourse,2,diagnosis,2,treatment,1
7450,rehabilitation,3,dissertation,3,implication,1
7453,Summarization,1,ethics,2,deliverables,1
7456,implications,1,relevance,1,distributed,1
7459,potential,1,dense,1,silent data corruption,1
7462,mantissa,1,trail,1,heuristic,1
7465,conventional,5,medal,2,drona,1
7468,labourer,1,embassy,2,ODE,1
7471,ethereal,3,array,1,sputnik,1
7474,sputnik moment,1,pentagon,1,maneuver,4
7477,Herbst Maneuver,1,labor,3,stall,1
7480,margin,1,stall margin,1,steeply,1
7483,reversal,1,unveil,2,unreavel,1
7486,unreal,1,marry,1,merry,2
7489,chapel,1,church,2,worship,1
7492,dispute,3,maneuver,4,astronauts,1
7495,shuttle,1,underbelly,1,belly,6
7498,ripped,2,ripped open,1,Enthusiast,1
7501,enthusiasm,2,Christianity,1,Islam,2
7504,Catholicism,2,convert to,1,Buddhism,1
7507,Taoism,1,Protestantism,1,Catholicism,2
7510,Lutheranism,1,Calvinism,1,Anabaptism,1
7513,Methodism,1,Puritanism,1,Quakerism,1
7516,Presbyterian,1,Islam,2,Islamism,1
7519,Zen,1,Mahayana,1,Theravada,1
7522,Judaism,1,Hinduism,2,Shintoism,1
7525,Brahmanism,1,Hindu,1,Hinduism,2
7528,Brahminism,1,Sikhism,1,pious,1
7531,pope,1,pagan,1,Allah,1
7534,altar,1,apostle,1,atheist,1
7537,Catholic,1,cult,1,deity,1
7540,fast,1,gospel,1,heresy,1
7543,incarnate,1,koran,1,minister,3
7546,missionary,1,preach,1,preacher,1
7549,Protestant,1,resurrection,1,scripture,1
7552,superstition,1,taboo,1,carnivoran,1
7555,footpad,1,reveal,2,pterosaur,2
7558,skimming,1,anatomical,1,reappraisal,1
7561,appraise,1,appraisal,1,azhdarchid,1
7564,pterosaur,2,morphology,2,paleoecology,1
7567,Goodman,1,datasets,1,medical,1
7570,sphinx,3,flush,1,flusher,1
7573,disturb,2,disturbing,1,lancer,1
7576,Rockwell,1,strategic,1,reassignment,1
7579,Afghanistan,1,Iraq,1,NATO,2
7582,treaty,2,negotiations,2,clutter,1
7585,stray,1,durability,1,reputational,1
7588,longevity,1,runs in families,1,terrain,1
7591,allegedly,1,griefing,1,asethetic,1
7594,aesthetic,1,seamless,1,fair-play,1
7597,miscellaneous,2,dedication,1,beehive,1
7600,shovel,2,strike,3,lighting strike,1
7603,jade,2,vendor,1,affication,1
7606,affection,2,nudge,3,reposition,1
7609,trajecton,1,trajectory,1,resembling,1
7612,resemble,2,manover,1,maneuver,4
7615,manoeuvre,1,cobra,2,parliament,1
7618,attorney,1,infantry,3,cavalry,2
7621,ballet,4,theatre,2,cuisine,4
7624,souffle,2,souffle,2,croissant,1
7627,couture,1,chic,1,blouse,3
7630,chateau,1,mansion,1,arcade,2
7633,affair,2,entrepreneur,1,investment,2
7636,aisance,1,bouquet,2,camaraderie,1
7639,facade,1,liaison,2,quasi,1
7642,bonjour,1,bonsoir,1,salut,1
7645,salute,1,coucou,1,bonne,1
7648,merci,1,bonne nuit,1,gute nacht,1
7651,Oyasuminasai,1,Oyasumi,1,kurtosis,2
7654,hook,2,embedding,1,embeddings,1
7657,parameters,1,smithing,1,smith,2
7660,blacksmith,2,taylor,1,wright,1
7663,turner,2,mason,2,cooper,1
7666,shepherd,2,Lapis Lazuli,1,lapis,1
7669,lazuli,1,prismarine,1,marine,5
7672,prism,2,chiseled,3,galzed,1
7675,glazed,1,terracotta,1,fletching,1
7678,grindstone,1,blast furnace,1,lectern,1
7681,loom,1,brewing stand,1,cartography,1
7684,smithing table,1,composter,1,compost,1
7687,fertillizer,2,fertilliser,1,fertilizer,3
7690,fertiliser,1,solitude,2,deterioration,1
7693,nudge,3,joggle,1,jogging,1
7696,lope,1,marathon,1,endurance,1
7699,triathlon,2,crippled,1,let alone,1
7702,lengthened,1,negotiations,2,unaware,1
7705,welfare,2,handouts,1,jailed,1
7708,panick,1,panicking,1,panic,1
7711,siege,1,nitwit,1,armorer,1
7714,butcher,1,cartographer,1,cleric,1
7717,fletcher,1,mason,2,shepherd,2
7720,toolsmith,1,weaponsmith,1,blacksmith,2
7723,smith,2,eroded,1,windswept,5
7726,pine,2,pine taiga,1,grove,3
7729,mangrove,3,basalt,4,lush,3
7732,crimson,6,warped,2,dripstone,2
7735,apron,2,straw,1,straw hat,1
7738,quiver,1,eyepatch,1,black apron,1
7741,apron,2,welding,2,welding mask,1
7744,monocle,1,headband,1,squat,3
7747,squat,3,recover,1,presto,1
7750,miscellaneous,2,miscellany,1,effort,1
7753,precison,2,precison,2,precision,2
7756,spectrum,2,chainmail,1,TCM,3
7759,promotion,3,aptitude,1,attitude,1
7762,altitude,1,appetite,1,longtitude,1
7765,longitude,1,latitude,1,amplitude,1
7768,gratitude,2,controller,1,retain,1
7771,liaison,2,palindrome,1,systemic,3
7774,systematic,1,burn out,1,transit visa,1
7777,customs,1,custom,1,customize,1
7780,customization,1,immigration,2,deportation,1
7783,repatriation,1,quarantine,1,duty-free,1
7786,tariff,1,waiver,1,visa wwaiver,1
7789,visa waiver,1,landing visa,1,entry permit,1
7792,permit,1,residence,2,promotion,3
7795,alien,1,residence,2,residence permit,1
7798,embassy,2,consulat,1,consulate,1
7801,consult,2,consular,1,consular visa interview,1
7804,stady abord,1,study abroad,1,curricular,2
7807,orientation,1,insurance,1,alumni,1
7810,luggage,1,undergo,2,duties,1
7813,board a flight,1,comply,1,regulatiosn,1
7816,regulations,1,clearance,1,naturalization,1
7819,refugee,2,asylum,1,humanitarian,1
7822,reunification,1,labor,3,adjustment,1
7825,backlog,1,appeal,2,visa appeal,1
7828,refusal,1,citizenship,1,expatriate,2
7831,emigrant,1,migrant,1,undocumented,1
7834,voluntary,1,residency,1,residency abroad,2
7837,residency abroad,2,diaspora,2,overseas Chinese,1
7840,expatriate,2,resident,1,resident alien,1
7843,sojourner,1,expatriation,1,nudge,3
7846,diaspora,2,huaren,1,huaqiao,1
7849,sinophone,1,ethnic,3,chinatown,1
7852,returnee,1,transnatinoalism,1,transnationalism,1
7855,household,3,ancestral,1,ancestral home,1
7858,welfare,2,social welfare,1,social security,1
7861,pension,1,retirement fund,1,health insurance,1
7864,maternity insurance,1,maternity,2,provident,1
7867,guarantee,2,allowance,1,elderly,1
7870,elderly care,1,nursing home,1,nursing,1
7873,orphanage,1,taxation,1,VAT,1
7876,value-added tax,1,capital gains,1,income tax,1
7879,property tax,1,inheritance,1,inheritance tax,1
7882,gift tax,1,deduction,1,exemption,1
7885,tax refund,1,tax return,1,refund,1
7888,conscription,1,reserve,1,reserve force,1
7891,veteran,1,kinship,1,immediate family,2
7894,extended family,1,parent,2,sibling,1
7897,niece,1,nephew,1,spouse,1
7900,divorce,1,adoption,1,foster parent,1
7903,guardianship,1,dependent,1,caregiver,1
7906,census,1,population census,1,demographic,1
7909,demographics,1,urban,2,urbanization,1
7912,rural,2,enterprise,1,industrious,1
7915,willing,1,invoke,1,interrad,1
7918,mystical,2,innocent,1,bouquet,2
7921,expiry,1,cloves,3,olive,2
7924,oliver,2,azure,3,cerulean,1
7927,cobalt,4,indigo,1,periwinkle,1
7930,winkle,1,ultramarine,1,marine,5
7933,verdi,2,verdigris,2,viridian,1
7936,drab,1,sepia,2,sienna,1
7939,umber,1,mauve,1,magenta,3
7942,fuchsia,1,crimson,6,scarlet,1
7945,vermilion,2,russet,2,taupe,1
7948,slate,2,slate grey,1,pewter,1
7951,khaki,1,buff,1,ecru,1
7954,beige,1,alabaster,2,ivory,1
7957,platinum,2,champagne,2,coral,5
7960,blush,2,peacock,3,lavender,4
7963,thistle,2,mulberry,2,charcoal,2
7966,onyx,1,aquamarine,1,carmine,1
7969,celadon,1,cinnamon,4,denim,3
7972,eggshell,1,fallow,1,falx,1
7975,gamboge,1,garnet,2,ginger,9
7978,hazel,2,heliotrope,1,heliotroper,1
7981,helitropter,1,helicopter,2,nutmeg,2
7984,ochre,1,puce,1,russet,2
7987,saffron,3,sepia,2,toned,1
7990,squid,3,tangerine,2,topaz,2
7993,turmeric,3,oriental,5,cambrian,1
7996,cretaceous,2,triassic,1,cambrian period,2
7999,cretaceous period,2,triassic period,2,proterozoic eon,1
8002,eon,2,proterozoic,1,neo^ meso and pale,2
8005,neo^ meso and pale,2,neo^ meso and paleo,1,archean eon,1
8008,phanerozoic,1,phanerozoic eon,1,paleozoic era,1
8011,cambrian period,2,ordovician period,1,ordovician,1
8014,silurian,1,devonian,1,carboniferous,1
8017,permian,1,mesozoic,1,triassic period,2
8020,jurassic,1,jurassic period,1,cretaceous,2
8023,cretaceous period,2,cenozoic,1,cenozoic era,1
8026,paleogene,1,paleogene period,1,paleocene,2
8029,epoch,2,paleocene epoch,2,paleocene,2
8032,paleocene epoch,2,miocene epoch,1,pliocene epoch,1
8035,quaternary period,1,pleistocene epoch,1,holocene epoch,1
8038,sinian,1,pangaea,1,ice age,1
8041,glacial,2,glacial period,1,ice sheet,1
8044,glacier,5,iceberg,2,erosion,3
8047,moraine,1,continental,1,continental drift,1
8050,tectonics,1,plate tectonics,1,subduction,2
8053,spread,1,spreading,1,rift,1
8056,drift,1,suture,1,orogeny,1
8059,volcanism,1,paleoclimatology,1,depositional,1
8062,extincition,1,extinction,1,paleontology,1
8065,dinosaur,1,trex,1,T-REX,1
8068,tyrannosaurus,1,tyrannosaurus rex,1,velociraptor,1
8071,triceratops,1,stegosaurus,1,brachiosaurus,1
8074,apatosaurus,1,brontosaurus,1,spinosaurus,1
8077,allosaurus,1,ankylosaurus,1,dilophosaurus,1
8080,parasaurolophus,1,giganotosaurus,1,mammoth,1
8083,saber-toothed,1,saber,1,smilodon,1
8086,quetzalcoatlus,1,pteranodon,1,ichthyosaurus,1
8089,plesiosaurus,1,plesiosaur,1,mosasaurus,1
8092,dimetrodon,1,elasmosaurus,1,dodo,1
8095,woolly,1,rhinoceros,2,glyptodon,1
8098,megatherium,1,megalodon,1,mastodon,1
8101,thylacine,1,coelacanth,1,ferns,1
8104,pteridophyta,1,cycad,1,ginkgoale,1
8107,ginkgoales,1,conifers,1,trilobites,1
8110,phacops,1,calymene,1,horseshoe,1
8113,horseshoe crabs,1,ammonites,1,nautiloid,1
8116,nautiloids,1,brachiopods,1,bryozoans,1
8119,crinoids,1,graptolites,1,scorpion,3
8122,arthropleura,1,meganeura,1,anomalocaris,1
8125,pine,2,spruce,1,fir,1
8128,larch,1,cedar,1,parasol,2
8131,parasol tree,1,chinese parasol tree,1,plane tree,1
8134,poplar,2,aspen,1,willow,2
8137,weeping,1,weeping willow,1,hawthorn,2
8140,elm,1,beech,1,oak,1
8143,magnolia,1,yulan,1,denudata,1
8146,apricot,1,plum,4,almond,2
8149,ginkgo,1,populus euphratica,1,rowan,1
8152,mulberry,2,chestnut,1,walnut,1
8155,teak,1,acacia,1,eucalyptus,1
8158,baobab,1,palm,3,redwood,1
8161,dawn redwood,1,metasequoia,1,shaft,1
8164,sichuan pepper,1,prickly,1,ash,1
8167,culinary,1,TCM,3,therapie,1
8170,therapies,1,acupuncture,1,remedies,2
8173,herbal,3,herbal remedies,1,eczema,4
8176,bark,2,sap,1,cinchona bark,2
8179,quinine,3,malaria,3,mosquitoes,2
8182,insects,2,beetles,2,crust,6
8185,mantle,1,outer core,1,inner core,1
8188,lithosphere,2,tectonic,1,tectonic plate,1
8191,strike,3,strike-slip,1,slip,1
8194,anticline,1,cline,1,syncline,1
8197,dike,1,sill,2,landform,2
8200,topography,1,hill,1,canyon,1
8203,basin,3,delta,2,karst,1
8206,yardang,1,danxia,1,landform,2
8209,badlands,1,fjord,2,cliff,1
8212,sinkhole,1,mesas,1,buttes,1
8215,erosion,3,deposition,2,compaction,1
8218,cementation,1,metamorphism,1,subduction,2
8221,uplift,1,subsidence,1,isostasy,1
8224,fluvial,1,glacial,2,marine,5
8227,mass wasting,1,wasting,1,landslide,2
8230,debris flow,2,volcanic ash,1,igneous,1
8233,igneous rock,1,sedimentary,1,sedimentary rock,1
8236,metamorphic,1,metamorphic rock,1,mineral,2
8239,quartz,1,feldspar,1,calcite,3
8242,mica,2,clay,1,shale,2
8245,granite,2,basalt,4,marble,1
8248,slate,2,gneiss,1,pumice,1
8251,seismic,1,seismic hazard,1,hazard,1
8254,debris,3,tsunami,2,desertification,1
8257,eon^ era^ period^ epoch,1,eon,2,era,2
8260,radiometric,1,radiometric dating,1,dating,1
8263,phenomena,2,loess,1,dunes,1
8266,barchan,1,meander,1,alluvial,1
8269,alluvial fan,1,kettle,4,drumlin,1
8272,butte,1,arch,3,sea stack,1
8275,atoll,1,guyot,1,seamount,1
8278,ridge,1,trench,2,ocean trench,1
8281,abyssal,1,kimberlite,1,limestone,1
8284,dolomite,1,halite,1,gypsum,1
8287,diatomite,1,flint,2,oil shale,1
8290,shale,2,schist,2,schist,2
8293,mica,2,silicate,2,silicate minerals,1
8296,muscovite,1,biotite,1,pyroxene,1
8299,olivinie,1,olivine,1,garnet,2
8302,calcite,3,pyrite,1,hematite,1
8305,magnetite,1,siderite,1,barite,1
8308,fluorite,2,malachite,2,azurite,1
8311,magnestie,1,magnesite,1,apatite,1
8314,borax,1,sulfur,3,cuprite,1
8317,chalcopyrite,1,native gold,1,native silver,1
8320,gemstone,1,precious,1,precision,2
8323,ruby,1,sapphire,1,emerald,1
8326,amethyst,1,tourmaline,1,topaz,2
8329,peridot,1,amber,2,coral,5
8332,lapis llazuli,1,lapis lazuli,1,jade,2
8335,jadeite,1,covellite,1,patina,2
8338,carbonate,3,copper carbonate,1,exposed,2
8341,weathered,2,oxidized,2,verdi,2
8344,verdigris,2,alunite,1,alum,1
8347,corundum,1,electrum,1,bituminous,1
8350,bituminous coal,1,anthracite,1,peat,1
8353,coking coal,1,pitchblenda,1,pitchblende,1
8356,sphalerite,1,petroleum,2,hydrocarbon,1
8359,methane,3,ethane,1,propane,2
8362,ethylene,2,propylene,2,benzene,2
8365,toluene,2,xylene,1,coalbed,1
8368,methane,3,bauxite,1,molybdentie,1
8371,molybdenite,1,phosphate rock,1,fluorite,2
8374,beryl,1,heliodor,1,crystal,1
8377,smoky quartz,1,rutilated,1,rutilated quartz,1
8380,agate,1,almandine,1,tsavorite,1
8383,moonstone,1,zircon,1,turquoise,1
8386,tortoiseshell,1,tridacna shell,1,tridacna,1
8389,clam,1,rhinoceros,2,rhino,1
8392,red coral,1,coral,5,narwhal,2
8395,tush,1,tusk,1,narwhal tusk,1
8398,walrus,2,jet,2,mohs scale,1
8401,luster,1,adamantine,1,vitreous,1
8404,pearly,1,resinous,1,translucent,2
8407,opaque,1,cleavage,2,fracture,2
8410,conchoidal,1,fibrous,1,refractive,2
8413,fluoresvence,1,fluorescence,1,phosphorescence,1
8416,irradiation,1,dyeing,1,coating,1
8419,impregnation,1,filling,1,cabochon,1
8422,tumbling,1,loupe,1,refractometer,1
8425,polariscope,1,spectroscope,1,Burma,1
8428,Sri Lanka,1,birthstones,1,zodiac stones,1
8431,zodiac,2,asterism,1,chatoyancy,1
8434,adularescence,1,iridescence,1,synthetic,1
8437,synthetic gems,1,imitation,1,simulants,1
8440,counterfeit,1,fake goods,1,knockoff,1
8443,composite,1,carat,1,karat,1
8446,calibrated,1,parure,1,inlay,1
8449,mounting,1,setting,1,prong,2
8452,bezel,1,oval,1,marquise,2
8455,cushion,2,baguette,3,trillion,1
8458,saw blade,1,cleavage,2,bruting,1
8461,girdle,2,grinding,1,facets,1
8464,coated,2,coated with,2,diamond dust,1
8467,faceting,1,crown,2,paviliion,1
8470,pavilion,2,girdle,2,culet,1
8473,play-of-color,1,grading report,1,inscription,1
8476,carving,1,rock carving,1,calligraphic,1
8479,pal,1,chum,1,guy,1
8482,fella,1,pardner,1,humorously,1
8485,reverend,1,highness,1,counselor,3
8488,conosultant,1,techincian,1,consultant,1
8491,technician,1,sweetie,1,cutie,1
8494,sweetheart,1,chick,1,babe,1
8497,gramp,1,four eyes,1,fatso,1
8500,shorty,1,redneck,1,freak,1
8503,wimp,1,weirdo,1,jerk,1
8506,frenemy,1,BFF,1,troll,1
8509,nerd,1,geek,1,LOL,1
8512,ROFL,1,LMAO,2,ass off,1
8515,BTW,1,TTYL,1,BRB,1
8518,IDK,1,FYI,1,IMAO,1
8521,TBH,2,IMHO,2,humble,2
8524,AFAIK,1,IRL,1,SMH,1
8527,TMI,1,NSFW,1,FOMO,2
8530,YOLO,1,FML,1,fuck my life,2
8533,fuck my life,2,AFK,1,OOTD,1
8536,OOTN,1,IG,1,instagram,1
8539,SNAP,1,snapchat,1,retweet,1
8542,hat tip,1,follow friday,1,miss friday,1
8545,ICYMI,1,AMA,1,ask me anything,1
8548,PPL,1,hashtag,1,WTF,1
8551,WTH,1,what the hell,1,JK,1
8554,NP,1,no problem,1,TY,1
8557,thank you,1,PLZ,1,PLS,1
8560,ASAP,1,EOD,1,end of day,1
8563,ETA,2,estimated,2,DIY,1
8566,FAQ,1,TBD,1,TBA,1
8569,GG,1,NOOB,1,newbie,1
8572,greenhand,1,mana,1,mana point,1
8575,HP,1,health points,1,experience points,1
8578,XP,1,HP^ MP^ and XP,1,pVP,1
8581,PVE,1,MMORPG,1,RPG,3
8584,MOBA,1,FPS,1,first person shooter,1
8587,arena,2,arena,2,battle arena,1
8590,multiplayer online battle arena,1,action game,1,colosseum,1
8593,amphitheatre,1,ASL,1,JIC,1
8596,KIT,1,LMK,1,NBD,1
8599,OTOH,1,regrading,1,regrading of,1
8602,regrading to,1,regarding,2,regarding of,1
8605,regarding to,1,SOS,1,TBC,1
8608,TTFN,2,ta-ta,1,IKR,1
8611,IYKYL,1,IYKYK,1,TBH,2
8614,TBF,1,to be fair,1,WDYM,1
8617,WYA,1,GGWP,1,GLHF,1
8620,gank,1,waxing,1,bait,1
8623,baiter,1,clutch,1,collateral,1
8626,surf,1,pugstar,1,jame,1
8629,jame time,1,nerf,1,CFO,1
8632,CTO,1,PPT,1,SWOT,1
8635,strengths and weaknesses,1,opportunities and threats,1,TGIF,1
8638,BYOD,1,HIIT,1,initensity,1
8641,intensity,1,BMI,1,mass index,1
8644,FOMMO,1,FOMO,2,vegan,1
8647,paleo,1,LMBO,1,LMAO,2
8650,PLMK,1,SMDH,1,TIA,1
8653,TTFN,2,GPS,1,ETA,2
8656,GMT,1,UTC,1,RSVP,1
8659,ATM,2,WiFi,1,wireless fidelity,1
8662,CSS,1,cascading,1,HTML,1
8665,JSON,1,SQL,1,UI,1
8668,UX,1,HTTP,1,MAC,1
8671,URL,1,XXL,1,petite,1
8674,OSFA,1,bust,1,waist,2
8677,hips,1,inseam,1,outseam,1
8680,circumference,1,armhole,1,collar,1
8683,turtleneck,1,sleeve,1,puff,1
8686,zipper,1,pocket,1,hem,1
8689,placket,1,fly,1,waistband,1
8692,belt loops,1,cuffs,1,label,1
8695,handcuffs,1,seams,1,trim,2
8698,blouse,3,jogger,1,joggers,1
8701,leggings,2,capris,1,parka,1
8704,blazer,3,raincoat,1,maxi dress,2
8707,midi dress,1,mini dress,1,wrap dress,2
8710,panties,2,boxers,2,briefs,2
8713,thong,1,crop top,1,peasant,1
8716,kimono,1,halter,1,bodysuit,1
8719,blouse,3,pleated,1,harem pants,1
8722,jeggings,1,jeans,2,skinny,1
8725,ripped,2,ripped jeans,1,distressed,2
8728,distressed jeans,1,cropped jeans,1,bootcut,1
8731,capri,1,cargo pants,1,chinos,2
8734,sweatpants,1,outerwear,1,trench,2
8737,peacoat,1,duffle,1,bomber,1
8740,denim,3,quilted,1,fleece,2
8743,vest,1,blazer,3,jumpsuit,1
8746,romper,1,palazzo,1,boyish,1
8749,floral,4,striped,2,plaid,1
8752,camouflage,1,sequined,1,embroidered,1
8755,crochet,1,patchwork,1,distressed,2
8758,velvet,4,silk,4,track suit,1
8761,hiking,1,tuxedo,1,tailcoat,1
8764,black tie,1,dinner jacket,1,morning suit,1
8767,evening gown,1,ball gown,1,mermaid dress,1
8770,column dress,1,trumpet,3,trumpet dress,1
8773,business suit,1,sports jacket,1,balzer,1
8776,blazer,3,cocktail dress,1,LBD,1
8779,wrap dress,2,sheath dress,1,maxi dress,2
8782,wedding suit,1,attire,1,bridal,1
8785,bridal gown,1,gown,2,maid,1
8788,maid of honor,1,bridesmaid,1,best man,1
8791,groomsman,1,maternity,2,prom,2
8794,prom dress,1,traditional attire,1,ethnic,3
8797,gala,1,gala dress,1,ensemble,3
8800,limber,1,straddle,1,tuck,1
8803,pike,2,somersault,1,front flip,1
8806,back flip,1,lateral,1,handspring,1
8809,spring,1,twisting,1,split,1
8812,side split,1,straddle split,1,front split,1
8815,handstand balance,1,apparatus,1,uneven,1
8818,pommel,1,pommel horse,1,vault,2
8821,choreography,2,bent,2,flexed,1
8824,ballet,4,jazz dance,1,hip hop,2
8827,contemporary,1,ballroom,1,waltz,1
8830,tango,1,foxtrot,1,latin dance,1
8833,salsa,3,bachata,1,cha-cah,1
8836,cha-cha,1,belly,6,belly dance,1
8839,folk dance,1,samba,1,cheerleading,1
8842,cheerlead,1,cheerleading suqad,1,cheerleaders,1
8845,refrigerator,1,fridge,1,microwave,1
8848,oven,4,stove,1,cooker,1
8851,dishwasher,1,kettle,4,juicer,1
8854,blender,2,toaster,2,kitchen sink,1
8857,sink,2,couch,3,sofa,1
8860,coffee talbe,1,coffee table,2,relevision,1
8863,television,1,remote contro,1,remote control,1
8866,carpet,1,rug,2,chandelier,1
8869,floor lamp,1,curtains,2,wall art,1
8872,pillow,4,mattress,3,bed sheet,2
8875,wardrobe,2,closet,2,nightstand,3
8878,bedside table,2,table lamp,1,dressing table,2
8881,quilt,2,comforter,3,duvet,2
8884,sink,2,washbasin,1,bathtub,1
8887,towel,3,mouthwash cup,1,mirror,1
8890,brush teeth,1,wash face,1,take a shower,1
8893,comb hair,1,shave,1,apply skincare,1
8896,apply skincare products,1,trim nails,2,wash hair,2
8899,trim nails,2,wash hair,2,trim,2
8902,nail,4,dryer,1,washing machine,1
8905,mop,3,broom,2,dustpan,2
8908,vacuum cleaner,2,trash bin,1,grabage can,1
8911,garbage can,1,cleaning cloth,1,sponge,1
8914,AC,2,air conditioner,1,fan,1
8917,heater,1,radiator,1,bookshelf,2
8920,shoe rack,1,rack,3,doormat,1
8923,dining table,1,dining chair,1,tableware,3
8926,bowl,1,spoon,3,chopsticks,3
8929,mug,2,pitcher,4,napkin,1
8932,saucer,2,tray,2,clothes rack,1
8935,drying rack,1,flower pot,1,planter,1
8938,umbrella,1,parasol,2,shovel,2
8941,pruning shears,1,swing,1,keyboard,1
8944,printer,1,filing,1,cabinet,5
8947,filing cabinet,1,stationery,1,stapler,1
8950,paperclip,1,crib,2,coa,1
8953,toy box,1,backpack,1,stuffed,3
8956,stuffed animal,1,plush toy,1,building block,1
8959,humidifier,1,dehumidifier,1,iron,2
8962,electric headter,1,electric heater,1,hair dryer,1
8965,air purifier,1,purifier,1,power outlet,1
8968,outlet,2,socket,1,power strip,1
8971,strip,2,remote batteries,1,clothes hanger,1
8974,hanger,1,sticky notes,1,glue,1
8977,tape,2,tissue,2,shopping bag,1
8980,tote bag,1,toolbox,2,nail,4
8983,screw,3,screwdriver,2,pliers,2
8986,hammer,3,measuring tape,2,level,1
8989,wrench,2,electric drill,1,glue gun,2
8992,wire brush,1,sandpaper,2,flashlight,1
8995,table clock,1,standing mirror,1,vase,1
8998,cushion,2,floor mat,1,wall clock,1
9001,wind chime,1,chime,2,candle holder,1
9004,photo frame,1,decal,1,wall decal,1
9007,projector,1,decorative,3,decorative ligth,1
9010,decorative light,1,storage box,1,laundry,3
9013,basket,1,laundry basket,1,cabinet,5
9016,storgae cabinet,1,storage cabinet,2,shoe box,1
9019,drawer,1,file folder,1,hook,2
9022,storage bag,1,food storage container,1,fridge container,1
9025,shelf organizer,1,laundry,3,detergent,2
9028,laundry detergent,2,fabric,2,softener,1
9031,fabric softener,2,clothespin,1,ironing board,2
9034,robot vacuum,1,vacuum,2,trash bag,1
9037,squeegee,1,squeegee mop,1,mop,3
9040,cleaning spray,1,disinfectant,3,desk calendar,1
9043,chalkboard,1,barbecue grill,1,grill,3
9046,sprinkler,1,lawn mower,1,awning,1
9049,folding chair,1,fence,1,fire pit,1
9052,hammock,2,smoke detector,1,monoxide,1
9055,carbon monoxide,1,carbon monoxide detector,1,emergency ligth,1
9058,emergency light,1,fisrt aid kit,1,ait,1
9061,aid,1,security lock,1,steel security door,1
9064,resistant,1,fire-resistant,1,socket cover,1
9067,extension cord,1,plug cover,1,two-prong,1
9070,prong,2,two-prong plug,2,three-prong plug,1
9073,two-prong plug,2,reputation,3,cautious,1
9076,conventional,5,moderate,1,sober,1
9079,reactionary,2,orthodox,1,hidebound,1
9082,die-hard,1,undaring,1,liberal,1
9085,old-line,1,progressive,2,radical,1
9088,forward-thinking,1,neo-conservatism,1,conservatism,2
9091,religious,1,traditionalist,1,reactionary,2
9094,think tank,1,interest group,1,fiscal,1
9097,conservative party,1,spectrum,2,political spectrum,1
9100,labour party,1,exclamation,1,exclamation mark,1
9103,exclamation point,1,at sign,1,hash,1
9106,number sign,1,pound sign,1,dollar sign,1
9109,precent sign,1,caret,2,ampersand,1
9112,asterisk,1,full stop,1,period or full stop,1
9115,comma,1,colon,3,semicolon,1
9118,question mark,1,apostrophe,1,quotation mark,1
9121,parent,2,parenthese,1,parentheses,1
9124,braces,2,curly,1,curly brackets,1
9127,square brackets,1,angle brackets,1,slash,1
9130,forward slash,1,backslash,1,vertical bar,1
9133,tilde,1,underscore,1,upperscore,1
9136,hyphen,1,em dash,1,en dash,1
9139,emergency department,1,ENT,1,otolaryngology,1
9142,internal medicine,1,cardiology,1,gastroenterology,2
9145,pulmonology,2,surgery,1,cardiothoracic,1
9148,cardiothoracic surgery,1,neurosurgery,2,pediatrics,1
9151,urology,1,obstetrics,1,gynecology,1
9154,OB,1,GYN,1,ophthalmology,1
9157,dentistry,1,oral surgery,1,maxillofacial,1
9160,oncology,1,rheumatology,1,immunology,2
9163,rediology,1,computed tomography,1,CT,1
9166,tomography,1,laminography,1,MRI,1
9169,magnetic,1,resonance,4,phlebotomy,1
9172,phlebotomy lab,1,clinical,3,clinical laboratory,1
9175,infusion,2,infusion center,1,pharmacy,4
9178,psychiatry,1,rehabilitation,3,intensive,1
9181,ICU,1,dermatology,1,neurology,1
9184,neurosurgery,2,invasive,1,endocrinology,1
9187,gastroenterology,2,pulmonology,2,respiratory,3
9190,respiratory medicine,1,nephrology,1,hematology,1
9193,infectious,1,geriatrics,1,nutrition,2
9196,dietetics,1,allergy,3,immunology,2
9199,occupational,1,occupational health,1,occupational disease,1
9202,sleep medicine,1,medicine,2,TCM,3
9205,palliative,1,palliative care,1,plastic,2
9208,plastic surgery,1,acute,3,acute care,1
9211,transplantation,1,genetic,1,counseling,2
9214,reproductive,1,fertility,3,clinic,2
9217,fertility clinic,1,trauma,2,trauma center,1
9220,pathology,1,forensic,1,medical records,1
9223,affairs,1,medical affairs,1,nursing departement,1
9226,pharmacy,4,facilite,1,facilitie,1
9229,facilities,4,facilate,1,housekeeping,1
9232,facilities management,1,EMR,1,resonance,4
9235,supply chain,1,logistics,3,biomedical,1
9238,biomedical engineering,1,clinical,3,clinical engineering,1
9241,ethics,2,ethics committee,1,committee,1
9244,outreach,1,interpretation,1,interpretation service,1
9247,concierge,1,concierge service,1,ingredients,4
9250,staples,1,rice,2,flour,3
9253,pasta,3,noodles,1,beans,1
9256,ham,2,bacon,2,lettuce,3
9259,broccoli,3,green pepper,1,bell pepper,1
9262,dairy,2,yogurt,2,condiments,3
9265,sauces,3,soy sauce,3,ketchup,3
9268,mustart,1,mustard,3,mayonnaise,1
9271,hot sauce,2,beverage,3,coffee beans,1
9274,tea leaves,1,cocoa powder,1,juice concentrate,1
9277,beverage,3,beverage menu,1,waffles,1
9280,scrambled,1,scrambled eggs,1,toast with jam,2
9283,toast with jam,2,fruit salad,1,burgers,1
9286,hot dogs,1,spaghetti bolognese,1,fried rice,1
9289,crust,6,grilled,3,grilled chicken breast,1
9292,soft drinks,1,roast chicken,1,stir-fried,4
9295,stir-fried noodles,1,curry rice,2,burritos,2
9298,sushi,2,pan-seare,1,pan-seared,3
9301,pan-seared fish fillets,2,fish fillets,2,pan-seared fish fillets,2
9304,lasagna,2,snacks,2,french fries,2
9307,onion rings,1,chicken nuggets,1,nuggets,1
9310,fruit cups,1,popcorn,2,bar,1
9313,chocolate bars,1,desserts,1,desert,1
9316,brownies,1,jelly,2,pudding,1
9319,beverages,2,milk tea,1,smoothies,3
9322,sodas,1,diversity,2,vergetarian,1
9325,vegetarian,1,gluten,3,gluten-free,1
9328,halal,1,cater to,1,low-fat,1
9331,low-sugar,1,high-fiber,1,quick packaging and takeaway,1
9334,cuisine,4,sushi rolls,1,tuna,4
9337,eel,3,vegetable rolls,1,wasabi,2
9340,pickled ginger,2,pickled,2,ginger,9
9343,ramen,2,miso broth,1,miso,2
9346,broth,5,boiled egg,1,char siu,2
9349,seaweed,2,green onion,1,shrimp,4
9352,curry rice,2,toppings,1,cheeseburger,1
9355,patty,2,beef patty,1,cheddar,2
9358,cheddar cheese,1,lettuce,3,burger sauce,1
9361,bun,1,toasted bun,2,toasted bun,2
9364,idp,1,dips,1,fries and dips,1
9367,ketchup,3,garlic mayo,2,garlic mayo,2
9370,mayo,3,pepperoni,2,minced meat,1
9373,bechamel,1,baguette sandwiches,1,latin american,1
9376,burritos,2,guacamole,3,salsa,3
9379,nachos,1,tortilla,3,topped with,1
9382,miinced,1,minced,3,sour cream,4
9385,tacos,1,quinoa,6,quinoa,6
9388,kale,2,avocado,2,wraps,1
9391,vegetarian wraps,2,vegetarian wraps,2,hummus,3
9394,yogurt bowls,1,granola,2,tartar sauce,1
9397,meat pies,1,cappuccino,1,espresso,4
9400,a sprinkle of,1,sprinkle,1,matcha latte,1
9403,matcha,4,latte,3,ginger tea,1
9406,brewed into,2,brewed into,2,soothing,1
9409,soothing tea,1,smoothies,3,flavors,2
9412,coconut,2,cold-brewed,2,cold-brewed,2
9415,brewed,2,caramel,5,espresso,4
9418,protein shakes,1,enthusiast,1,fitness enthusiasts,1
9421,electrolyte-rich,2,electrolyte-rich,2,blended,1
9424,celery,2,beets,2,cuisine,4
9427,mediterranean,2,greek salad,1,feta cheese,1
9430,feta,1,hummus,3,pita,1
9433,appetizer,2,grilled vegetable wrap,2,grilled vegetable wrap,2
9436,grilled,3,zucchini,3,cuisine,4
9439,kebabs,1,skewers,2,seasoned with,3
9442,falafel,1,deep-fried,1,chickpea,1
9445,pita bread,1,tahini,2,meze platter,2
9448,meza,1,meze,1,platter,2
9451,meze platter,2,tzatziki,2,grape leaves,1
9454,grape,3,sour,5,soup,3
9457,pad thai,1,stir-fried,4,sprout,1
9460,bean sprouts,2,crushed,1,crushed peanuts,1
9463,tangy,5,tangy sauce,1,nasi goreng,1
9466,prawn,2,prawn crackers,1,crackers,2
9469,herb-infused,1,asparagus,2,thin beef slice,1
9472,fresh herb,2,marinated,4,spicy-sweet,2
9475,spicy-sweet,2,glaze,1,sesame,2
9478,smothered,1,bacon bits,1,sour cream,4
9481,thai coconut wraps,2,thai coconut wraps,2,coconut rice,2
9484,tortillas,3,panini,1,risotto,1
9487,spinach,4,crust,6,crust pizza,1
9490,prosciutto,1,vegan burger,1,plant-based,1
9493,patty,2,party,1,mayo,3
9496,quinoa,6,chickpeas,2,spinach,4
9499,tahini,2,milkshakes,1,flavors,2
9502,whipped,2,whipped cream,1,syrup,5
9505,bubble tea,2,matcha,4,caramel,5
9508,tapioca,2,pearls,1,jelly,2
9511,refreshing,1,spinach,4,ginger,9
9514,mock,2,mocktails,1,mojito,2
9517,mint,2,lime,1,mint leave,1
9520,mint leaves,1,fresh lime,1,lemonade,1
9523,brewed,2,brewed with,1,petals,1
9526,delicate,3,floral,4,aroma,6
9529,caramel,5,macchiato,1,caramel,5
9532,drizzle,2,cocoa,2,cinnamon,4
9535,chili,5,chili powder,4,twist,1
9538,unique twist,1,special combo,2,special combo,2
9541,ribs,1,broth,5,Ox,1
9544,Ox Tripe,1,shandong cuisine,2,pork belly,2
9547,belly,6,salted egg yolk,2,yolk,2
9550,egg white,2,albumen,1,pale red,1
9553,muted,1,vivid,1,light blue^ pale blue^,1
9556,dark red^ deep red,1,crimson,6,funeral,2
9559,resides at,1,tortillas,3,corn tortillas,1
9562,grilled chicken,1,guacamole,3,sour cream,4
9565,tomato sauce,1,fresh herb,2,refired,1
9568,burrito,2,soup,3,soup dumplings,2
9571,potsticker,3,char siu bao,1,steamed buns,1
9574,steamed dumplings,1,BBQ ribs,1,coated with,2
9577,caramelized,2,caramelized crust,2,crust,6
9580,caramelized crust,2,skewers,2,seasoned with,3
9583,served with,2,char-girlled,1,char-grilled,1
9586,char,1,cob,1,corn,4
9589,brushed with,1,chili powder,4,fillets,2
9592,fish fillets,2,served in,1,tortillas,3
9595,coleslaw,2,coldslaw,1,alfredo,1
9598,seafood alfredo,2,seafood alfredo,2,pasta,3
9601,scallops,4,mussels,2,sashimi,1
9604,platter,2,sushi,2,assortment,1
9607,assort,1,quinoa,6,zucchini,3
9610,mango lassi,1,lassi,1,puree,2
9613,ginger,9,a touch of,1,syrup,5
9616,garnish,1,garnished,1,garnished with,1
9619,mint,2,bubble tea,2,chewy,2
9622,tapioca,2,blend of,2,blend of,2
9625,blend,2,mildly,1,mild,1
9628,flavor,3,hazel,2,hazelnut,3
9631,latte,3,espresso,4,hazelnut,3
9634,syrup,5,brew,3,cold brew coffee,1
9637,cinnamon,4,cloves,3,smoothie,1
9640,tropical,3,herbal tea,2,chamomile,2
9643,electrolyte,2,multi-fruit,2,multi-fruit,2
9646,nutritional,1,blending,1,molten,1
9649,caramel,5,caramel flan,1,flan,1
9652,seared,1,pan-seared,3,premium,3
9655,premium beef,2,premium beef,2,seared in,1
9658,mashed,1,oven-roasted,1,roasted,2
9661,oven,4,thighs,1,marinated,4
9664,tender,3,crispy on the outside,1,mustard,3
9667,main dish,1,beef stew,1,stew,2
9670,beef chunks,2,beef chunks,2,broth,5
9673,flavorful,1,flavourful,1,seasoned with,3
9676,braised,2,rock sugar,1,star anise,2
9679,stemed rice,1,steamed rice,1,braised port belly,2
9682,braised port belly,2,kung pao chicken,1,diced,1
9685,stir-fried,4,chilies,3,peanuts,2
9688,tangy,5,main course,1,peking duck,1
9691,roasted duck,1,thin pancakes,1,scallions,2
9694,bean sauce,2,delicacy,1,tonkatsu,1
9697,cutlet,1,breaded with,2,breaded with,2
9700,bread,1,panko,1,breaded with panko,1
9703,golden crispness,1,curry,3,accompanied,1
9706,shredded,2,shredded cabbage,1,cabbage,3
9709,mediterranean,2,lamb kebabs,1,marinated,4
9712,tzatziki,2,kofta,1,ground lamb,3
9715,ground lamb,3,groundb,1,ground,2
9718,meatballs,1,couscous,2,gyro,1
9721,argentinian,1,chimichurri,2,burrito,2
9724,Brazilian Churrasco,1,Churrasco,1,assorted,1
9727,skewered,1,grilled with,2,grilled with,2
9730,coarse ssalt,1,coarse salt,1,gochujang,2
9733,chili paste,2,savory,5,infused with,1
9736,aroma,6,stuffed chicken,1,stuffed,3
9739,steamed broccoli,1,stem,2,broccoli,3
9742,cornbread,1,coleslaw,2,tenderloin,2
9745,disparaging,1,obscene,1,objectionable,1
9748,regardless of,1,gender,1,contemptible,1
9751,genital,1,intercourse,1,debated,1
9754,shredded,2,sweet bean sauce,1,stir-fried,4
9757,shredded pork,1,served with,2,lettuce wraps,1
9760,savory,5,sweet-savory,2,sweet-savory,2
9763,sweet savory,1,sour,5,soul,1
9766,oyster sauce,2,sweet and sour,1,tenderloin,2
9769,pork tenderloin,1,coated in,2,tangy,5
9772,ketchup,3,vinegar,3,spicy fried chicken,1
9775,peppercorns,3,sichuan peppercorns,1,numbing,3
9778,teriyaki chicken,1,pan-seared,3,perfection,1
9781,golden perfection,1,glazed with,1,savory,5
9784,teriyaki sauce,2,gydon,1,gyudon,2
9787,simmerec,1,simmered,2,soy,5
9790,soy sauce,3,bean sauce,2,mirin,1
9793,dish,2,karaage,1,marinated in,2
9796,coated in,2,flour,3,deep-fried to crispy prefectino,1
9799,deep-fried to crispy prefection,1,deep-fried to golden prefection,1,lemon wedges,1
9802,wedges,1,mayo,3,galbi jjim,1
9805,beef short ribs,1,pear puree,1,puree,2
9808,jujubes,1,jujube,2,gouchujiang,1
9811,gochujaing,1,gochujiang,1,chili paste,2
9814,grilled to,2,grilled to,2,bibimbap,1
9817,minced,3,chilies,3,basil,3
9820,basilisk,2,basil leaves,1,fried egg,1
9823,tom yum,1,marinated in,2,aromatic,4
9826,yellow curry,1,simmered in,1,aromatic,4
9829,satay,1,peanut sauce,1,rendang,1
9832,chilies,3,bursting,1,bursting with,1
9835,bursting with flavor,1,beef pho,1,broth,5
9838,bean sprouts,2,vietnamese,1,vermicelli,1
9841,dipping,1,dipping sauce,1,fish sauce,2
9844,naan,1,naan bread,1,basmati rice,1
9847,tandoori,1,tandoori chicken,1,tandoor,1
9850,chutney,1,curd,1,parastic,1
9853,parasitic,1,lewd,1,Weierstrass,1
9856,dispatch,1,Infrastructure,1,Artificial Intelligence Infrastructure,2
9859,AI Infra,1,Artificial Intelligence Infrastructure,2,MLSys,1
9862,Machine Learning Systems,2,Machine Learning Systems,2,superiority,2
9865,surface strike,2,surface strike,2,designed for air superiority,1
9868,catapult,1,CATOBAR,1,naval air force,1
9871,gyrfalcon,1,minion,1,catatonic,1
9874,megan,1,cartoon,1,pg cartoon,1
9877,histamine,3,antihistamine,3,amine,1
9880,histidine,2,tissues,1,allergic,2
9883,irritation,1,stimulate,1,gastric,1
9886,secretions,1,dilates,1,blood cessels,1
9889,blood vessels,1,vessel,1,contracts,1
9892,antagonist,1,agonist,1,atropine,1
9895,hormones,1,hormone,1,cortisol,1
9898,epinephrine,2,adrenaline,1,norepinephrine,1
9901,neurotransmitter,2,acetylcholine,1,glucocorticoids,1
9904,dexamethasone,2,adrenal,1,receptor,1
9907,inhaled,1,budesonide,1,systemic,3
9910,pseudoephedrine,1,mast cell,1,prostaglandins,1
9913,anaphylaxis,1,allergen,1,taichi,1
9916,dantian,1,taijitu,1,yin and yang,1
9919,stillness,1,wuji,1,love without limit,1
9922,shatted,1,shattered,1,desperate,1
9925,desperately,1,figurative,1,jeet kune do,1
9928,JKD,1,fencing,2,grappling,1
9931,hook punch,2,hook punch,2,immobilization,1
9934,progressive,2,solitary,2,boldness,3
9937,procrastination,3,procrastination,3,greeting,1
9940,perceptron,1,meteoroid,1,orbital,2
9943,debris,3,orbital debris,1,syndrome,2
9946,parody,1,tragedy,3,feuding,1
9949,regarded as,1,archetypal,1,tragic,1
9952,tradition,1,stretching,1,stretching back to,1
9955,antiquity,1,verse,2,Shakespeare,1
9958,borrow,1,quarto,1,poetic,2
9961,comedy,2,tragedy,3,heighten,1
9964,tension,2,sub-plot,1,embellish,1
9967,praised,1,ascribe,1,adept,1
9970,sonnet,1,opera venues,1,venues,1
9973,opera,4,restoration,1,english restoration,1
9976,revived,1,indecent,1,omitted,1
9979,realism,1,Elizabethe,1,Elizabethan,1
9982,costumes,1,Elizabeth,1,triumph,1
9985,thou hast,1,thou,1,hast,1
9988,homage,1,owe,1,bard,1
9991,idolatry,1,seminarium,1,cloister,2
9994,monastery,1,convent,1,nunnery,1
9997,buddhist temple,1,intoxicating,1,mellow,1
10000,curl,3,incense,1,a stick of incense,1
10003,lit it,1,light it,1,coal stove,1
10006,firecracker,1,setting off,1,curved,1
10009,vent pipe,1,vent,1,extend through,1
10012,bent,2,flue,1,circular opening,1
10015,fuel-burning,1,appliance,1,ventilated,1
10018,buildup,1,ventilate,1,strip,2
10021,stripping,1,rag-rug,1,doreamon,1
10024,Doraemon,1,grind,1,begets,1
10027,grind hard,1,grind hard and smart,1,extraversion,1
10030,introversion,1,strive,1,inconsistencies,1
10033,refining,1,priority,1,palsy,1
10036,cerebral,1,hopfield,1,guarantee,2
10039,kurtosis,2,poison,1,subordinate,1
10042,retrieve,1,deprecated,1,nystrom,1
10045,affliates,1,affiliates,1,couch,3
10048,couch potato,1,enchated,1,enchanted,1
10051,enhanced,1,reputation,3,texural,1
10054,textual,1,sentiment,1,entailment,3
10057,Recognizing Textual Entailment,1,decay,1,adhere,1
10060,agency,2,immediate family,2,rententive,1
10063,retentive,2,retentive,2,academician,1
10066,tropical,3,temperate,1,temporature,2
10069,temperature,2,boreal,3,subtropical,1
10072,arctic,2,antarctic,1,monsoon,2
10075,coral reef,3,polar,1,frigid,1
10078,tactical,2,percentage,1,haber,1
10081,harbor,1,diffusion,1,peek,1
10084,perplexity,1,netherlands,1,nickel,3
10087,frastrating,1,frustrating,1,trick you,1
10090,trick,1,dimmed,1,protanopia,1
10093,deuteranopia,1,tritanopia,1,tangy,5
10096,shandong cuisine,2,sour,5,peas,2
10099,braised,2,intestines,2,blanched,1
10102,blanch,1,mapo tofu,1,sichuan cuisine,1
10105,minced,3,sichuan peppercorns powder,2,sichuan peppercorns powder,2
10108,numbing,3,savory,5,bean paste,2
10111,a flavor,1,flavor,3,abundance,1
10114,addictive,1,spicy kick,1,cantonese,1
10117,cantonese cuisine,1,poached,2,simmering,1
10120,juiciness,1,ginger,9,scallion,3
10123,scallion oil,1,char siu,2,marinated,4
10126,caramelized,2,aromatic,4,spare,1
10129,spare ribs,1,aroma,6,black bean,1
10132,savory,5,savory black bean,2,savory black bean,2
10135,chili,5,chopped,1,chopped chili peppers,2
10138,chopped chili peppers,2,peppers,1,chili peppers,1
10141,bold,1,bold and spicy flavor,1,yellow beef,1
10144,fillets,2,simmered,2,drizzled,2
10147,dongpo pork,1,beggar,1,cabbage,3
10150,belly,6,pork belly,2,carb roe,2
10153,roe,1,carb roe,2,carb,1
10156,crab roe,1,soup dumplings,2,rice rolls,1
10159,drizzled,2,glutinous,4,rice balls,2
10162,rice wine,1,fermented,2,glutinous,4
10165,salted egg yolk,2,zongzi,1,dim sum,4
10168,baozi,2,salted duck egg,1,yolk,2
10171,egg white,2,salted egg white,2,salted egg white,2
10174,congee,1,sweet potato,2,taro,1
10177,corm,1,roasted sweet potato,1,backed sweet potato,1
10180,dried sweet potato,1,sustain,1,chewy,2
10183,hawthorn,2,hawthorn slice,1,hawthorn slices,2
10186,hawthorn slices,2,candied,1,hawthorn skewers,1
10189,candied hawthorn skewers,1,whole note,1,half note,1
10192,quarter note,1,eighth note,1,sixteeth note,1
10195,sixteenth note,1,thirty-second note,1,sixty-for note,1
10198,sixty-four note,1,sixty-fourth note,1,dotted note,1
10201,whole rest,1,sheet music,1,numeric notation,2
10204,numeric notation,2,simplified notation,2,simplified notation,2
10207,Numbered Musical Notation,1,staff notation,1,standard notation,1
10210,full score,1,Orchestral Score,1,Instrumental Part,1
10213,lotus,2,lotus leaves,1,zongzi leaves,1
10216,reed,1,membrane,1,reed membrane,2
10219,reed membrane,2,adhesive,3,poplar,2
10222,willow,2,iconic,2,rural,2
10225,rural China,1,cattail,1,marshes,1
10228,shallow river,1,shallow,1,bulrush,1
10231,sedge,2,cocklebur,1,purslane,2
10234,china jute,1,jute,1,goosefoot,2
10237,quaters,1,quarters,1,smartweed,1
10240,wild rose,1,kudzu,1,lespedeza,1
10243,wild chrysanthemum,1,water hyacinth,1,hops vine,1
10246,vine,1,hops,2,hip hop,2
10249,thistle,2,cirsium,1,crowfoot,1
10252,crowfoot grass,1,common sowthistle,1,sowthistle,1
10255,crabgrass,1,southern crabgrass,1,japanese hop,1
10258,hop vine,1,climbing hop,1,barnyard,1
10261,barnyard grass,1,pantain,1,plantain,2
10264,puncture,1,puncture vine,1,caltrop,1
10267,fleabane,1,mock,2,mock strawberry,1
10270,strawberry,1,purslane,2,goosefoot,2
10273,lambs quarters,1,mugwort,1,red sorrel,1
10276,sorrel,1,wood sorrel,1,foxtail,1
10279,foxtail grass,2,foxtail grass,2,wormwood,1
10282,sweet wormwood,1,qinghao,1,clover,2
10285,four-leaf clover,1,egg tart,2,flaky,1
10288,pastry,1,custard,2,egg custard,1
10291,dim sum,4,dessert,2,a dash of,1
10294,glutinous,4,rice balls,2,glutinous rice balls,2
10297,sesmae glutinous rice balls,1,sesame glutinous rice balls,2,sesame glutinous rice balls,2
10300,black sesame paste,1,symbolizing,1,unity and togertherness,1
10303,spicy broth,1,broth,5,bean paste,2
10306,numbing,3,ox tripe,1,ox,1
10309,cilantro,3,aromatic,4,twice-cooked portk,1
10312,twice-cooked pork,1,belly boiled,2,belly boiled,2
10315,belly,6,umami,1,tanin,1
10318,tanins,1,banquet,1,banquet dishes,1
10321,prawn,2,shrimp,4,braised prawns,1
10324,scallops,4,crab meat,1,charcoal,2
10327,plum,4,plum sauce,1,poached,2
10330,poached shrimp,2,poached shrimp,2,springy,1
10333,ginger,9,scallion,3,scallion dip,2
10336,dip,1,scallion dip,2,ginger scallion dip,1
10339,hunan cuisine,1,stinky tofu,1,goubuli steamed buns,2
10342,goubuli steamed buns,2,rice noodles,1,cilantro,3
10345,pungent,2,appetizer,2,intensely,2
10348,impart,1,impartion,1,imparting,1
10351,fragrance,4,yellow wine,1,glossy,2
10354,mandarin fish,2,grass carp,1,black carp,1
10357,silver carp,1,bighead carp,1,carp,2
10360,snakehead fish,1,crucian crap,1,crucian carp,1
10363,koi,2,pomfret,1,perch,2
10366,sea bass,1,mandarin fish,2,loach,2
10369,eel,3,asian swamp eel,1,pufferfish,1
10372,chinese sturgeon,1,sturgeon,1,paddlefish,1
10375,catfish,2,yellow croaker,1,croaker,1
10378,ribbonfish,1,cutlassfish,1,cutlass,1
10381,spanish,2,spanish mackerel,1,mackerel,3
10384,pacific,1,saury,1,pacific suary,1
10387,pacific saury,1,salmon,3,flounder,1
10390,flatfish,1,tuna,4,bluefin tuna,1
10393,great white shark,1,whale,1,whale shark,1
10396,hammerhead shard,1,hammerhead shark,1,tiger shark,1
10399,grouper,1,orca,1,killer whale,1
10402,narwhal,2,dorphin,1,marine,5
10405,mammal,1,mammals,1,habitat,2
10408,sperm whale,1,dolphin,1,blue whale,1
10411,humpback whale,1,manta ray,1,sawfish,1
10414,ray,2,stringray,1,stingray,1
10417,ocean sunfish,1,giant squid,1,clownfish,1
10420,coral reef,3,octopus,2,blue-ringed octopus,1
10423,squid,3,seahorse,1,sea hare,1
10426,hare,1,sea cucumber,2,sea snail,1
10429,conch,1,kelp,2,lionfish,1
10432,clown,1,angelfish,1,parrotfish,1
10435,butterflyfish,1,sea anemone,1,anemone,2
10438,scallop,1,pearl oyster,1,oyster,3
10441,jellyfish,1,starfish,1,sea star,1
10444,sea urchin,1,urchin,1,lobster,3
10447,stonefish,1,seal,1,sea lion,1
10450,walrus,2,emperor penguin,1,penguini,1
10453,penguin,1,polar bear,2,adelie penguin,1
10456,arctic fox,1,reindeer,2,pup,1
10459,seal pup,1,arctic hare,1,seagull,3
10462,elephant seal,1,sea otter,1,otter,1
10465,petrel,1,gliding,1,gracefully,3
10468,cobra,2,rattlesnake,2,rattle,2
10471,banded krait,1,banded,1,five-step snake,2
10474,five-step snake,2,sharp-nosed viper,2,sharp-nosed viper,2
10477,viper,1,bamboo pit,1,pit,1
10480,pit viper,1,viperidae,1,king cobra,1
10483,black mamba,1,python,2,burmese,1
10486,prey,1,python,2,anaconda,1
10489,conda,1,rat snake,1,red-banded,1
10492,taiwan beauty snake,1,corn snake,1,pedator,1
10495,predator,1,apex,1,apex predator,1
10498,hawks and eagles,1,hawk,2,carnivore,1
10501,stalk,1,hunt in packs,2,hunt in packs,2
10504,deinagkistrodon,1,sparrow,2,swallow,2
10507,canary,3,nightingale,1,blackbird,2
10510,dove,3,partridge,1,magpie,3
10513,crow,2,egret,1,storm petrel,1
10516,seagull,3,pigeon,3,dove,3
10519,rooster,1,duck,2,drake,1
10522,quaild,1,quail,3,mandarin duck,2
10525,peregrine falcon,1,falcon,2,hawk,2
10528,golden eagle,1,hwamei,1,kingfisher,2
10531,woodpecker,2,oriental,5,magpie,3
10534,robin,1,warbler,1,myna,2
10537,cuckoo,1,cormorant,1,pelican,1
10540,ostrich,1,flamingo,1,peacock,3
10543,black swan,1,stork,1,stock,2
10546,vulture,1,snowy owl,2,osprey,1
10549,falconf,1,falcon,2,mallard,2
10552,plover,1,vrane,1,bald eagle,2
10555,emblem,1,national emblem,1,national flag,1
10558,peony,2,chinese peony,1,chinese rose,1
10561,narcissus,2,daffodil,2,ingredients,4
10564,white peony root,1,ass-hide gelatin,1,gelatin,1
10567,schisandra,1,ophiopogon,1,ophiopogon root,1
10570,wolfberry,2,wolfberry fruit,1,coat of arms,1
10573,anthem,1,national anthem,1,La Marseillaise,1
10576,pungent,2,pregnent,2,conceive,2
10579,conception,2,gestation,2,pregnent,2
10582,pregnant,2,pregnancy,3,pesticide,1
10585,fertilizer,3,insecticide,1,herbicide,1
10588,fungicide,1,organic fertilizer,1,nourishing,3
10591,fermented tofu,1,crust,6,gloden crust,1
10594,golden crust,2,golden crust,2,Buddha Jumps Over the,1
10597,luxurious,1,abalone,2,lychee,1
10600,lychee pork,1,resemble,2,tangy,5
10603,appetizing,1,satay sauce,1,satay noodles,1
10606,artemisia,2,aroma,6,pot soup,2
10609,pot soup,2,clay pots,1,nourishing,3
10612,nantional level principla,2,nantional level principla,2,nantional level principal,1
10615,president of the state,1,premier of the state,1,deputy,1
10618,national level deputy,1,vice president of the,1,vice premier of the,1
10621,procincial level principal,1,ministerial level principal,1,provincial,1
10624,provincial level principal,1,ministerial,1,ministry,1
10627,governor,2,governor of province,1,autonomous,1
10630,autonomous region,2,municipality,2,municipality directly under the,2
10633,minister,3,provincial level deputy,1,ministerial level deputy,1
10636,deputy governor,1,lieutenant governor,1,legislator,1
10639,state legislator,1,senator,1,representative,1
10642,state senator,1,state representative,1,departmental,1
10645,bureau,4,departmental bureau,2,departmental bureau,2
10648,departmental bureau level principal,1,director of department,1,director of bureau,1
10651,prefecture,1,prefecture-level,1,prefecture-level city,2
10654,mayor of prefecture-level city,1,departmental bureau level deputy,1,county,2
10657,country,1,county section,1,county section level principal,1
10660,magistrate,1,county magistrate,1,head of county,2
10663,head of county,2,township section,1,subdistrict,1
10666,subdistrict office,2,province,1,autonomous region,2
10669,municipality,2,municipality directly under the,2,SAR,1
10672,special administrative region,1,prefeture-level city,1,prefecture-level city,2
10675,county-level city,1,county,2,autonomous county,1
10678,district,1,township,1,neighborhood,2
10681,town,1,ethic,1,ethic township,2
10684,ethic township,2,subdistrict office,2,street office,1
10687,luminous,2,ethereal,3,majestic,3
10690,gracefully,3,effortlessly,1,tenderly,2
10693,aurora,3,sanctuary,2,cascade,2
10696,lustrous,1,incandescent,1,glimmering,1
10699,polished,1,refractive,2,silken,1
10702,opalescent,1,cobalt,4,vermilion,2
10705,marbled,1,nostalgic,2,solemn,1
10708,bliss,1,blissful,1,enigmatic,1
10711,whimsical,1,verdant,3,crystalline,1
10714,boundless,1,windswept,5,untamed,1
10717,fluidly,1,harmoniously,1,languidly,1
10720,airily,1,unhurriedly,1,intensely,2
10723,undoubtedly,1,resolute,1,resolutely,1
10726,solute,1,ceaseless,2,cease,1
10729,ceaselessly,1,resplendently,1,resplendent,2
10732,warmly,1,dreamily,1,ardently,2
10735,profoundly,1,yearningly,1,fjord,2
10738,bluff,1,estuary,1,dune,1
10741,tundra,3,atrium,1,rotunda,1
10744,cloister,2,portico,1,arbor,1
10747,aura,1,reverie,1,solitude,2
10750,zephyr,1,mirage,4,halo,2
10753,prism,2,lattice,1,ember,1
10756,patina,2,arcadian,1,sylvan,1
10759,oceanic,1,nocturnal,1,boreal,3
10762,lamentalbe,1,lamentable,1,jubilant,1
10765,forlorn,1,winsome,1,oeffervescent,1
10768,alabaster,2,effervescent,1,dusky,1
10771,chromatic,1,obsidian,1,vermicular,1
10774,zenith,1,nadir,1,horizon,1
10777,undercurrent,1,foothill,1,belfry,1
10780,bastion,2,minaret,1,vestibule,1
10783,eternity,1,solace,1,resonance,4
10786,phantasm,1,inevitablity,2,inevitablity,2
10789,inevitability,1,moor,1,en,1
10792,fen,1,dell,1,rill,1
10795,hewlett packard,1,lagoon,1,serenely,1
10798,lovingly,1,exquisitely,1,ephemerally,1
10801,iridescently,1,profusely,1,fervently,1
10804,ardently,2,unwaveringly,1,melodiously,1
10807,ripple,1,glisten,1,sway,1
10810,erode,1,bloom,2,linger,2
10813,mourn,1,yearn,1,rejoice,1
10816,enverlop,1,envelop,1,radiate,1
10819,refract,1,shimmer,3,fleam,1
10822,gleam,1,cradle,1,veil,1
10825,veil of mist,1,eopch,1,epoch,2
10828,elapse,1,versige,1,vestige,1
10831,transience,1,perpetuity,1,enigma,1
10834,abyss,1,obscurity,1,paradox,1
10837,spectral,2,2025,2,bead,1
10840,cruelty,1,frescoe,1,frescoes,1
10843,deposit,1,prunus,1,diagnosis,2
10846,vibrant,2,confusion,1,tuple,1
10849,冒号,1,escape sequence,1,substantial,1
10852,overlap,1,refugee,2,scalable,1
10855,prologue,1,lethal,1,hello,1
10858,ensemble,3,double underscores,1,canvas,3
10861,caret,2,ascend,1,