1,ginger,9,quinoa,6,crust,6
4,crimson,6,aroma,6,belly,6
7,aroma,6,crimson,6,belly,6
10,crimson,6,crust,6,belly,6
13,crust,6,quinoa,6,crust,6
16,quinoa,6,aroma,6,belly,6
19,crimson,6,crust,6,quinoa,6
22,aroma,6,belly,6,crust,6
25,aroma,6,soy,5,chili,5
28,soy,5,sour,5,coral,5
31,soy,5,syrup,5,chili,5
34,aspirin,5,conventional,5,aspirin,5
37,marine,5,conventional,5,calf,5
40,cabinet,5,windswept,5,calf,5
43,aspirin,5,syrup,5,glacier,5
46,oriental,5,cabinet,5,conventional,5
49,glacier,5,oriental,5,glacier,5
52,coral,5,windswept,5,conventional,5
55,marine,5,windswept,5,marine,5
58,coral,5,oriental,5,glacier,5
61,marine,5,coral,5,cabinet,5
64,conventional,5,broth,5,caramel,5
67,sour,5,tangy,5,syrup,5
70,caramel,5,chili,5,broth,5
73,syrup,5,caramel,5,broth,5
76,tangy,5,savory,5,sour,5
79,tangy,5,savory,5,soy,5
82,broth,5,tangy,5,sour,5
85,savory,5,chili,5,broth,5
88,marine,5,oriental,5,tangy,5
91,windswept,5,spinach,4,corn,4
94,velvet,4,tuna,4,shrimp,4
97,scallops,4,corn,4,silk,4
100,scallops,4,dutch,4,sour cream,4
103,matcha,4,espresso,4,cider,4
106,facilities,4,cider,4,chili powder,4
109,cinnamon,4,chili powder,4,kettle,4
112,corn,4,plum,4,dutch,4
115,ingredients,4,balcony,4,pillow,4
118,bureau,4,shrimp,4,tuna,4
121,ibuprofen,4,antibiotics,4,cobalt,4
124,eczema,4,amoxicillin,4,ibuprofen,4
127,bureau,4,pillow,4,cobalt,4
130,ibuprofen,4,antibiotics,4,amoxicillin,4
133,matcha,4,lavender,4,bladder,4
136,velvet,4,maneuver,4,mirage,4
139,basalt,4,eczema,4,ankle,4
142,ballet,4,silk,4,velvet,4
145,opera,4,ballet,4,dim sum,4
148,ingredients,4,dim sum,4,glutinous,4
151,basalt,4,cider,4,kettle,4
154,pitcher,4,dutch,4,oven,4
157,pitcher,4,plum,4,lavender,4
160,fragrance,4,dutch,4,ankle,4
163,bladder,4,nail,4,ankle,4
166,bladder,4,ankle,4,nail,4
169,eczema,4,antibiotics,4,amoxicillin,4
172,ibuprofen,4,mirage,4,balcony,4
175,opera,4,floral,4,fragrance,4
178,lavender,4,fragrance,4,balcony,4
181,pillow,4,pharmacy,4,opera,4
184,balcony,4,facilities,4,bureau,4
187,pharmacy,4,resonance,4,mirage,4
190,facilities,4,pitcher,4,maneuver,4
193,ballet,4,cuisine,4,basalt,4
196,cobalt,4,lavender,4,cinnamon,4
199,plum,4,eczema,4,basalt,4
202,kettle,4,floral,4,velvet,4
205,silk,4,ballet,4,oven,4
208,kettle,4,pillow,4,nail,4
211,pitcher,4,nail,4,resonance,4
214,pharmacy,4,facilities,4,resonance,4
217,ingredients,4,stir-fried,4,cuisine,4
220,tuna,4,shrimp,4,sour cream,4
223,espresso,4,matcha,4,espresso,4
226,cuisine,4,stir-fried,4,marinated,4
229,sour cream,4,spinach,4,matcha,4
232,spinach,4,floral,4,cinnamon,4
235,chili powder,4,sour cream,4,corn,4
238,chili powder,4,scallops,4,espresso,4
241,cinnamon,4,oven,4,marinated,4
244,stir-fried,4,marinated,4,stir-fried,4
247,aromatic,4,opera,4,marinated,4
250,aromatic,4,glutinous,4,dim sum,4
253,glutinous,4,aromatic,4,shrimp,4
256,scallops,4,plum,4,fragrance,4
259,tuna,4,ingredients,4,bureau,4
262,cobalt,4,mirage,4,resonance,4
265,terminology,3,lettuce,3,broccoli,3
268,cabbage,3,zucchini,3,oyster,3
271,mustard,3,grape,3,berries,3
274,almonds,3,macadamia nuts,3,ground lamb,3
277,salmon,3,bass,3,mackerel,3
280,lobster,3,squid,3,bass,3
283,kidney,3,hummus,3,barley,3
286,baguette,3,grilled,3,loaf,3
289,condiments,3,sauces,3,jasmine,3
292,pasta,3,barley,3,berries,3
295,flour,3,potsticker,3,burnt cake,3
298,flatbread,3,crispy,3,scallion,3
301,flatbread,3,grape,3,herbal,3
304,cardigan,3,latte,3,beverage,3
307,lounge,3,brew,3,hazelnut,3
310,brew,3,malt,3,tonic,3
313,coral reef,3,tonic,3,quinine,3
316,malaria,3,smoothies,3,balm,3
319,sauces,3,soy sauce,3,oyster,3
322,malt,3,vinegar,3,balm,3
325,condiments,3,curry,3,basil,3
328,peppercorns,3,cloves,3,cilantro,3
331,peppercorns,3,turmeric,3,berries,3
334,saffron,3,fatty acid,3,almonds,3
337,tropical,3,tortilla,3,salsa,3
340,guacamole,3,tortilla,3,crispy,3
343,dutch oven,3,tableware,3,chopsticks,3
346,spoon,3,grill,3,cooking utensils,3
349,loaf,3,rack,3,disinfectant,3
352,soup,3,laundry,3,disinfectant,3
355,mop,3,household,3,adhesive,3
358,hammer,3,cooking utensils,3,towel,3
361,canvas,3,accessories,3,grasshopper,3
364,rehabilitation,3,luminary,3,gluten,3
367,almonds,3,lobster,3,salmon,3
370,gluten,3,pregnancy,3,proton,3
373,penicillin,3,insulin,3,perfumes,3
376,nickel,3,chromium,3,acute,3
379,clinical,3,systemic,3,migraine,3
382,kidney,3,acetaminophen,3,acetylsalicylic acid,3
385,histamine,3,insulin,3,respiratory,3
388,acetylsalicylic acid,3,cefixime,3,terminology,3
391,comforter,3,towel,3,mattress,3
394,sulfur,3,potassium,3,chromium,3
397,nickel,3,selenium,3,neutrino,3
400,vinegar,3,carbonate,3,fatty acid,3
403,methane,3,acetaminophen,3,insulin,3
406,penicillin,3,cefixime,3,straptomycin,3
409,quinine,3,potassium,3,fertilizer,3
412,labor,3,infantry,3,artillery,3
415,RPG,3,cruise,3,RPG,3
418,goggles,3,cruise,3,infantry,3
421,artillery,3,logistics,3,minister,3
424,lieutenant,3,seaman recruit,3,lieutenant,3
427,entailment,3,breed,3,counselor,3
430,promotion,3,sphinx,3,divergence,3
433,harmonic,3,acute,3,hyperbola,3
436,conjecture,3,transcript,3,theater,3
439,football and soccer,3,counselor,3,agriculture,3
442,dissertation,3,transcript,3,earl,3
445,sphinx,3,quail,3,saffron,3
448,earl,3,canary,3,quail,3
451,pigeon,3,scorpion,3,grasshopper,3
454,premium,3,tonic,3,reputation,3
457,migraine,3,household,3,luminary,3
460,virtue,3,stuffed,3,histamine,3
463,antihistamine,3,virtue,3,earl,3
466,cardigan,3,accessories,3,goggles,3
469,procrastination,3,denim,3,canvas,3
472,tragedy,3,artillery,3,cardigan,3
475,transcript,3,chiseled,3,magenta,3
478,potsticker,3,burnt cake,3,crispy,3
481,flatbread,3,boldness,3,virtue,3
484,loaf,3,breed,3,mackerel,3
487,tundra,3,grove,3,lush,3
490,tundra,3,canary,3,squat,3
493,curl,3,chiseled,3,calcite,3
496,carbonate,3,tableware,3,basin,3
499,chopsticks,3,spoon,3,dutch oven,3
502,curry,3,baguette,3,eradication,3
505,azure,3,magenta,3,jasmine,3
508,palm,3,cruise,3,aviation,3
511,lounge,3,premium,3,starlight,3
514,rack,3,ethnic,3,dutch oven,3
517,hammer,3,goggles,3,kidney,3
520,pancreas,3,colon,3,palm,3
523,arch,3,colon,3,pancreas,3
526,screw,3,hyperbola,3,screw,3
529,decorative,3,adhesive,3,terminology,3
532,shimmer,3,balm,3,grasshopper,3
535,scorpion,3,magpie,3,seagull,3
538,pigeon,3,dove,3,peacock,3
541,eradication,3,malaria,3,respiratory,3
544,proton,3,eradication,3,migraine,3
547,allergy,3,hyperbola,3,cefixime,3
550,penicillin,3,acetaminophen,3,antihistamine,3
553,fatty acid,3,selenium,3,potassium,3
556,chromium,3,selenium,3,turmeric,3
559,erosion,3,fertility,3,agriculture,3
562,divergence,3,fertility,3,organ,3
565,ensemble,3,bass,3,trumpet,3
568,organ,3,eel,3,delicate,3
571,verdant,3,jasmine,3,luminary,3
574,perfumes,3,aviation,3,perfumes,3
577,aviation,3,agriculture,3,herbal,3
580,barley,3,malt,3,sulfur,3
583,enchanting,3,tender,3,delicate,3
586,celestial,3,enchanting,3,starlight,3
589,nourishing,3,ethereal,3,majestic,3
592,enchanting,3,azure,3,verdant,3
595,lush,3,proton,3,celestial,3
598,cosmic,3,gracefully,3,tender,3
601,twilight,3,starlight,3,twilight,3
604,aurora,3,majestic,3,grove,3
607,shimmer,3,mattress,3,comforter,3
610,accessories,3,allergy,3,nightstand,3
613,pregnancy,3,couch,3,lounge,3
616,nightstand,3,grill,3,decorative,3
619,theater,3,cosmic,3,conjecture,3
622,aurora,3,celestial,3,cosmic,3
625,Kepler's Laws of Planetary,3,divergence,3,curl,3
628,neutrino,3,harmonic,3,conjecture,3
631,neutrino,3,basin,3,boreal,3
634,debris,3,trumpet,3,twilight,3
637,arch,3,dispute,3,flavor,3
640,dispute,3,strike,3,dissertation,3
643,breed,3,mangrove,3,linguistics,3
646,harmonic,3,linguistics,3,rehabilitation,3
649,dissertation,3,ethereal,3,labor,3
652,dispute,3,minister,3,sphinx,3
655,strike,3,nudge,3,infantry,3
658,blouse,3,chiseled,3,fertilizer,3
661,nudge,3,grove,3,mangrove,3
664,lush,3,squat,3,TCM,3
667,promotion,3,systemic,3,promotion,3
670,labor,3,nudge,3,ethnic,3
673,household,3,cloves,3,azure,3
676,magenta,3,peacock,3,denim,3
679,saffron,3,squid,3,turmeric,3
682,erosion,3,scorpion,3,palm,3
685,TCM,3,herbal,3,quinine,3
688,malaria,3,strike,3,basin,3
691,erosion,3,calcite,3,debris,3
694,arch,3,calcite,3,sulfur,3
697,carbonate,3,methane,3,baguette,3
700,counselor,3,RPG,3,blouse,3
703,blazer,3,blouse,3,denim,3
706,blazer,3,trumpet,3,blazer,3
709,ethnic,3,ensemble,3,salsa,3
712,couch,3,mattress,3,nightstand,3
715,comforter,3,towel,3,mop,3
718,rack,3,tableware,3,spoon,3
721,chopsticks,3,stuffed,3,screw,3
724,hammer,3,decorative,3,laundry,3
727,mop,3,disinfectant,3,grill,3
730,reputation,3,colon,3,clinical,3
733,rehabilitation,3,respiratory,3,allergy,3
736,TCM,3,acute,3,fertility,3
739,logistics,3,clinical,3,flour,3
742,pasta,3,lettuce,3,broccoli,3
745,condiments,3,sauces,3,soy sauce,3
748,ketchup,3,mustard,3,beverage,3
751,grilled,3,pan-seared,3,smoothies,3
754,gluten,3,eel,3,lettuce,3
757,ketchup,3,mayo,3,guacamole,3
760,salsa,3,tortilla,3,minced,3
763,hummus,3,latte,3,smoothies,3
766,hummus,3,grilled,3,zucchini,3
769,seasoned with,3,grape,3,soup,3
772,tortillas,3,mayo,3,delicate,3
775,tortillas,3,guacamole,3,soup,3
778,potsticker,3,seasoned with,3,tortillas,3
781,pasta,3,zucchini,3,flavor,3
784,hazelnut,3,latte,3,hazelnut,3
787,brew,3,cloves,3,tropical,3
790,pan-seared,3,premium,3,tender,3
793,mustard,3,seasoned with,3,chilies,3
796,curry,3,cabbage,3,ground lamb,3
799,stuffed,3,broccoli,3,ketchup,3
802,vinegar,3,peppercorns,3,numbing,3
805,pan-seared,3,soy sauce,3,flour,3
808,mayo,3,minced,3,chilies,3
811,basil,3,chilies,3,histamine,3
814,antihistamine,3,systemic,3,boldness,3
817,procrastination,3,debris,3,tragedy,3
820,curl,3,couch,3,reputation,3
823,entailment,3,tropical,3,boreal,3
826,coral reef,3,nickel,3,minced,3
829,numbing,3,flavor,3,scallion,3
832,cabbage,3,adhesive,3,numbing,3
835,cilantro,3,scallion,3,cilantro,3
838,eel,3,mackerel,3,salmon,3
841,coral reef,3,squid,3,oyster,3
844,lobster,3,seagull,3,gracefully,3
847,canary,3,dove,3,magpie,3
850,seagull,3,pigeon,3,dove,3
853,quail,3,magpie,3,peacock,3
856,pregnancy,3,fertilizer,3,nourishing,3
859,minister,3,ethereal,3,majestic,3
862,gracefully,3,aurora,3,verdant,3
865,tundra,3,boreal,3,shimmer,3
868,ensemble,3,canvas,3,noun,2
871,preposition,2,conjunction,2,kale,2
874,cauliflower,2,celery,2,peas,2
877,asparagus,2,beets,2,white button mushrooms,2
880,baby bellas,2,cremini mushrooms,2,morel,2
883,chanterelle mushrooms,2,matsutake,2,truffle,2
886,black truffle,2,white truffle,2,morchella,2
889,wagyu,2,wagyu beef,2,dandelion,2
892,tangerine,2,mangoes,2,papaya,2
895,walnuts,2,pecans,2,cashews,2
898,pistachios,2,hazelnuts,2,pine nuts,2
901,pecans,2,coconut,2,lotus,2
904,steak,2,pork,2,bacon,2
907,ham,2,ground,2,thigh,2
910,pepperoni,2,venison,2,crab,2
913,mussels,2,octopus,2,catfish,2
916,carp,2,perch,2,pike,2
919,chickpeas,2,soy milk,2,miso,2
922,liver,2,kidneys,2,tongue,2
925,side dishes,2,farro,2,casserole,2
928,roasted,2,course,2,pickled,2
931,pickled ginger,2,hot sauce,2,tabasco,2
934,gochujang,2,chimichurri,2,fermented,2
937,olive,2,oliver,2,staple foods,2
940,spaghetti,2,ramen,2,spaghetti,2
943,steel,2,course,2,oatmeal,2
946,rice,2,coarse cereals,2,vereal,2
949,reveal,2,unveil,2,coarse cereals,2
952,farro,2,couscous,2,dessert,2
955,Fire Cake,2,disturb,2,organic,2
958,lactose,2,almond,2,yogurt,2
961,yoghurt,2,dairy,2,cheddar,2
964,fats,2,whipped,2,soy milk,2
967,hemp,2,vacuum,2,remedies,2
970,herbal tea,2,chamomile,2,peppermint,2
973,jujube,2,allergic,2,caffeine,2
976,beverages,2,red wine,2,champagne,2
979,mojito,2,scotch,2,tonic water,2
982,bark,2,cinchona bark,2,mineral,2
985,infusion,2,virgin,2,investment,2
988,investigation,2,sesame,2,sesame oil,2
991,avocado,2,table salt,2,fish sauce,2
994,oyster sauce,2,tabasco,2,teriyaki sauce,2
997,herb,2,balsamic,2,sesame oil,2
1000,balsamic,2,red wine,2,bouillon,2
1003,chicken bouillon,2,bouillon,2,chicken bouillon,2
1006,stock,2,herbs,2,parsley,2
1009,star anise,2,parsley,2,scallions,2
1012,Chinese Flower Pepper,2,Fresh Lemongrass,2,grass nutmeg,2
1015,nutmeg,2,grass nutmeg,2,poppy,2
1018,tamarind,2,juniper,2,macronutrients,2
1021,micronutrients,2,protein,2,carbohydrates,2
1024,saturated fats,2,unsaturated fats,2,trans fats,2
1027,probiotics,2,prebiotics,2,cholesterol,2
1030,nutrition,2,melanosporum,2,french fries,2
1033,sweet potato,2,plantain,2,stem,2
1036,biscuit,2,crackers,2,crack,2
1039,shortbread cookies,2,Sha Qima,2,seaweed,2
1042,sedge,2,seaweed sheets,2,dried fruit snacks,2
1045,papaya,2,preserved plums,2,gyudon,2
1048,fried rice crust,2,cauliflower,2,popcorn,2
1051,snacks,2,granola,2,pot,2
1054,frying pan,2,skillet,2,wok,2
1057,stock pot,2,steamer,2,spatula,2
1060,fork,2,turner,2,spatula,2
1063,tongs,2,rolling pin,2,shears,2
1066,brush,2,bbq grill,2,propane,2
1069,utensils,2,muffin head,2,tin,2
1072,rolling pin,2,gradient,2,toaster,2
1075,dominant,2,dental,2,dental floss,2
1078,gel,2,sunscreen,2,spray,2
1081,hygiene,2,linen,2,cotton,2
1084,fabric,2,all purpose cleaner,2,dish,2
1087,soap,2,detergent,2,laundry detergent,2
1090,fabric softener,2,bleach,2,compound,2
1093,broom,2,dustpan,2,gloves,2
1096,rubber,2,curtains,2,bedding,2
1099,blankets,2,surge,2,tape,2
1102,scotch,2,measuring tape,2,toolbox,2
1105,ironing board,2,vacuum cleaner,2,plates,2
1108,utensils,2,tongs,2,microwave-safe containers,2
1111,brush,2,soap,2,cartridge,2
1114,permanent,2,spiral,2,acrylic,2
1117,acrylic brushes,2,compass,2,accessory,2
1120,writting brush,2,scissors,2,noun,2
1123,morphine,2,MDMA,2,methamphetamine,2
1126,caffeine,2,pot,2,hemp,2
1129,MDMA,2,hydrochloride,2,methamphetamine,2
1132,Herrenrasse,2,mosquitoes,2,fungus,2
1135,appeal,2,peanuts,2,walnuts,2
1138,pistachios,2,hazelnuts,2,cashews,2
1141,crab,2,pregnant,2,conceive,2
1144,conception,2,gestation,2,mites,2
1147,cat dander,2,weed pollen,2,cockroach,2
1150,electron,2,therapy,2,beetles,2
1153,glucose,2,dextrose,2,electrolyte,2
1156,deposition,2,inorganic,2,wasp,2
1159,formaldehyde,2,epinephrine,2,asthma,2
1162,allergies,2,inferiority,2,superiority,2
1165,confidence,2,chronic,2,cholinergic ueticaria,2
1168,hypothesis,2,hypertension,2,hypotension,2
1171,diabetes,2,artery,2,arthritis,2
1174,depression,2,chronic,2,bronchitis,2
1177,pneumonia,2,syndrome,2,thyroid,2
1180,kindey,2,essence,2,acne,2
1183,prostate,2,azithromycin,2,cephalexin,2
1186,vancomycin,2,pain relievers,2,citric acid,2
1189,acetosalicylic acid,2,cetirizine,2,cardiovascular medications,2
1192,respiratory medications,2,stomach,2,gastrointestinal medications,2
1195,bismuth,2,lozenges,2,berberine,2
1198,Colloquial,2,quilt,2,duvet,2
1201,pillowcase,2,bed sheet,2,throw,2
1204,curtain,2,bedspread,2,alkali,2
1207,alkali metal,2,alkaline,2,alkaline earth metal,2
1210,hydrogen,2,nitrogen,2,oxygen,2
1213,sodium,2,aluminium,2,flint,2
1216,phosphorus,2,chlorine,2,manganese,2
1219,iron,2,ferrum,2,arsenic,2
1222,molybdenum,2,tin,2,iodine,2
1225,platinum,2,mercury,2,bismuth,2
1228,Marie Curie,2,ray,2,fermium,2
1231,vice versa,2,fermium,2,Enrico Fermi,2
1234,alkali,2,alkaline,2,alkali metal,2
1237,alkaline earth metal,2,common compounds,2,table salt,2
1240,sodium,2,sodium bicarbonate,2,sodium carbonate,2
1243,citric acid,2,ethanol,2,methanol,2
1246,bleach,2,glucose,2,lactose,2
1249,fats,2,oxygen,2,nitrogen,2
1252,hydrogen,2,ozone,2,cephalexin,2
1255,tobramycin,2,levofloxacin,2,erythromycin,2
1258,azithromycin,2,vancomycin,2,chloramphenicol,2
1261,artemisia,2,cholesterol,2,inorganic,2
1264,organic,2,ethylene,2,propylene,2
1267,polypropylene,2,formaldehyde,2,benzene,2
1270,naphthalene,2,camphor,2,aluminium,2
1273,fertillizer,2,barn,2,ammonium nitrate,2
1276,TNT,2,RDX,2,TNP,2
1279,cinnabar,2,sodium bicarbonate,2,sodium carbonate,2
1282,chlorine,2,sodium silicate,2,silicate,2
1285,warfare,2,Land Warfare Equipment,2,tank,2
1288,personnel,2,propelled,2,javelin,2
1291,grenade,2,fragmentation,2,helicopter,2
1294,apache,2,hercules,2,UAV,2
1297,blackbird,2,ammunition,2,Avtomat Kalashnikova,2
1300,Kalashnikov,2,Avtomat Kalashnikova,2,NATO,2
1303,treaty,2,ballistic,2,intercontinental,2
1306,hypersonic,2,grenade,2,propelled,2
1309,ultraviolet,2,infrared,2,drones,2
1312,UAV,2,EODAS,2,optical,2
1315,cavalry,2,armored corps,2,warfare,2
1318,supply corps,2,maintenance,2,crew,2
1321,affair,2,personnel,2,recruit,2
1324,sergeant,2,colonel,2,brigadier,2
1327,general,2,recruit,2,seaman,2
1330,sergeant,2,colonel,2,brigadier,2
1333,general,2,neutral,2,Dragon Li,2
1336,domestic,2,leopard cat,2,Principal,2
1339,vice,2,vice versa,2,kindey,2
1342,field trip,2,investigation,2,benchmark assessment,2
1345,curricular,2,extracurricular activites,2,recess,2
1348,TOEFL,2,IELTS,2,advanced placement exams,2
1351,honor classes,2,enrollment,2,algebra,2
1354,calculus,2,angular momentum,2,hypothesis,2
1357,asymptote,2,axiom,2,parabola,2
1360,compass,2,conservation,2,delta,2
1363,kappa,2,phi,2,hieroglyphs,2
1366,biology,2,spanish,2,mandarin,2
1369,cinema,2,choir,2,electives,2
1372,crack,2,crack divisions,2,fulfillment,2
1375,pike units,2,yearbook,2,prom,2
1378,appendix,2,discipline,2,medicine,2
1381,bachelor,2,withdrawal,2,Attendance without Graduation,2
1384,honor classes,2,grant,2,interdisciplinary,2
1387,Foundational Education,2,electives,2,Degree Application,2
1390,audit,2,Numerical Grading System,2,displacement assessment,2
1393,audit,2,withdrawal,2,Harvard Style Grading,2
1396,Stanford Honor Code,2,Harvard Style Grading,2,Stanford Honor Code,2
1399,duke,2,marquess,2,viscount,2
1402,baron,2,nobility,2,Golden Snitch,2
1405,herbs,2,sorcery,2,glory,2
1408,veela,2,gnome,2,basilisk,2
1411,kappa,2,gnome,2,hieroglyphs,2
1414,sneak,2,sorcery,2,Pensieve,2
1417,Minerva McGonagall,2,Horace Slughorn,2,Tom Marvolo Riddle,2
1420,truffle,2,matsutake,2,black truffle,2
1423,white truffle,2,morel,2,morchella,2
1426,wagyu,2,wagyu beef,2,venison,2
1429,mangoes,2,jam,2,lavender jam,2
1432,cattle and cows,2,Chicken^ Hen^ Rooster and,2,ferret,2
1435,sable,2,lizard,2,gecko,2
1438,leopard cat,2,edible birds,2,cricket,2
1441,tonic water,2,sea cucumber,2,abalone,2
1444,swiftlet nest,2,pillar,2,fungus,2
1447,deer antler velvet,2,ginseng,2,goji berry,2
1450,wolfberry,2,episode,2,lasagna,2
1453,arrange from,2,exclusive,2,inclusive,2
1456,appreciate,2,wasabi,2,creative slump,2
1459,lost their touch,2,neighborhood,2,examinee,2
1462,candidate,2,preposition,2,drama,2
1465,TOEFL,2,IELTS,2,yoghurt,2
1468,tamarind,2,virgin,2,illuminated,2
1471,luminary tree,2,reindeer,2,accessory,2
1474,Colloquial,2,slang,2,discourse,2
1477,egg on my face,2,yearbook,2,yearbook quote,2
1480,exclusive,2,inclusive,2,pratical lessons,2
1483,infrastructure,2,on occasion,2,resort,2
1486,rapine economy,2,the fog of,2,podzol,2
1489,enclose off,2,granite,2,cetirizine,2
1492,hydrochloride,2,allergies,2,neurotransmitter,2
1495,primer,2,integrity,2,nobility,2
1498,noble prize,2,duke,2,marquess,2
1501,marquise,2,countess,2,viscount,2
1504,baron,2,suspicious,2,merry,2
1507,juniper,2,loyalty,2,apache,2
1510,knit,2,coat,2,ferret,2
1513,sable,2,ferrum,2,coat,2
1516,jeans,2,chinos,2,panties,2
1519,boxers,2,briefs,2,crew,2
1522,footless leggings,2,leggings,2,footless leggings,2
1525,white nylons,2,pumps,2,scarf,2
1528,gloves,2,pumps,2,sneak,2
1531,swim brief,2,rash,2,nose clip,2
1534,tank,2,buttocks,2,tow float,2
1537,belt,2,cotton,2,linen,2
1540,blends,2,a touch of humor,2,sill,2
1543,cool touch fabirc,2,acrylic,2,polypropylene,2
1546,blends,2,fleece,2,flannel,2
1549,knit,2,knit fabirc,2,comedy,2
1552,drama,2,appreciate,2,high-explosive grenades,2
1555,grenades fragments,2,projectile,2,proximity,2
1558,primer,2,cartridge,2,the stance of,2
1561,agency,2,algebra,2,riptide,2
1564,bastion,2,coconut rice,2,fossil,2
1567,boutique,2,fossil,2,eyeblossom,2
1570,blossom,2,biology,2,conservatism,2
1573,examinee,2,backed goods,2,baozi,2
1576,pork bao,2,glutinous rice balls,2,egg tart,2
1579,custard,2,vessels,2,nostalgic,2
1582,maintenance,2,Thoughts Across Time,2,domestic,2
1585,derived,2,striped,2,plates,2
1588,episode,2,meadow,2,cherry grove,2
1591,plateau,2,dripstone,2,warped,2
1594,steak,2,suspicious,2,chorus,2
1597,verse,2,kelp,2,dried kelp,2
1600,melon slice,2,cocoa,2,governor,2
1603,departing in,2,decorated,2,anticipated,2
1606,decorated,2,two hand curl,2,toe raise,2
1609,carnation,2,biscuit,2,exposed,2
1612,weathered,2,oxidized,2,malachite,2
1615,medal,2,thumb,2,candidate,2
1618,estimated,2,very result,2,saucer,2
1621,fork,2,pork,2,tray,2
1624,steamer,2,casserole,2,wok,2
1627,frying pan,2,skillet,2,stock pot,2
1630,stew,2,mug,2,carnation,2
1633,daisy,2,narcissus,2,daffodil,2
1636,dandelion,2,poppy,2,orchid,2
1639,azure bluet,2,tulip,2,azure bluet,2
1642,daisy,2,banner,2,banner pattern,2
1645,peony,2,chrysanthemum,2,blossom,2
1648,iris,2,phalaenopsis orchid,2,orchid,2
1651,anemone,2,bachelor,2,jam,2
1654,lavender jam,2,clover,2,loach,2
1657,koi,2,aloe vera,2,rubber,2
1660,fern,2,palm tree,2,fern,2
1663,AC,2,frost,2,caliper,2
1666,V Brakes,2,antifreeze,2,diesel,2
1669,ethanol,2,methanol,2,petroleum,2
1672,trunk,2,seat massage,2,curtain,2
1675,heated windshield,2,caucasian,2,vault,2
1678,javelin,2,nose clip,2,gown,2
1681,ammunition,2,fencing,2,triathlon,2
1684,buttocks,2,thigh,2,tongue,2
1687,stomach,2,liver,2,kidneys,2
1690,intestines,2,duck,2,spleen,2
1693,appendix,2,waist,2,crown,2
1696,gum,2,chin,2,armpit,2
1699,palm tree,2,thumb,2,shin,2
1702,index toe,2,tissue,2,eyelid,2
1705,shin,2,armpit,2,trunk,2
1708,tibia,2,artery,2,tibia,2
1711,mole,2,chin,2,prostate,2
1714,tension,2,spleen,2,thyroid,2
1717,iris,2,screwdriver,2,pliers,2
1720,wrench,2,scissors,2,shears,2
1723,Universal Joint Wrench,2,caliper,2,parabola,2
1726,spiral,2,asymptote,2,screwdriver bit set,2
1729,glue gun,2,spray,2,sandpaper,2
1732,abrasive,2,welding,2,steel,2
1735,plastic,2,eyelid,2,sunscreen,2
1738,contour,2,blush,2,bronze,2
1741,glossy,2,glossy lipstick,2,blender,2
1744,insects,2,cockroach,2,cricket,2
1747,moth,2,wasp,2,lizard,2
1750,gecko,2,bullfrog,2,rattle,2
1753,rattlesnake,2,bullfrog,2,moth,2
1756,mites,2,sparrow,2,swallow,2
1759,barn,2,bald eagle,2,myna,2
1762,crow,2,woodpecker,2,snowy owl,2
1765,mallard,2,mandarin,2,mandarin duck,2
1768,kingfisher,2,thrush,2,orchestra,2
1771,trauma,2,fracture,2,compound,2
1774,rash,2,acne,2,canker sore,2
1777,gingivitis,2,cataract,2,hygiene,2
1780,Prevention of Mother-to-Child Transmission,2,counseling,2,dyspepsia,2
1783,asthma,2,bronchitis,2,pneumonia,2
1786,dyspepsia,2,stool,2,quadruple therapy,2
1789,therapy,2,arthritis,2,hypertension,2
1792,hypotension,2,diabetes,2,dental,2
1795,dental floss,2,calculus,2,overbite,2
1798,gum,2,gingivitis,2,canker sore,2
1801,do me a favor,2,thrush,2,crowded teeth,2
1804,underbite,2,coated,2,morphology,2
1807,crowded teeth,2,underbite,2,overbite,2
1810,braces,2,erythromycin,2,berberine,2
1813,lozenges,2,iodine,2,pain relievers,2
1816,morphine,2,tobramycin,2,levofloxacin,2
1819,chloramphenicol,2,dexamethasone,2,sodium silicate,2
1822,histidine,2,nutrients,2,macronutrients,2
1825,micronutrients,2,nutrients,2,protein,2
1828,carbohydrates,2,saturated fats,2,unsaturated fats,2
1831,trans fats,2,phosphorus,2,manganese,2
1834,molybdenum,2,probiotics,2,prebiotics,2
1837,aloe vera,2,atmosphere,2,troposphere,2
1840,stratosphere,2,thermosphere,2,exosphere,2
1843,ozone,2,greenhouse effect,2,air pollution,2
1846,ocean acidification,2,lithosphere,2,soil fertility,2
1849,biodiversity,2,habitat,2,global warming,2
1852,iceberg,2,el nino,2,immigration,2
1855,diversity,2,dominant,2,biodiversity,2
1858,soil fertility,2,orchestra,2,orchestra pit,2
1861,piccolo,2,percussion,2,drum kit,2
1864,cymbals,2,mouth organ,2,Diaphragm Harmonica,2
1867,principal players,2,chorus,2,choir,2
1870,piccolo,2,drum kit,2,urban,2
1873,percussion,2,zither,2,mouth organ,2
1876,cymbals,2,chime,2,bronze,2
1879,eternal,2,canopy,2,blend,2
1882,ceaseless,2,brook,2,glade,2
1885,solitary,2,silhouette,2,choreography,2
1888,imagery,2,poetic,2,TNT,2
1891,toluene,2,RDX,2,TNP,2
1894,illuminated,2,ammonium nitrate,2,proximity,2
1897,fragmentation,2,evolution,2,iconic,2
1900,infrastructure,2,hospatility,2,gorgeous,2
1903,IMHO,2,humble,2,transportation,2
1906,splendid,2,gorgeous,2,maackii,2
1909,Chengdu Aerospace Corporation,2,aerospace capabilities,2,speculation,2
1912,regarding,2,the next era of,2,era,2
1915,anticipated,2,calvin,2,essence,2
1918,amber,2,calvin,2,peppermint,2
1921,affection,2,depression,2,inferiority,2
1924,confidence,2,gratitude,2,resilience,2
1927,integrity,2,loyalty,2,enthusiasm,2
1930,discipline,2,resilience,2,ginseng,2
1933,chrysanthemum,2,cinnabar,2,camphor,2
1936,herb,2,hops,2,goji berry,2
1939,arsenic,2,moonlight,2,illuminating,2
1942,radiance,2,bloom,2,tranquil,2
1945,linger,2,illuminating,2,luminous,2
1948,resplendent,2,serene,2,translucent,2
1951,vibrant,2,eternal,2,permanent,2
1954,tranquil,2,mystical,2,spectral,2
1957,photon,2,electron,2,mole,2
1960,astral,2,serene,2,tenderly,2
1963,moonlight,2,sanctuary,2,canopy,2
1966,cascade,2,cataract,2,pavilion,2
1969,arcade,2,glade,2,brook,2
1972,meadow,2,silhouette,2,mist,2
1975,radiance,2,bedding,2,flannel,2
1978,pillowcase,2,blankets,2,electric blanket,2
1981,throw,2,gel,2,bedspread,2
1984,banner,2,scarf,2,bamboo mattress pad,2
1987,crib,2,electric blanket,2,lounge chair,2
1990,coffee table,2,bookshelf,2,rug,2
1993,footstool,2,bedside table,2,wardrobe,2
1996,closet,2,dressing table,2,stool,2
1999,file carbinet,2,storage cabinet,2,lounge chair,2
2002,hammock,2,footstool,2,diesel,2
2005,ballistic,2,replenishment ship,2,tactical,2
2008,proposal,2,boutique,2,outlet,2
2011,spice store,2,grocery store,2,ATM,2
2014,patrol,2,department building,2,clinic,2
2017,leisure,2,cinema,2,theatre,2
2020,orchestra pit,2,resort,2,disney resort,2
2023,transportation,2,grocery store,2,mercury,2
2026,geostationary orbit,2,phenomena,2,conjunction,2
2029,undergo,2,asteroid,2,M78 Nebula,2
2032,speculative,2,speculation,2,Karman Line,2
2035,tidal,2,tidal locking,2,magnetic flux,2
2038,belt,2,ionosphere,2,infrared,2
2041,ultraviolet,2,optical,2,tidal,2
2044,tidal locking,2,constellations,2,hercules,2
2047,lunar transfer orbit,2,geostationary orbit,2,hohmann transfer orbit,2
2050,roche limit,2,zodiac,2,constellations,2
2053,zodiac constellations,2,Sagittarius,2,Aldebaran,2
2056,Antares,2,Sagittarius,2,Cygnus,2
2059,Lyra,2,Betelgeuse,2,Rigel,2
2062,Lyra,2,Cygnus,2,Rigel,2
2065,Procyon,2,Betelgeuse,2,Aldebaran,2
2068,Antares,2,Capella,2,Procyon,2
2071,Capella,2,astral,2,roche limit,2
2074,orbital,2,collision,2,atmosphere,2
2077,exosphere,2,ionosphere,2,thermosphere,2
2080,stratosphere,2,troposphere,2,orbital speed,2
2083,escape velocity,2,interplanetary escape velocity,2,orbital speed,2
2086,escape velocity,2,angular momentum,2,hohmann transfer orbit,2
2089,Issac Newton,2,Henri Poincare,2,John von Neumann,2
2092,Enrico Fermi,2,Marie Curie,2,Erwin Schrodinger,2
2095,Archimedes of Syracuse,2,John von Neumann,2,Edsger Dijkstra,2
2098,William Boeing,2,Tsien Hsue-Shen,2,Plato,2
2101,Aristotle,2,Plato,2,Aristotle,2
2104,gradient,2,magnetic flux,2,Quantum Mechanics,2
2107,Conservation of Energy,2,conservation,2,photon,2
2110,Statistical Mechanics,2,Four Fundamental Forces,2,Quantum Mechanics,2
2113,Statistical Mechanics,2,speculative,2,Einstein-Rosen bridges,2
2116,the cube of,2,Conservation of Energy,2,particle,2
2119,schrodinger euqtion,2,plateau,2,Arctic,2
2122,Rocky Mountains,2,South China Sea,2,Pyramids of Giza,2
2125,Amazon Rainforest,2,South China Sea,2,Pyramids of Giza,2
2128,Amazon Rainforest,2,Colosseum,2,Palace of Versailles,2
2131,Kremlin,2,Venice Canals,2,Aurora Borealis,2
2134,Colosseum,2,Kremlin,2,Rocky Mountains,2
2137,Atlantis,2,axiom,2,collision,2
2140,projectile,2,mist,2,dew,2
2143,frost,2,drizzle,2,air pollution,2
2146,temporature,2,temperature,2,dew,2
2149,jet,2,contour,2,el nino,2
2152,monsoon,2,imagery,2,Aurora Borealis,2
2155,landslide,2,debris flow,2,tsunami,2
2158,global warming,2,greenhouse effect,2,ocean acidification,2
2161,permafrost thawing,2,thawing,2,permafrost thawing,2
2164,thawing,2,retreat,2,arctic,2
2167,retreat,2,halo,2,pillar,2
2170,glory,2,splendid,2,riptide,2
2173,surge,2,evolution,2,consult,2
2176,guaranting,2,drones,2,funeral,2
2179,asteroid,2,patrol,2,tulip,2
2182,podzol,2,2025,2,polar bear,2
2185,profound,2,fulfillment,2,seaman,2
2188,leisure,2,grant,2,church,2
2191,proposal,2,Principal,2,interdisciplinary,2
2194,derived,2,discourse,2,diagnosis,2
2197,ethics,2,medal,2,embassy,2
2200,unveil,2,merry,2,church,2
2203,ripped,2,enthusiasm,2,Islam,2
2206,Catholicism,2,Islam,2,Hinduism,2
2209,reveal,2,pterosaur,2,morphology,2
2212,disturb,2,NATO,2,treaty,2
2215,negotiations,2,miscellaneous,2,shovel,2
2218,jade,2,affection,2,resemble,2
2221,cobra,2,cavalry,2,theatre,2
2224,souffle,2,arcade,2,affair,2
2227,investment,2,bouquet,2,liaison,2
2230,kurtosis,2,hook,2,smith,2
2233,blacksmith,2,turner,2,mason,2
2236,shepherd,2,prism,2,fertillizer,2
2239,solitude,2,triathlon,2,negotiations,2
2242,welfare,2,mason,2,shepherd,2
2245,blacksmith,2,smith,2,pine,2
2248,warped,2,dripstone,2,apron,2
2251,welding,2,miscellaneous,2,precison,2
2254,precision,2,spectrum,2,gratitude,2
2257,liaison,2,immigration,2,residence,2
2260,embassy,2,consult,2,curricular,2
2263,undergo,2,refugee,2,appeal,2
2266,expatriate,2,residency abroad,2,diaspora,2
2269,expatriate,2,diaspora,2,welfare,2
2272,maternity,2,guarantee,2,immediate family,2
2275,parent,2,urban,2,rural,2
2278,mystical,2,bouquet,2,olive,2
2281,oliver,2,verdi,2,verdigris,2
2284,sepia,2,vermilion,2,russet,2
2287,slate,2,alabaster,2,platinum,2
2290,champagne,2,blush,2,thistle,2
2293,mulberry,2,charcoal,2,garnet,2
2296,hazel,2,helicopter,2,nutmeg,2
2299,russet,2,sepia,2,tangerine,2
2302,topaz,2,cretaceous,2,cambrian period,2
2305,cretaceous period,2,triassic period,2,eon,2
2308,neo^ meso and pale,2,cambrian period,2,triassic period,2
2311,cretaceous,2,cretaceous period,2,paleocene,2
2314,epoch,2,paleocene epoch,2,paleocene,2
2317,paleocene epoch,2,glacial,2,iceberg,2
2320,subduction,2,rhinoceros,2,pine,2
2323,parasol,2,poplar,2,willow,2
2326,hawthorn,2,almond,2,mulberry,2
2329,remedies,2,bark,2,cinchona bark,2
2332,mosquitoes,2,insects,2,beetles,2
2335,lithosphere,2,sill,2,landform,2
2338,delta,2,landform,2,fjord,2
2341,deposition,2,subduction,2,glacial,2
2344,landslide,2,debris flow,2,mineral,2
2347,mica,2,shale,2,granite,2
2350,slate,2,tsunami,2,eon,2
2353,era,2,phenomena,2,trench,2
2356,flint,2,shale,2,schist,2
2359,mica,2,silicate,2,garnet,2
2362,fluorite,2,malachite,2,precision,2
2365,topaz,2,amber,2,jade,2
2368,patina,2,exposed,2,weathered,2
2371,oxidized,2,verdi,2,verdigris,2
2374,petroleum,2,propane,2,ethylene,2
2377,propylene,2,benzene,2,toluene,2
2380,fluorite,2,rhinoceros,2,narwhal,2
2383,walrus,2,jet,2,translucent,2
2386,cleavage,2,fracture,2,refractive,2
2389,zodiac,2,prong,2,marquise,2
2392,cushion,2,cleavage,2,girdle,2
2395,coated,2,coated with,2,crown,2
2398,pavilion,2,girdle,2,LMAO,2
2401,TBH,2,IMHO,2,humble,2
2404,FOMO,2,fuck my life,2,ETA,2
2407,estimated,2,arena,2,regarding,2
2410,TTFN,2,TBH,2,FOMO,2
2413,LMAO,2,TTFN,2,ETA,2
2416,ATM,2,waist,2,trim,2
2419,leggings,2,maxi dress,2,wrap dress,2
2422,panties,2,boxers,2,briefs,2
2425,jeans,2,ripped,2,distressed,2
2428,chinos,2,trench,2,fleece,2
2431,striped,2,distressed,2,wrap dress,2
2434,maxi dress,2,gown,2,maternity,2
2437,prom,2,pike,2,vault,2
2440,choreography,2,bent,2,hip hop,2
2443,blender,2,toaster,2,sink,2
2446,coffee table,2,rug,2,curtains,2
2449,bed sheet,2,wardrobe,2,closet,2
2452,bedside table,2,dressing table,2,quilt,2
2455,duvet,2,sink,2,trim nails,2
2458,wash hair,2,trim nails,2,wash hair,2
2461,trim,2,broom,2,dustpan,2
2464,vacuum cleaner,2,AC,2,bookshelf,2
2467,mug,2,saucer,2,tray,2
2470,parasol,2,shovel,2,crib,2
2473,iron,2,outlet,2,strip,2
2476,tape,2,tissue,2,toolbox,2
2479,screwdriver,2,pliers,2,measuring tape,2
2482,wrench,2,glue gun,2,sandpaper,2
2485,cushion,2,chime,2,storage cabinet,2
2488,hook,2,detergent,2,laundry detergent,2
2491,fabric,2,fabric softener,2,ironing board,2
2494,vacuum,2,hammock,2,prong,2
2497,two-prong plug,2,reactionary,2,progressive,2
2500,conservatism,2,reactionary,2,spectrum,2
2503,caret,2,parent,2,braces,2
2506,gastroenterology,2,pulmonology,2,neurosurgery,2
2509,immunology,2,infusion,2,neurosurgery,2
2512,gastroenterology,2,pulmonology,2,nutrition,2
2515,immunology,2,medicine,2,plastic,2
2518,counseling,2,clinic,2,trauma,2
2521,ethics,2,rice,2,ham,2
2524,bacon,2,dairy,2,yogurt,2
2527,hot sauce,2,toast with jam,2,curry rice,2
2530,burritos,2,sushi,2,pan-seared fish fillets,2
2533,fish fillets,2,pan-seared fish fillets,2,lasagna,2
2536,snacks,2,french fries,2,popcorn,2
2539,jelly,2,beverages,2,diversity,2
2542,wasabi,2,pickled ginger,2,pickled,2
2545,ramen,2,miso,2,char siu,2
2548,seaweed,2,curry rice,2,patty,2
2551,cheddar,2,toasted bun,2,garlic mayo,2
2554,pepperoni,2,burritos,2,kale,2
2557,avocado,2,vegetarian wraps,2,granola,2
2560,brewed into,2,flavors,2,coconut,2
2563,cold-brewed,2,brewed,2,electrolyte-rich,2
2566,celery,2,beets,2,mediterranean,2
2569,appetizer,2,grilled vegetable wrap,2,skewers,2
2572,tahini,2,meze platter,2,platter,2
2575,meze platter,2,tzatziki,2,bean sprouts,2
2578,prawn,2,crackers,2,asparagus,2
2581,fresh herb,2,spicy-sweet,2,sesame,2
2584,thai coconut wraps,2,coconut rice,2,patty,2
2587,chickpeas,2,tahini,2,flavors,2
2590,whipped,2,bubble tea,2,tapioca,2
2593,jelly,2,mock,2,mojito,2
2596,mint,2,brewed,2,drizzle,2
2599,cocoa,2,special combo,2,shandong cuisine,2
2602,pork belly,2,salted egg yolk,2,yolk,2
2605,egg white,2,funeral,2,fresh herb,2
2608,burrito,2,soup dumplings,2,coated with,2
2611,caramelized,2,caramelized crust,2,skewers,2
2614,served with,2,fillets,2,fish fillets,2
2617,coleslaw,2,seafood alfredo,2,mussels,2
2620,platter,2,sushi,2,puree,2
2623,mint,2,bubble tea,2,chewy,2
2626,tapioca,2,blend of,2,blend,2
2629,hazel,2,herbal tea,2,chamomile,2
2632,electrolyte,2,multi-fruit,2,premium beef,2
2635,roasted,2,stew,2,beef chunks,2
2638,braised,2,star anise,2,braised port belly,2
2641,peanuts,2,scallions,2,bean sauce,2
2644,breaded with,2,shredded,2,mediterranean,2
2647,tzatziki,2,ground,2,couscous,2
2650,chimichurri,2,burrito,2,grilled with,2
2653,gochujang,2,chili paste,2,stem,2
2656,coleslaw,2,tenderloin,2,shredded,2
2659,served with,2,sweet-savory,2,oyster sauce,2
2662,tenderloin,2,coated in,2,teriyaki sauce,2
2665,gyudon,2,simmered,2,bean sauce,2
2668,dish,2,marinated in,2,coated in,2
2671,puree,2,jujube,2,chili paste,2
2674,grilled to,2,basilisk,2,marinated in,2
2677,bean sprouts,2,fish sauce,2,Artificial Intelligence Infrastructure,2
2680,Machine Learning Systems,2,superiority,2,surface strike,2
2683,histidine,2,allergic,2,epinephrine,2
2686,neurotransmitter,2,dexamethasone,2,fencing,2
2689,hook punch,2,progressive,2,solitary,2
2692,orbital,2,syndrome,2,verse,2
2695,poetic,2,comedy,2,tension,2
2698,cloister,2,bent,2,strip,2
2701,guarantee,2,kurtosis,2,agency,2
2704,immediate family,2,retentive,2,temporature,2
2707,temperature,2,arctic,2,monsoon,2
2710,tactical,2,shandong cuisine,2,peas,2
2713,braised,2,intestines,2,sichuan peppercorns powder,2
2716,bean paste,2,poached,2,char siu,2
2719,caramelized,2,savory black bean,2,chopped chili peppers,2
2722,fillets,2,simmered,2,drizzled,2
2725,pork belly,2,carb roe,2,soup dumplings,2
2728,drizzled,2,rice balls,2,fermented,2
2731,salted egg yolk,2,baozi,2,yolk,2
2734,egg white,2,salted egg white,2,sweet potato,2
2737,chewy,2,hawthorn,2,hawthorn slices,2
2740,numeric notation,2,simplified notation,2,lotus,2
2743,reed membrane,2,poplar,2,willow,2
2746,iconic,2,rural,2,sedge,2
2749,purslane,2,goosefoot,2,hops,2
2752,hip hop,2,thistle,2,plantain,2
2755,mock,2,purslane,2,goosefoot,2
2758,foxtail grass,2,clover,2,egg tart,2
2761,custard,2,dessert,2,rice balls,2
2764,glutinous rice balls,2,sesame glutinous rice balls,2,bean paste,2
2767,belly boiled,2,prawn,2,charcoal,2
2770,poached,2,poached shrimp,2,scallion dip,2
2773,goubuli steamed buns,2,pungent,2,appetizer,2
2776,intensely,2,glossy,2,mandarin fish,2
2779,carp,2,koi,2,perch,2
2782,mandarin fish,2,loach,2,catfish,2
2785,spanish,2,narwhal,2,habitat,2
2788,ray,2,octopus,2,sea cucumber,2
2791,kelp,2,anemone,2,walrus,2
2794,polar bear,2,reindeer,2,cobra,2
2797,rattlesnake,2,rattle,2,five-step snake,2
2800,sharp-nosed viper,2,python,2,hawk,2
2803,hunt in packs,2,sparrow,2,swallow,2
2806,blackbird,2,crow,2,duck,2
2809,mandarin duck,2,falcon,2,hawk,2
2812,kingfisher,2,woodpecker,2,myna,2
2815,stock,2,snowy owl,2,falcon,2
2818,mallard,2,bald eagle,2,peony,2
2821,narcissus,2,daffodil,2,wolfberry,2
2824,pungent,2,pregnent,2,conceive,2
2827,conception,2,gestation,2,pregnent,2
2830,pregnant,2,golden crust,2,abalone,2
2833,resemble,2,artemisia,2,pot soup,2
2836,nantional level principla,2,governor,2,autonomous region,2
2839,municipality,2,municipality directly under the,2,departmental bureau,2
2842,prefecture-level city,2,county,2,head of county,2
2845,subdistrict office,2,autonomous region,2,municipality,2
2848,municipality directly under the,2,prefecture-level city,2,county,2
2851,neighborhood,2,ethic township,2,subdistrict office,2
2854,luminous,2,tenderly,2,sanctuary,2
2857,cascade,2,refractive,2,vermilion,2
2860,nostalgic,2,intensely,2,ceaseless,2
2863,resplendent,2,ardently,2,fjord,2
2866,cloister,2,solitude,2,halo,2
2869,prism,2,patina,2,alabaster,2
2872,bastion,2,inevitablity,2,ardently,2
2875,bloom,2,linger,2,epoch,2
2878,spectral,2,2025,2,diagnosis,2
2881,vibrant,2,refugee,2,caret,2
2884,lexicon,1,parts of speech,1,verb,1
2887,adjective,1,adverb,1,conjuction,1
2890,pronoun,1,interjection,1,sentence components,1
2893,subject and object,1,predicate,1,adverbial,1
2896,complement,1,clauses,1,adverbial clause,1
2899,object clause,1,attributive,1,attributive clause,1
2902,relative clause,1,subject clause,1,predicative,1
2905,nominative,1,predicative clause,1,nominative clause,1
2908,declarative sentence,1,interrogative,1,interrogative sentence,1
2911,imperative,1,imperative sentence,1,exclamatory,1
2914,exclamatory sentence,1,inverted sentence,1,passive,1
2917,passive voice,1,subjunctive,1,subjunctive mood,1
2920,mood,1,infinitive,1,infinite,1
2923,participle,1,infinitive phrarse,1,infinitive phrase,1
2926,participle phrase,1,absolute construction,1,ellipsis,1
2929,parenthesis,1,carrots,1,bell peppers,1
2932,hot peppers,1,cucumbers,1,eggplant,1
2935,tomatoes,1,potatoes,1,sweet potatoes,1
2938,garlic,1,green beans,1,mushrooms,1
2941,radishes,1,leeks,1,swiss chard,1
2944,chard,1,arugula,1,turnips,1
2947,parsnips,1,button mushrooms,1,bellas,1
2950,cremini,1,portobello mushrooms,1,shiitake,1
2953,shiitake mushrooms,1,oyster mushrooms,1,enoki,1
2956,enoki mushrooms,1,maitake,1,maitake mushrooms,1
2959,morel mushrooms,1,chanterelle,1,Tricholoma matsutake,1
2962,tricholoma,1,Tuber melanosporum,1,Burgundy,1
2965,black cattle,1,cattle,1,collard,1
2968,collard greens,1,mustard greens,1,watercress,1
2971,beet greens,1,endive,1,cichorium,1
2974,strawberries,1,blueberries,1,raspberries,1
2977,blackberries,1,cranberries,1,nectarines,1
2980,plums,1,apricots,1,cherries,1
2983,pears,1,avocados,1,pineapple,1
2986,kiwi,1,figs,1,pomegranates,1
2989,limes,1,lemons,1,pecanpie,1
2992,pecan pie,1,macadamia,1,brail nuts,1
2995,sunflower seeds,1,pumpkin seeds,1,pepitas,1
2998,flaxseeds,1,chia,1,chia seeds,1
3001,chestnuts,1,baru nuts,1,lotus seeds,1
3004,ribeye,1,rib,1,T-bone,1
3007,filet mignon,1,filet,1,mignon,1
3010,ground beef,1,roast beef,1,roast,1
3013,short ribs,1,pork chops,1,chops,1
3016,pulled pork,1,sausages,1,lamb,1
3019,lamb chops,1,chicken breast,1,breast,1
3022,chicken thighs,1,salami,1,cod,1
3025,trout,1,halibut,1,sardines,1
3028,clams,1,crappie,1,legumes,1
3031,vegetables,1,black beans,1,kidney beans,1
3034,lentils,1,pinto,1,pinto beans,1
3037,cannellini,1,canellini beans,1,navy beans,1
3040,split peas,1,fava,1,fava beans,1
3043,adzuki beans,1,adzuki,1,tofu,1
3046,tempeh,1,edamame,1,TVP,1
3049,offal,1,tripe,1,sweetbreads,1
3052,dishes,1,bulgur,1,Tabbouleh,1
3055,Couscous,1,Polenta,1,Cornbread,1
3058,Mashed,1,mashed potatoes,1,sweet potato casserole,1
3061,roasted vegetables,1,grilled bread,1,French Baguette,1
3064,echo,1,kimchi,1,zhacai,1
3067,zha cai,1,sauerkraut,1,radish,1
3070,daikon,1,daikon radish,1,pickled turnips,1
3073,pickled peppers,1,chili sauces,1,sriracha,1
3076,harissa,1,doubanjiang,1,sambal,1
3079,oelek,1,sambal oelek,1,peri-peri sauce,1
3082,fremented,1,olives,1,capers,1
3085,cornichons,1,herring,1,staple,1
3088,white rice,1,brown rice,1,jasmine rice,1
3091,udon,1,uber,1,whole wheat bread,1
3094,sourdough,1,fettuccine,1,penne,1
3097,grains,1,oats,1,rolled oats,1
3100,rolled,1,stell-cut,1,steel-cut oats,1
3103,pinhead,1,coarse,1,instant oats,1
3106,parley,1,pearl barley,1,hulled,1
3109,hulled barley,1,whole kernel corn,1,kernle,1
3112,kernel,1,cornmeal,1,meal,1
3115,powder,1,shake it,1,polenta,1
3118,wheat berries,1,millet,1,whole grains,1
3121,cereal,1,whole wheat flour,1,rye,1
3124,rye flour,1,buckwheat,1,groats,1
3127,refined grains,1,refined,1,white flour,1
3130,pancakes,1,Chinese Breads,1,Chinese Pancackes,1
3133,Chinese Pancakes,1,Steamed Bun,1,Bun,1
3136,Steamed Plaiin Bun,1,Steamed Plain Bun,1,pan-fried,1
3139,dumplings,1,fruit-filled dessert,1,Pan-Fried Dumplings,1
3142,Potsticker,1,burnt,1,burnt flatbread,1
3145,Chinese Crispy Flatbread,1,firecake,1,Chinese Firecake,1
3148,Shandong Pancake,1,crepe,1,creeper,1
3151,Shandong Crepe,1,silkworms,1,formatino,1
3154,formation,1,subsequent,1,subsequently,1
3157,jetliner,1,scallion pancake,1,whole milk,1
3160,skim milk,1,skim,1,lactose-free,1
3163,yoghourt,1,Greek Yogurt,1,probiotic,1
3166,probiotic yogurt,1,daily,1,non-dairy,1
3169,cheese,1,Cheddar Cheese,1,Mozzarella Cheese,1
3172,Mozzarella,1,Parmesan Cheese,1,Feta Cheese,1
3175,Brie Cheese,1,Parmesan,1,Feta,1
3178,Brie,1,Blue Cheese,1,cottage,1
3181,cottage cheese,1,dutch cheese,1,pot cheese,1
3184,smear,1,smearcase,1,butter,1
3187,dairy fats,1,salted butter,1,unsalted butter,1
3190,whipped butter,1,whip,1,clarified,1
3193,clarified butter,1,chee,1,ghee,1
3196,heavy cream,1,half-and-half,1,light cream,1
3199,condensed,1,condensed milk,1,evaporated,1
3202,evaported milk,1,eva,1,evaporated milk,1
3205,porate,1,porated,1,whey,1
3208,whey protein powder,1,kefir,1,casein,1
3211,grape juice,1,cranberry,1,cranberry juice,1
3214,grapefruit,1,pomegranate juice,1,coconut water,1
3217,prune,1,prune juice,1,V8,1
3220,acai,1,acai berry,1,oat milk,1
3223,cashew,1,black tea,1,green tea,1
3226,white tea,1,oolong,1,真空,1
3229,oolong tea,1,herbal tes,1,rooibos,1
3232,rooibos tea,1,jujbe,1,seafood,1
3235,date,1,epistola,1,chai,1
3238,chai tea,1,iced tea,1,ground coffee,1
3241,instant coffee,1,decaf coffee,1,decaf,1
3244,caffein,1,caffeinated,1,decaffeinated,1
3247,cold brew,1,vanilla,1,flavored,1
3250,alcoholic,1,sweetened,1,artificial,1
3253,sparkling,1,beer,1,wine,1
3256,white wines,1,rose wines,1,sparkling wines,1
3259,champion,1,guanjun,1,冠军,1
3262,prosecco,1,liquor,1,whiskey,1
3265,vodka,1,rum,1,tequila,1
3268,malt beverage,1,maltose,1,cocktail,1
3271,pick-me-up,1,flip,1,martini,1
3274,punch,1,stout,1,ale,1
3277,lager,1,draught,1,draft beer,1
3280,aperitive,1,apertif wine,1,apertif,1
3283,Bordeaux,1,sherry,1,Tequila,1
3286,brandy,1,gin,1,flaming,1
3289,lamborgnini,1,lamborgni,1,banger,1
3292,reef,1,Bloody Mary,1,Bombing,1
3295,Gatorade,1,Powerade,1,BodyArmor,1
3298,Electrolyte,1,Carbonated,1,Cola,1
3301,coca-cola,1,pepsi,1,Diet Cola,1
3304,Diet,1,regular,1,regular cola,1
3307,root beer,1,soda water,1,cinchona,1
3310,mineral water,1,still water,1,sparkling water,1
3313,filtered water,1,spring water,1,奶昔,1
3316,milkshake,1,kombucha,1,herbal infusions,1
3319,facilites,1,pedicure,1,gaily,1
3322,elderflower,1,lemon balm,1,olive oil,1
3325,extra virgin olive oil,1,canola,1,canola oil,1
3328,peanut oil,1,soybean oil,1,soy oil,1
3331,soya oil,1,soya,1,soybean,1
3334,investigate,1,avocado oil,1,牛油果,1
3337,corn oil,1,grapessed,1,grapeseed,1
3340,sea salt,1,fine sea salt,1,coarse sea salt,1
3343,kosher salt,1,himalayan,1,pink salt,1
3346,flake,1,flaker,1,flanker,1
3349,flake salt,1,maldon,1,seasoned,1
3352,seasoned salt,1,tamari,1,hoisin,1
3355,hoisin sauce,1,teriyaki,1,vinegars,1
3358,sour wine,1,salad dressing,1,flavouring,1
3361,flavour,1,pomade,1,balsam,1
3364,balsamic vinegar,1,rice vinegar,1,apple cider vinegar,1
3367,apple cider,1,white vinegar,1,distilled vinegar,1
3370,alcohols,1,shaoxing wine,1,white wine,1
3373,granulated,1,granulate,1,granulated sugar,1
3376,brown sugar,1,maple syrup,1,molasses,1
3379,honey,1,MSG,1,monosodium glutamate,1
3382,monosodium,1,glutamate,1,chicken couillon,1
3385,chicken stock cubes,1,chicken powder,1,beef bouillon,1
3388,garlic powder,1,paprika,1,cayenne pepper,1
3391,cayenne,1,curry powder,1,five-spice powder,1
3394,thyme,1,rosemary,1,oregano,1
3397,spices,1,anise,1,fennel,1
3400,fennel seeds,1,dried basil,1,cardamom,1
3403,white cardamom,1,ground cinnamon,1,cinnamon sticks,1
3406,black pepper,1,mustard seeds,1,prepared mustard,1
3409,fresh ginger,1,ground ginger,1,gree onions,1
3412,green onions,1,coriander,1,Chinese Parsley,1
3415,spring onion,1,white pepper,1,ground white pepper,1
3418,ground black pepper,1,Flower Pepper,1,Sichuan Peppercorns,1
3421,Lemongrass,1,Freash,1,cumin,1
3424,cumin seeds,1,ground cumin,1,Kwao Krueang,1
3427,bay,1,bay leaves,1,laurel,1
3430,laurel leaves,1,coriander seeds,1,fenugreek,1
3433,allspice,1,mace,1,poppy seeds,1
3436,sumac,1,asafoetida,1,asafetida,1
3439,caraway,1,amchur,1,mango,1
3442,galangal,1,officinarum,1,alpinia,1
3445,macronutrient,1,micronutrient,1,saturated,1
3448,unsaturated,1,vitamins,1,B Vitamins,1
3451,floate,1,folate,1,Thiamin,1
3454,Riboflaviin,1,Riboflavin,1,Niachin,1
3457,Niacin,1,Pantothenic,1,Pantothenic Acid,1
3460,Biotin,1,Folate,1,Calcium,1
3463,Magnesium,1,Phosphorus,1,Potassium,1
3466,Zinc,1,Sodium,1,Iodine,1
3469,Selenium,1,Fluoride,1,Dietart,1
3472,dietary,1,dietary fiber,1,soluble fiber,1
3475,soluble,1,dissolve,1,insoluble,1
3478,antioxidants,1,polyphenols,1,flavonoids,1
3481,fatty,1,ALA,1,nutrition facts,1
3484,daily value,1,bars,1,hershey,1
3487,cadbury,1,truffles,1,pretzel,1
3490,french freis,1,oil or fat,1,kettle cooked,1
3493,musaceous,1,ski,1,tortilla chips,1
3496,maize,1,wafers,1,crisp,1
3499,graham,1,graham crackers,1,cracker,1
3502,shortbread,1,macaroons,1,macaroon,1
3505,马卡龙,1,macaron,1,Lu Wafers,1
3508,senbei,1,Rice Cracker,1,海苔,1
3511,nori,1,laver,1,lazer,1
3514,umibozu,1,red bean paste,1,mung bean,1
3517,mung,1,mung bean paster,1,mung bean paste,1
3520,green bean paste,1,taiyaki,1,mochi,1
3523,crispy rice,1,krispies,1,rice krispies,1
3526,guoba,1,jerky,1,laotiao,1
3529,beef jerky,1,fruit leather,1,puffs,1
3532,cheese puffs,1,pots,1,pans,1
3535,pots and pans,1,frying,1,saute,1
3538,saute pan,1,saucepan,1,doutch,1
3541,coutch,1,pressure cooker,1,grill pan,1
3544,deep fryer,1,fryer,1,roasting pan,1
3547,roasting,1,boiler,1,double boiler,1
3550,rice spatula,1,blade,1,incisive,1
3553,poignant,1,nipping,1,nipple,1
3556,trenchant,1,serving spoon,1,knife,1
3559,soup spoon,1,teaspoon,1,kitchen tools,1
3562,slotted,1,slotted spoon,1,whisk,1
3565,measuring cups,1,measuring spoons,1,peel,1
3568,peeler,1,grater,1,colander,1
3571,mixing bowls,1,cutting board,1,can opener,1
3574,jar opener,1,garlic press,1,zester,1
3577,basting brush,1,basting,1,baste,1
3580,scoop,1,masher,1,potato masher,1
3583,baking sheet,1,broil,1,barbeue,1
3586,gill,1,muffin,1,muffin tin,1
3589,loaf pan,1,springform,1,springform pan,1
3592,pie dish,1,pastry cutter,1,cooling rack,1
3595,inigredients,1,gredient,1,gredients,1
3598,grad,1,ovens,1,gills,1
3601,grills,1,conventional oven,1,toaster oven,1
3604,air fryer,1,rotisserie,1,instant pot,1
3607,instant noodles,1,pots noodles,1,personal care,1
3610,toothpicks,1,toothbrush,1,toothpaste,1
3613,mouthwash,1,shower gel,1,body wash,1
3616,cleanser,1,facial cleanser,1,moisturizer,1
3619,deodorant,1,hair shampoo,1,shampoo,1
3622,conditioner,1,hair conditioner,1,hair gel,1
3625,hair spray,1,razors,1,razor blades,1
3628,feminine,1,sanitary,1,sanitary pads,1
3631,tampons,1,absorb,1,menstruation,1
3634,ferminine hygiene products,1,contact,1,contact lens,1
3637,lens,1,lamp,1,glasses,1
3640,spectacles,1,sunglasses,1,convex lens,1
3643,burning glass,1,concave lens,1,diverging,1
3646,cleaning dupplies,1,cleaning supplies,1,toilet paper,1
3649,paper towels,1,lawn bags,1,lawn,1
3652,leaf bags,1,disinfectant wipes,1,glass cleaner,1
3655,bathroom cleaner,1,floor cleaner,1,dish soap,1
3658,disinfector,1,sanitizing,1,sanitizing compound,1
3661,infectant,1,infectivity,1,infector,1
3664,sponges,1,scrub,1,scrub brushes,1
3667,mop and bucket,1,bucket,1,latex,1
3670,rubber glovers,1,rubber gloves,1,latex gloves,1
3673,spray bottle,1,bottle,1,household items,1
3676,benches,1,sheets,1,hangers,1
3679,hooks,1,cords,1,extensiion cords,1
3682,extension cords,1,wall outlets,1,receptacles,1
3685,outlets,1,power strips,1,strips,1
3688,surge protectors,1,light bulbs,1,LED,1
3691,batteries,1,scotch tape,1,masking tape,1
3694,nails,1,screws,1,iron board,1
3697,air fresheners,1,fresheners,1,cups,1
3700,cutlery,1,forks,1,knives,1
3703,spoons,1,spatulas,1,whisks,1
3706,racks,1,cooling racks,1,toilet seat covers,1
3709,bath mats,1,mats,1,shower curtain,1
3712,hand towels,1,bath towels,1,tower,1
3715,toilet brush,1,dispenser,1,soap dispenser,1
3718,office supplies,1,staplers,1,paper clips,1
3721,folders,1,binders,1,printer paper,1
3724,ink cartridges,1,cartridges,1,ballpoint,1
3727,ballpoint pens,1,fountain,1,fountain pens,1
3730,gel pens,1,rollerball pens,1,wooden pencils,1
3733,mechanical pencils,1,mechanical,1,highlighters,1
3736,permanent markers,1,dry-erase,1,dry-erase markers,1
3739,penceil erasers,1,pencil erasers,1,penecil,1
3742,correction tape,1,correction fluid,1,spiral notebooks,1
3745,composition,1,composition books,1,journals,1
3748,planners,1,sketch,1,sketchbooks,1
3751,copying paper,1,printed paper,1,cardstock,1
3754,watercolor,1,watercolor paints,1,paints,1
3757,crayons,1,colored pencils,1,pastels,1
3760,oil pastels,1,brushes,1,watercolor brushes,1
3763,palette,1,drawing pads,1,edge ruler,1
3766,flexible ruler,1,straight edge rulers,1,flexible rulers,1
3769,protractor,1,divider tabs,1,divider,1
3772,pen ink,1,black ink,1,red ink,1
3775,carbon ink,1,refillable pen,1,ink bottles,1
3778,calligraphy,1,handwriting supplies,1,dip pens,1
3781,felt tip pens,1,writting bush,1,Chinese brush,1
3784,brush pen,1,calligraphy ink,1,practice sheets,1
3787,post-it,1,label makers,1,hole punch,1
3790,transparent tape,1,glue stick,1,drag abuse,1
3793,drug abuse,1,cannabis,1,heroin,1
3796,opium,1,cocaine,1,dolantin,1
3799,crystal methamphetamine,1,ketamine,1,marijuana,1
3802,boo,1,cheeba,1,hashins,1
3805,hashish,1,jay smoke,1,pothead,1
3808,pot smoker,1,reefer,1,skag,1
3811,skag jones,1,jones,1,LSD,1
3814,lysergic acid diethylamide,1,pusher,1,bagman,1
3817,chiba,1,chiba shop,1,acetorphine,1
3820,narcotine,1,pep pill,1,amphetamine,1
3823,ecstasy,1,stimulant,1,sedative,1
3826,nicotine,1,drug lords,1,narcotics,1
3829,anti-narcotics,1,narcotics control bureau,1,anti-narcotics police,1
3832,rings,1,cartels,1,drug trafficking rings,1
3835,drug trafficking cartels,1,drug rehabilitation center,1,rehab center,1
3838,addict,1,addiction,1,drug smuggler,1
3841,mules,1,drug mules,1,drug trafficker,1
3844,methamphetamine hydrochloride,1,nitrous,1,nitrous oxide,1
3847,thrive,1,emit,1,anesthesia,1
3850,inhaling,1,laughing gas,1,Untermensch,1
3853,locust,1,crocodiles,1,guyana,1
3856,parasites,1,Oryon,1,Zack,1
3859,imperious,1,food allergens,1,tree nuts,1
3862,macadamias,1,preservatives,1,shellfish,1
3865,sulphites,1,cellulose,1,lignin,1
3868,nitrites,1,pregnance,1,pregant,1
3871,lupin,1,allergens,1,dust mites,1
3874,dander,1,dog dander,1,cat hair,1
3877,dog hair,1,pollen,1,weed,1
3880,spores,1,mold,1,mold spores,1
3883,particles,1,medication,1,sulfa drug,1
3886,anesthetics,1,lidocaine,1,chemotherapy,1
3889,radiotherapy,1,grief,1,insect,1
3892,dice,1,lithium-ion,1,solvent,1
3895,polar sovent,1,polar solvent,1,vacuum deposition,1
3898,inorganic acid,1,organic acid,1,polyanion,1
3901,polycation,1,cation,1,cationic,1
3904,anionic,1,anion,1,insection,1
3907,inseption,1,inception,1,bee stings,1
3910,wasp stings,1,fragrances,1,shrubby,1
3913,shrubby plant,1,epinephrine auto-injector,1,cold,1
3916,common cold,1,influenza,1,flu,1
3919,rhinitis,1,nasitis,1,naso-ocular,1
3922,ocular,1,prescription,1,nasal sprays,1
3925,allergic rhinitis,1,AR,1,deviated septum,1
3928,nasal septum,1,septum,1,deviated,1
3931,deviate,1,rectifying,1,inferior,1
3934,convenient,1,urticaria,1,hives,1
3937,acute urticaria,1,autoimmune,1,immune,1
3940,cholinergic,1,cholinergic urticaria,1,coronary,1
3943,coronary artery disease,1,heart failure,1,stroke,1
3946,osteoarthritis,1,rheumatoid,1,rheumatoid arthritis,1
3949,arthrosynovitis,1,anxiety disorder,1,disorder,1
3952,COPD,1,obstructive,1,obstruct,1
3955,pulmonary,1,GERD,1,IBS,1
3958,irritable,1,reflux,1,bowel,1
3961,hypothyroidism,1,hyerthyroidism,1,hyperthyroidism,1
3964,kidey,1,POF,1,tonifying,1
3967,curative,1,kidney stones,1,liver disease,1
3970,hepatitis,1,HAV,1,HBV,1
3973,HCV,1,vaccine,1,swine-flu,1
3976,bird flu,1,cirrhosis,1,obesity,1
3979,psoriasis,1,cancer,1,breast cancer,1
3982,prostate cancer,1,clindamycin,1,relievers,1
3985,ototoxicity,1,toto,1,salicylate,1
3988,salicylic acid,1,nicotinylsalicylic acid,1,salicin,1
3991,citric,1,salicin acid,1,naproxen,1
3994,antihistamines,1,loratadine,1,claritin,1
3997,fexofenadine,1,antidepressants,1,fluoxetinie,1
4000,fluoxetine,1,sertraline,1,escitalopram,1
4003,diabetes medications,1,metformin,1,glipizide,1
4006,cardiovascular,1,atorvastatin,1,amlodipine,1
4009,lisinopril,1,gastrointestinal,1,intestinal,1
4012,gastral,1,omeprazole,1,simuth,1
4015,subsalicylate,1,bismuth subsalicylate,1,acetylsalicylic,1
4018,hydrocortisone,1,zinc lozenges,1,USFDA,1
4021,FBI,1,federal,1,capsules,1
4024,cefixime capsules,1,aucklan,1,tablets,1
4027,aucklan dia,1,compound aucklan dia and,1,Colloquial Expressions,1
4030,Academic Terminology,1,sheet,1,fitted sheet,1
4033,bed cover,1,pillow towel,1,bolster,1
4036,towel blanket,1,quilt cover,1,helium,1
4039,lithium,1,beryllium,1,boron,1
4042,carbon,1,fluorine,1,neon,1
4045,magnesium,1,natron,1,silicon,1
4048,argon,1,calcium,1,scandium,1
4051,titanium,1,vanadium,1,copper,1
4054,cuprum,1,zinc,1,gallium,1
4057,germanium,1,bromine,1,krypton,1
4060,rubidium,1,strontium,1,yttrium,1
4063,zirconium,1,niobium,1,technetium,1
4066,ruthenium,1,rhodium,1,palladium,1
4069,silver,1,argentum,1,cadmium,1
4072,indium,1,antimony,1,stibium,1
4075,tellurium,1,xenon,1,caesium,1
4078,barium,1,lanthanum,1,cerium,1
4081,praseodymium,1,neodymium,1,promethium,1
4084,samarium,1,europium,1,gadolinium,1
4087,terbium,1,dysprosium,1,holmium,1
4090,erbium,1,thulium,1,ytterbium,1
4093,lutetium,1,hafnium,1,tantalum,1
4096,tungsten,1,wolframite,1,rhenium,1
4099,rhine,1,osmium,1,iridium,1
4102,plata,1,platina,1,gold,1
4105,aurum,1,thallium,1,twig,1
4108,lead,1,plumbum,1,polonium,1
4111,polonia,1,poland,1,discoverer,1
4114,astatine,1,isotopes,1,radon,1
4117,emanation,1,francium,1,marguerite perey,1
4120,radium,1,radius,1,acinium,1
4123,actinium,1,thorium,1,protactinium,1
4126,uranium,1,uranus,1,neptunium,1
4129,neptune,1,plutonium,1,pluto,1
4132,americium,1,curium,1,berkelium,1
4135,califonium,1,californium,1,einsteinium,1
4138,mendelevium,1,dmitri mendeleev,1,albert einsein,1
4141,albert einstein,1,nobelium,1,alfred nobel,1
4144,lawrencium,1,Ernest Lawrence,1,rutherfordium,1
4147,dubnium,1,seaborgium,1,bohrium,1
4150,hassium,1,meitnerium,1,darmstadtium,1
4153,roentgenium,1,copernicium,1,nihonium,1
4156,flerovium,1,moscovium,1,livermorium,1
4159,tennessine,1,tennessee,1,oganession,1
4162,oganesson,1,transition metal,1,main group elements,1
4165,lanthanides,1,actinides,1,baking soda,1
4168,washing soda,1,bicarbonate,1,ammonia,1
4171,lemon juice,1,carbon dioxide,1,dioxide,1
4174,calcium carbonate,1,hydrogen peroxide,1,peroxide,1
4177,fatty acid salts,1,alcohol,1,propan,1
4180,isopropanol,1,propanol,1,sodium hypochlorite,1
4183,hypochlorite,1,fructose,1,sucrose,1
4186,proteins,1,ascorbic,1,ascorbic acid,1
4189,nicotinic acid,1,nicotinic,1,sulfur dioxide,1
4192,nitrogen dioxide,1,paracetamol,1,tetracycline,1
4195,cefuroxime,1,cefaclor,1,cefpodoxime,1
4198,kanamycin,1,ciprofloxacin,1,norfloxacin,1
4201,lomefloxacin,1,gatifloxacin,1,clarithromycin,1
4204,metronidazole,1,sulconazole,1,roxithromicin,1
4207,Levofloxacin,1,quinine sulfate,1,Quinine bimuriate,1
4210,quinine HCL,1,sulfate,1,chloroquine,1
4213,artemisinin,1,annua,1,Dihydroartemisinin,1
4216,sulfuric acid,1,nitric acid,1,sulfuric,1
4219,nitric,1,hydrochloric,1,hydrochloric acid,1
4222,phosphoric,1,phosphoric acid,1,permanganate,1
4225,potassium permanganate,1,hydroxide,1,calcium hydroxide,1
4228,magnesium sulfate,1,epson salt,1,epsom salt,1
4231,iron oxide,1,titanium dioxide,1,silicon dioxide,1
4234,polystyrene,1,polyethylene,1,polyvinyl,1
4237,polyvinyl chloride,1,chloride,1,acetone,1
4240,mothball,1,organic compounds,1,inorganic compounds,1
4243,calcium chloride,1,magnesium chloride,1,sodium fluoride,1
4246,calcium fluoride,1,iron Chloride,1,aluminum,1
4249,aluminum sulfate,1,barium sulfate,1,sodium chloride,1
4252,potassium chloride,1,chemical fertilizer,1,silver nitrate,1
4255,potassium nitrate,1,dynamite,1,Detonation,1
4258,Deflagration,1,primary explosives,1,tertiary explosives,1
4261,tertiary,1,Trinitrotoluene,1,hexogen,1
4264,cyclotrimethylenetrinitramine,1,C4,1,Nitroglycerin,1
4267,lead iodide,1,mercury choloride,1,mercury chloride,1
4270,ethiopsite,1,mercury sulfide,1,oxides,1
4273,hydroxides,1,halides,1,acetic,1
4276,acetic acid,1,perchloric acid,1,boric acid,1
4279,hydrofluoric,1,hydrofluoric acid,1,bases,1
4282,alkalies,1,aldehydes,1,manganese dioxide,1
4285,valentine,1,valentine's day,1,April Fool's Day,1
4288,easter,1,independence day,1,labor day,1
4291,劳动节,1,International Workers' Day,1,halloween,1
4294,thanksgiving,1,christmas,1,boxing day,1
4297,lantern,1,latern festival,1,lantern festival,1
4300,qingming festival,1,dragon boat festival,1,qixi festival,1
4303,mid-autumn festival,1,chongyang festival,1,Chinese Valentine's Day,1
4306,laba festival,1,New Year's Eve,1,eve,1
4309,ava,1,ovo,1,hanukkah,1
4312,diwali,1,ramadan,1,Ramadan and Eid al-Fitr,1
4315,Memorial,1,Memorial day,1,Veteran,1
4318,Veterans Day,1,land warfare,1,M1 Abrams,1
4321,Abrams,1,armored,1,armored personnel carrier,1
4324,APC,1,Bradley,1,IFV,1
4327,self-propelled,1,howitzer,1,self-propelled howitzer,1
4330,towed,1,towed artillery,1,rocket launcher,1
4333,ATGM,1,guided missile,1,mine,1
4336,anti-personnel mines,1,anti-tank mines,1,fragmentation grenade,1
4339,hand grenade,1,crossbow,1,bow and arrow,1
4342,spear,1,air warfare,1,air warfare equipment,1
4345,fighter aircraft,1,interceptor,1,black hawk,1
4348,transport aircraft,1,globemaster,1,reconnaissance,1
4351,reconnoissance,1,reconnoissance aircraft,1,reconnaissance aircraft,1
4354,SR-71,1,SU-27,1,unmanned,1
4357,aerial,1,aerial vehicle,1,reaper,1
4360,naval warfare,1,naval warfare equipment,1,submarine,1
4363,destroyer,1,arleigh,1,arleigh burke,1
4366,aircraft carrier,1,nimitz,1,cruiser,1
4369,ticonderoga,1,battleship,1,frigate,1
4372,littoral,1,littoral combat ship,1,rifle,1
4375,carbine,1,AK-47,1,Mikhail Kalashnikov,1
4378,soviet,1,Bolsheviks,1,pistol,1
4381,beretta,1,glock,1,browing,1
4384,browings,1,bullet,1,atlantic,1
4387,shell,1,high explosive shell,1,srmor-piercing shell,1
4390,armor-piercing shell,1,HE shell,1,AP shell,1
4393,piercing,1,tomanhawk,1,tomahawk,1
4396,cruise missile,1,intercontinental ballistic missile,1,hypersonic cruise missile,1
4399,Hypersonic Cruise Missile,1,Hypersonic Glide Vehicle,1,glide,1
4402,glide vehicle,1,patriot,1,patriot missile,1
4405,Rocket Propelled Grenade,1,Individual Soldier,1,Individual Soldier Equipment,1
4408,Night Vision Goggles,1,Infrared,1,Deep UV,1
4411,EUV,1,gamma ray,1,gamma ray burst,1
4414,infrared camera,1,Red Dot Sight,1,Holographic,1
4417,Holographic Weapon Sight,1,Iron Sights,1,Sniper Scope,1
4420,sniper,1,Magazine,1,Cartridge,1
4423,Body Armor,1,Intercept,1,helmet,1
4426,Advanced Combat Helmet,1,Combat Knife,1,kukri,1
4429,radios,1,ratios,1,Satellite Communication,1
4432,Biological Protection Gear,1,Chemical Protection Gear,1,Electro-Optical Targeting System,1
4435,EOTS,1,Electro-Optical Distributed Aperture System,1,aperture,1
4438,IR,1,IR Sensor,1,Lockheed Martin,1
4441,military,1,army,1,army^ navy^ air force,1
4444,corps,1,armor,1,military polic,1
4447,military police,1,signal corps,1,medical corps,1
4450,special forces,1,combat support,1,surface warfare,1
4453,submarine warfare,1,naval aviation,1,naval special warfare,1
4456,naval,1,marine corps,1,engineering corps,1
4459,intelligence,1,pilots,1,maintenance crew,1
4462,ATC,1,ground support,1,evacuation,1
4465,medical evacuation,1,cyber warfare,1,intelligence analysts,1
4468,chaplain,1,priest,1,pastor,1
4471,clergyman,1,parson,1,cosy time,1
4474,cozy time,1,public affairs officer,1,legal officers,1
4477,administrative personnel,1,administrative,1,recruiters,1
4480,recruite,1,recruitment,1,instructors,1
4483,staff officers,1,specialist,1,corporal,1
4486,staff sergeant,1,master sergeant,1,warrant,1
4489,warrant officer,1,second lieutenant,1,first lieutenant,1
4492,captain,1,major,1,lieutenant colonel,1
4495,brigadier general,1,major general,1,lieutenant general,1
4498,apprentice,1,seaman apprentice,1,petty,1
4501,petty officer,1,ensign,1,commander,1
4504,admiral,1,vice admiral,1,fleet,1
4507,fleet admiral,1,condradiction,1,contradiction,1
4510,Cat Fanciers Association,1,fanciers,1,Cat Aficionado Association,1
4513,domestic cat,1,Chinese Li Hua,1,leopard,1
4516,panther,1,versa,1,vice principal,1
4519,grade level,1,kindergarten,1,garten,1
4522,kinder,1,homeroom teacher,1,curriculum,1
4525,lesson plan,1,textbook,1,workbook,1
4528,assignment,1,project,1,grades,1
4531,assessment,1,grades and assessment,1,report card,1
4534,standardized test,1,formatice,1,formative,1
4537,formatice assessment,1,summative,1,summative assessment,1
4540,calendar,1,school year,1,semester,1
4543,trimester,1,holiday,1,summer break,1
4546,winter break,1,spring break,1,back-to-school night,1
4549,parent-teacher conference,1,assembly,1,special education,1
4552,IEP,1,Individualized,1,Individualized Education Program,1
4555,ELS,1,ESL,1,English as a Second,1
4558,resource room,1,extracurricular,1,physical education,1
4561,after-school programs,1,educational stages,1,pedagogy,1
4564,aesthetics,1,middle school,1,junior high school,1
4567,high school,1,transition,1,transmission,1
4570,admissions and examinations,1,admissions,1,graduation,1
4573,GPA,1,grade point average,1,PSAT,1
4576,SAT,1,ACT,1,GMAT,1
4579,GRE,1,college entrance exam,1,dual entollment,1
4582,dual enrollment,1,subjects and courses,1,毕竟,1
4585,pharaohs,1,mummy,1,Tutankhamum,1
4588,Tutankhamun,1,pyramid,1,egypt,1
4591,mathematics,1,geometry,1,trigonometry,1
4594,differential,1,differential equation,1,partial differential equation,1
4597,partial,1,higher mathematics,1,integral,1
4600,convergence,1,cartesian,1,divergent series,1
4603,substitution,1,rationalizing substitution,1,covergent series,1
4606,convergent series,1,harmonic series,1,abscissa,1
4609,ordinate,1,monotonic,1,acute angle,1
4612,right angle,1,obtuse,1,obtuse angle,1
4615,adjacent,1,analytic geometry,1,angle bisector,1
4618,angle of depression,1,angle of elevation,1,angular velocity,1
4621,arithmetic mean,1,arithmetic progression,1,progression,1
4624,arithmetic sequence,1,arithmetic series,1,assumption,1
4627,ellipse,1,conical,1,conical section,1
4630,common divisor,1,common factor,1,compasses,1
4633,concurrent,1,concyclic,1,congruent,1
4636,conjugate,1,conservation of energy,1,conservation of momentum,1
4639,coordinate geometry,1,Greek alphabet,1,alpha,1
4642,beta,1,gamma,1,epsilon,1
4645,zeta,1,eta,1,theta,1
4648,lota,1,lambda,1,lamda,1
4651,mu,1,nu,1,xi,1
4654,omicron,1,pi,1,rho,1
4657,sigma,1,tau,1,upsilon,1
4660,chi,1,psi,1,omega,1
4663,archaic,1,diacritics,1,ligatures,1
4666,orthography,1,romanizationi,1,romanization,1
4669,cyrillization,1,articulation,1,transcriptions,1
4672,latin,1,gothic,1,coptic,1
4675,cyrillic,1,cyprus,1,sciense,1
4678,science,1,chemistry,1,physics,1
4681,earth science,1,geography,1,english language arts,1
4684,literature,1,comprehension,1,reading comprehension,1
4687,social studies,1,civics,1,economics,1
4690,foreign languages,1,mandarin chinese,1,visual arts,1
4693,cinima,1,performance art,1,action art,1
4696,conceptualism,1,band and choir,1,band,1
4699,psychology,1,journalism,1,film studies,1
4702,letter grades,1,percentage grades,1,final exam,1
4705,midterm exam,1,quizzes,1,portfolios,1
4708,debate,1,debate club,1,chess club,1
4711,rugby,1,american football,1,student government,1
4714,volunteer work,1,pioneer,1,elite force,1
4717,elite troops,1,troop,1,impetuous,1
4720,gentry,1,pikes,1,armour,1
4723,school counselor,1,parent-teacher collaboration,1,cooperation,1
4726,collaboration,1,corparation,1,corporation,1
4729,Co. Ltd,1,Company Limited,1,Inc.,1
4732,incorporated,1,open hourse,1,open house,1
4735,categories,1,discipline categories,1,liberal arts,1
4738,science and engineering,1,STEM,1,Science^ Technology^ Engineering^ and,1
4741,Bachelor's Degree,1,Master's Degree,1,Doctoral Degree,1
4744,BA and BS degree,1,Bachelor of Arts,1,Bachelor of Science,1
4747,Master of Arts,1,Master of Science,1,Doctor of Philosophy,1
4750,doctorate,1,Juris Doctor,1,juris,1
4753,Doctor of Medicine,1,philosopher,1,philosopher's stone,1
4756,alchemy,1,alchemist,1,transmuting,1
4759,Homunculus,1,alchemistry,1,withdraw,1
4762,droput,1,dropout,1,completion,1
4765,attendance,1,workshop,1,seminar,1
4768,honors program,1,scholarships,1,fellowship,1
4771,institution,1,institutional,1,Greek Life,1
4774,brotherhood,1,fraternity,1,sorority,1
4777,Natural Sciences,1,Social Sciences,1,Humanities,1
4780,Applied Sciences,1,disciplinary,1,academic subject,1
4783,Degree Conferral,1,conferral,1,conferment,1
4786,Curriculum,1,core Curriculum,1,major and minor,1
4789,thesis,1,graduation thesis,1,dissertatioin,1
4792,Capstone,1,capstone project,1,Comprehensive Exam,1
4795,defense,1,degree audit,1,angle,1
4798,number of degrees,1,commencement,1,commencement ceremony,1
4801,grading system,1,Objective Testing,1,displacement,1
4804,distinction,1,merit,1,distinction^ merit and pass,1
4807,HND,1,diploma,1,cum laude,1
4810,magna cum laude,1,summa cum laude,1,astrophysics,1
4813,Dean,1,Dean's List,1,honor roll,1
4816,probation,1,dismissal,1,academic dismissal,1
4819,incomplete,1,withdrawn,1,credit,1
4822,no credit,1,get no credit in,1,transfer credits,1
4825,baccalaureate,1,broomstick,1,Hogwarts,1
4828,Hogsmedae,1,Hogsmeade,1,Snitch,1
4831,Quidditch,1,Gryffindor,1,Ravenclaw,1
4834,Hufflepuff,1,Slytherin,1,Astronomy,1
4837,Herbology,1,Transfiguration,1,Arithmacy,1
4840,Arithmancy,1,Beater,1,Bludger,1
4843,Chaser,1,Quaffle,1,Astronomy Tower,1
4846,Azkaban,1,alley,1,Diagon,1
4849,Diagon Alley,1,Gringotts,1,Knockturn Alley,1
4852,Leaky,1,Cauldron,1,Leaky Cauldron,1
4855,Owlery,1,Emporium,1,Flourish,1
4858,Blotts,1,gambol,1,japes,1
4861,joke shop,1,curses and countercurse,1,Inferno,1
4864,fungi,1,banshee,1,enchantment,1
4867,encyclopedia,1,encyclopaedia,1,wikipedia,1
4870,toadstools,1,hags,1,moste,1
4873,potente,1,moste potente potions,1,voyage,1
4876,vampires,1,werewolves,1,yeti,1
4879,abominable,1,snowman,1,liquorice,1
4882,blowing gum,1,humbug,1,dementor,1
4885,leprechaun,1,bobby,1,bobby-trapped,1
4888,serpent,1,vampire,1,dracula,1
4891,pixie,1,fluffy,1,phoenix,1
4894,shambles,1,griffin,1,merpeople,1
4897,ghoul,1,centaru,1,centaur,1
4900,unicorn,1,hippogriff,1,logograms,1
4903,servicing kit,1,cloal,1,cloak,1
4906,daily prophet,1,prophet,1,parchment,1
4909,quill,1,revealer,1,sneakoscope,1
4912,invisibility cloak,1,Marauder,1,The Marauder's Map,1
4915,robes,1,cauldron,1,Imperio,1
4918,Crucio,1,Avada Kedavra,1,Expecto Patronum,1
4921,Alohomora,1,Wingardium Leviosa,1,Lumos Maxima,1
4924,Lumos,1,Maxima,1,Burrow,1
4927,wizard and witch,1,warlock and witch,1,warlock,1
4930,sorcerer,1,corcery,1,muggle,1
4933,tournament,1,sorting hat,1,goblin,1
4936,thestral,1,Voldemort,1,Harry Potter,1
4939,Ron Weasley,1,Hermione Granger,1,Albus Dumbledore,1
4942,Lord Voldemort,1,Peter Pettigrew,1,Sirius Black,1
4945,Remembrall,1,Deathly Hallows,1,Hallows,1
4948,House-elf,1,elf,1,Severus Snape,1
4951,Lupin,1,Tom Riddle,1,Ronald Weasley,1
4954,Minerva McGonagll,1,Rubeus Hagrid,1,Gilderoy Lockhard,1
4957,Gilderoy Lockhart,1,Remus Lupin,1,Dolores Umbridge,1
4960,Matsutake,1,Tricholoma,1,Tricholoma Matsutake,1
4963,Kobe,1,Kobe beef,1,Japanese Black Cattle,1
4966,Cattle,1,Iberico,1,Iberico Ham,1
4969,Ham,1,Foie,1,Foie Gras,1
4972,game meat,1,pheasant,1,snow crab,1
4975,king crab,1,toro,1,otoro,1
4978,chutoro,1,uni,1,oysters,1
4981,reggiano,1,brie,1,caviar,1
4984,darjeeling,1,earl grey,1,grey,1
4987,Kopi Luwak,1,lychees,1,fig jam,1
4990,creme brulee,1,livestock,1,poultry,1
4993,livestock and poultry,1,cattle^ cow^ bull and,1,Sheep^ Ewe^ Ram and,1
4996,ewe,1,ram,1,hen,1
4999,swine,1,sow,1,boar,1
5002,piglet,1,pig^ swine^ sow^ boar,1,turkey,1
5005,Turkiye,1,budgerigar,1,hamster,1
5008,guinea pig,1,cavie,1,leopard gecko,1
5011,edible,1,squab,1,rock pigeon,1
5014,edible insects,1,silkworm pupage,1,silkworm pupae,1
5017,pupae,1,silkworm,1,bamboo worm,1
5020,worm,1,hedgehog,1,groundhog,1
5023,premium tonic foods,1,cucumber,1,trepang,1
5026,bird's nest,1,swift,1,swiftlet,1
5029,shark fin,1,maw,1,fish maw,1
5032,fish bladder,1,cordyceps,1,caterpillar,1
5035,sinensis,1,cordyceps sinensis,1,caterpillar fungus,1
5038,antler,1,velvet antler,1,deer antler,1
5041,goji,1,discord,1,diagnostic,1
5044,lasana,1,arrangement,1,rob me,1
5047,robbing me,1,possess,1,possession,1
5050,loyal,1,approval,1,perceive,1
5053,egotistic,1,accompany,1,scrumming,1
5056,deliberately,1,decoration,1,immersive,1
5059,flirt,1,casanova,1,deterministic,1
5062,yoasobi,1,chinese noodles,1,kimichi,1
5065,chesseballs,1,affine,1,affine transform,1
5068,churning out,1,churning,1,crux,1
5071,slump,1,lost their torch,1,torch,1
5074,phoning it in,1,bankrupt,1,run out of juice,1
5077,bizarre,1,examier,1,examiner,1
5080,sit the exam,1,counicl,1,council,1
5083,hesitation,1,migrate,1,migration,1
5086,banned from,1,nevertheless,1,all in all,1
5089,elevates,1,payment,1,snuggling up,1
5092,holy,1,holy shit,1,swordfish,1
5095,UVB,1,UVA,1,virginia,1
5098,virgin forest,1,illuminate,1,圣诞树,1
5101,christmassy,1,cygnus,1,dewa,1
5104,papilio,1,muskmelon,1,everyday language,1
5107,common language,1,layman,1,Colloquial language,1
5110,Colloquialisms,1,Informal language,1,Formal language,1
5113,Vernacular,1,Terminology,1,Scholarly language,1
5116,jargon,1,parlance,1,CORDIC,1
5119,faux pas,1,I had egg on,1,eggs is eggs,1
5122,sausage,1,racist,1,fake it,1
5125,expilicit,1,scintillation,1,护照,1
5128,hukou,1,pivot,1,pivit,1
5131,a pivot,1,grip,1,correct grip,1
5134,squeezing,1,repetition,1,surfshark,1
5137,throwback,1,throwback thursday,1,relive,1
5140,practical lessons,1,ignorance,1,enlighten,1
5143,excels in,1,excels in math,1,the last resort,1
5146,rapine,1,invasion,1,ideology,1
5149,the fog of war,1,coexist,1,hustle,1
5152,mecilum,1,pdozol,1,double stuffed,1
5155,teleported,1,teleport,1,enclose ofo,1
5158,enclose off this area,1,comedian,1,diorite,1
5161,andesite,1,motion sickness pill,1,motion,1
5164,rosacea,1,cetirizine hydrochloride,1,sleeplessness,1
5167,neuromodulatory,1,modulatory,1,central nerve system,1
5170,primates,1,prolonged,1,primary,1
5173,prim,1,prime,1,really a pity,1
5176,pity,1,alas,1,scandals,1
5179,accolade,1,virtuoso,1,virulent,1
5182,noble,1,ironies,1,irony,1
5185,ironic,1,ironization,1,feminist,1
5188,feminism,1,misogynist,1,sexist,1
5191,antifeminist,1,duke and duchess,1,duchess,1
5194,marchioness,1,marquis,1,countness,1
5197,count and countess,1,viscountess,1,Wisconsin,1
5200,braoness,1,baroness,1,baronet,1
5203,baronetess,1,dame,1,knight and dame,1
5206,guts,1,easygonging,1,easygoning,1
5209,easygoing,1,versatile,1,savvy,1
5212,relaxed,1,upbeat,1,bright,1
5215,cheerful,1,candidd,1,candid,1
5218,optimistic,1,inquistive,1,inquisitive,1
5221,composed,1,affirming,1,animated,1
5224,earnest,1,sol,1,vibe,1
5227,reside on,1,frontier,1,precedented,1
5230,accommodate,1,BCE,1,common era,1
5233,AD,1,Anno Domini,1,CE,1
5236,Common Era,1,Christian Era,1,Christian,1
5239,necessitates,1,memory footprint,1,modem,1
5242,modulator,1,demodulator,1,tomcat,1
5245,logcat,1,upperwear,1,lowerwear,1
5248,underwear,1,sweater,1,wool sweater,1
5251,knit sweater,1,down jacket,1,puffer,1
5254,puffer jacket,1,short sleeve,1,T-shirt,1
5257,polo shirt,1,pullover,1,hoodie,1
5260,sweatshirt,1,mink coat,1,mink,1
5263,succinate,1,fur coat,1,fur,1
5266,thermal underwear,1,thermal top,1,long underwear top,1
5269,undershirt,1,bra,1,long pants,1
5272,trousers,1,slacks,1,hot pants,1
5275,mini shorts,1,skirt,1,dress,1
5278,boxer briefs,1,trunks,1,socks,1
5281,ankle socks,1,no-show socks,1,knee-high socks,1
5284,crew socks,1,over-the-knee socks,1,footless,1
5287,stirrup,1,stirrup socks,1,stockings,1
5290,nylons,1,black nylons,1,hat,1
5293,cap,1,beanie,1,fedora,1
5296,baseball cap,1,bucket hat,1,earmuffs,1
5299,earplugs,1,mittens,1,footwear,1
5302,athletic,1,athletic shoes,1,sneakers,1
5305,running shoes,1,skate,1,skate shoes,1
5308,skateboarding shoes,1,weightlifting shoes,1,hells,1
5311,heels,1,high heels,1,stilettos,1
5314,dance shoes,1,ballet flats,1,tap shoes,1
5317,dance sneakers,1,sneaker,1,ankle boots,1
5320,mid-calf,1,mid-calf boots,1,knee-high boots,1
5323,pajamas,1,sleepwear,1,swimsuit,1
5326,bathing suit,1,swim trunks,1,boardshorts,1
5329,jammers,1,bikini,1,speedos,1
5332,speedo,1,rash guard,1,swim cap,1
5335,nose plug,1,kickboard,1,fins,1
5338,flippers,1,snorkel,1,wetsuit,1
5341,buoyancy,1,BCD,1,compensator,1
5344,buoyancy compensator device,1,weight belt,1,regulator,1
5347,cylinder,1,Use tank or cylinder,1,fanny,1
5350,fanny pack,1,pouch,1,paddles,1
5353,safety whistle,1,inflatable,1,body board,1
5356,life jacket,1,flotation,1,floatation,1
5359,life ring,1,lifebuoy,1,lifesaver,1
5362,inflatable ring,1,swimming ring,1,bathrobe,1
5365,natural fibers,1,cashmere,1,encountered,1
5368,casual,1,causal,1,a touch of humer,1
5371,lighthearted,1,humorous,1,tongue-in-cheek,1
5374,splling,1,spelling,1,vowel,1
5377,consonant,1,sick,1,slick,1
5380,rayon,1,bamboo rayon,1,modal,1
5383,auxiliary,1,tencel,1,lyocell,1
5386,coolmax,1,synthetic fibers,1,polyester,1
5389,spandex,1,elastane,1,polyester^ spandex^ elastane and,1
5392,acetate,1,lycra,1,leika,1
5395,leica,1,blens,1,down,1
5398,down as a nouns,1,plush,1,chiffon,1
5401,silk satin,1,satin,1,yunjin,1
5404,man-made fiber,1,lace,1,twill,1
5407,poplin,1,corduroy,1,flannelette,1
5410,suede,1,PU Leather,1,PU,1
5413,Faux Leather,1,Recycled Fiber,1,fiber,1
5416,enzyme,1,farce,1,pantomime,1
5419,musical,1,mime,1,monodrama,1
5422,satire,1,mystery,1,morality,1
5425,bravo,1,appreciation,1,landmine,1
5428,land mine,1,bomb,1,artillery shell,1
5431,explosives,1,propellant,1,initiating explosives,1
5434,warhead,1,fuze,1,fuse,1
5437,detonator,1,blasting cap,1,igniter,1
5440,casing,1,cartidge,1,cartridge case,1
5443,crew dragon,1,wagon,1,bandwagon,1
5446,multiplantary,1,plantary,1,starship,1
5449,gals,1,nightclub,1,discrimination,1
5452,mindset,1,gunslinger,1,a stance of,1
5455,stance,1,additive,1,aerospace,1
5458,Lawsuit,1,permits,1,reluctant,1
5461,in pursuit of,1,protest,1,Golden Dunes^ Olden Tunes,1
5464,phantom,1,underneath,1,ceasefire,1
5467,Hezbollah,1,advisory,1,riddle,1
5470,come alive with,1,wind,1,fair enough,1
5473,woodland,1,gilded,1,condult,1
5476,conduit,1,chisel,1,Nasi Lemak,1
5479,seanut,1,peanutanut,1,peanut,1
5482,accomplishment,1,accomplish,1,prisoner,1
5485,shore,1,prominent,1,respecting,1
5488,remnants,1,overworld,1,geode,1
5491,ore veins,1,creaking,1,altera,1
5494,alteration,1,diet,1,gossil,1
5497,noon,1,cremson,1,pale,1
5500,eerir,1,eerie,1,resin,1
5503,clump,1,creak,1,biography,1
5506,conservatives,1,Labour Party,1,Conservative Party,1
5509,Green Party,1,Socialist Party,1,Liberal Democrats,1
5512,Republican Party,1,Democratic Party,1,attractivae,1
5515,attractive,1,examiee,1,examine,1
5518,baked goods,1,baozza,1,steamed bun,1
5521,bao,1,vegetable bao,1,jiaozi,1
5524,dumpling,1,boiled dumpling,1,pan-fried dumpling,1
5527,mantou,1,steamed bread,1,guotie,1
5530,shaobing,1,cripsy,1,sesame shaobing,1
5533,Rou Huoshao,1,Meat Pie,1,pastries,1
5536,spring rools,1,spring rolls,1,fried spring rolls,1
5539,tangyuan,1,sweet rice dumplings,1,Char Siu Bao,1
5542,BBQ Pork Bun,1,Har Gow,1,Shrimp Dumpling,1
5545,Phoenix Claws,1,claws,1,Steamed Chicken Feet,1
5548,tart,1,egg custard tart,1,malagao,1
5551,Wife Cake,1,double bind,1,Red Bean Paste,1
5554,Azuki,1,Azuki Bean Paste,1,crispy flatbread,1
5557,Hello World,1,spurred,1,convolution,1
5560,championed,1,cunning^ ruthlessness^ and boldness,1,cunning,1
5563,ruthlessness,1,cyberloaf,1,loaves,1
5566,mutual,1,mutual support,1,river flows in you,1
5569,Inuyasha,1,lancent,1,lancet,1
5572,lancend,1,lance,1,clang,1
5575,striking,1,arial,1,breed registry,1
5578,standardized breed,1,aficionado,1,tabby,1
5581,wavy,1,stature,1,reminiscent,1
5584,waz,1,wax,1,wzx-coated,1
5587,wax-coated,1,buildplates,1,Telltale,1
5590,betray,1,fatigue,1,fuselage,1
5593,ripped apart,1,episodic,1,methylcytosine,1
5596,buddyfight,1,fateland,1,jagged,1
5599,jagged peaks,1,lukewarm,1,luke,1
5602,snowy slopes,1,slopes,1,taiga,1
5605,deltas,1,legacy,1,rain forest,1
5608,seasonal forest,1,ice desert,1,shrubland,1
5611,porkchop,1,rabbit stew,1,beetroot,1
5614,beet,1,verses,1,poisonus,1
5617,poisonous,1,cocoa beans,1,nugget,1
5620,gold ingot,1,gold nugget,1,supplicate,1
5623,supplicatino,1,supplication,1,bert,1
5626,bart,1,qpa,1,infra,1
5629,bolter,1,eviction,1,shootdown,1
5632,north pole,1,deepDream.py,1,retrieving,1
5635,stay strong^ stay positive,1,anticipate,1,affiliations,1
5638,affiliation,1,affilite,1,affiliate,1
5641,decorated christmas tree,1,acquaintances,1,Christmas Eve,1
5644,interpreted,1,interpret,1,french press,1
5647,incline curl,1,incline,1,push up,1
5650,dumbbell,1,dumbbell circle,1,wrist curl,1
5653,calf raise,1,calves,1,commendable,1
5656,reincarnation,1,incarnation,1,shida,1
5659,puerilism,1,immature,1,childish,1
5662,selfish,1,biscuit jar,1,sparking,1
5665,waxed,1,malachinte,1,basic copper carbonate,1
5668,delightful,1,metal,1,venus,1
5671,greek,1,toss,1,coin toss,1
5674,coin flip,1,fairness,1,come up,1
5677,currencies,1,vigorously,1,ordinary,1
5680,precession,1,track,1,consequently,1
5683,the odds of,1,odds,1,preliminary,1
5686,progress,1,progressing,1,bouncing,1
5689,a lack of randomness,1,ultimately,1,teapot,1
5692,coffee pot,1,electric kettle,1,soup bowl,1
5695,rice bowl,1,tub,1,washing basin,1
5698,flowerpot,1,canister,1,spice jar,1
5701,cookie jar,1,teacup,1,coffee mug,1
5704,dinner plate,1,plate,1,salad plate,1
5707,water bottle,1,sauce bottle,1,fish tank,1
5710,aquadom,1,quadom,1,storage tank,1
5713,jug,1,urn,1,tea urn,1
5716,dessert plate,1,tea saucer,1,urinal,1
5719,bedpan,1,strainer,1,sieve,1
5722,bamboo steamer,1,casserole dish,1,earthenware,1
5725,earthenware pot,1,soup pot,1,stew pot,1
5728,thermos,1,wine glass,1,goblet,1
5731,rose,1,corn poppy,1,poppy-seed oil,1
5734,complicated,1,airports and ports,1,opined,1
5737,allium,1,bluet,1,oxeye,1
5740,oxeye daisy,1,cornflower,1,lily,1
5743,torchflower,1,lilac,1,dye,1
5746,rose bush,1,wither,1,china rose,1
5749,rosa chinensis,1,red spider lily,1,lycoris radiata,1
5752,geranium,1,pelargonium,1,begonia,1
5755,hyacinth,1,mum,1,plum blossom,1
5758,prunus serrulata,1,forget-me-not,1,hydragea,1
5761,hydrangea,1,violet,1,eustoma,1
5764,lisianthus,1,baby's breath,1,gypsophila,1
5767,marigold,1,Bachelor's Button,1,phthos,1
5770,pothos,1,ivy,1,devil,1
5773,Devil's Ivy,1,cactus,1,mimosa,1
5776,acorn,1,four leaf clovers,1,alfalfa,1
5779,birch,1,goldfish,1,leap to,1
5782,crayfish,1,succulent,1,spider plant,1
5785,monstera,1,deliciosa,1,monstera deliciosa,1
5788,cheese plant,1,rubber plant,1,ficus elastica,1
5791,snake platn,1,snake plant,1,dracaena,1
5794,money tree,1,lucky bamboo,1,asparagus fern,1
5797,car brands,1,brands,1,Mercedes-Benz,1
5800,BMW,1,Bayerische Motoren Werke,1,Audi,1
5803,Porsche,1,Lincoln,1,Lamborghini,1
5806,Ferrari,1,Pirelli,1,Michelin,1
5809,Bridgestone,1,pay scales,1,unhygienic,1
5812,hygienic,1,Jaguar,1,Land Rover,1
5815,Rover,1,Cadillac,1,Toyota,1
5818,Nissan,1,Chevrolet,1,Chevy,1
5821,Dodge,1,Mazda,1,Mitsubishi,1
5824,Lexus,1,Infiniti,1,Acura,1
5827,interior,1,leather seats,1,center console,1
5830,center stack,1,steering,1,steering wheel,1
5833,tiller,1,rudder,1,helm,1
5836,dashboard,1,scoreboard,1,instrument,1
5839,instrument panel,1,rearview,1,rearview mirror,1
5842,dimming,1,auto-dimming rearview mirror,1,Air Conditioning,1
5845,defrosting,1,defroster,1,windshield,1
5848,backup camera,1,rearview camer,1,adaptive,1
5851,adaptive cruise control,1,lane keeping assist,1,automatic emergency braking,1
5854,airbags,1,exterior,1,headlights,1
5857,HID,1,High-Intensity Discharge Headlights,1,discharge,1
5860,fog lights,1,turn signals,1,indicator lights,1
5863,power windows,1,A-Pillar,1,B-Pillar,1
5866,disc,1,disc brakes,1,rim brakes,1
5869,rim,1,caliper brakes,1,V-Brake,1
5872,coaster,1,coaster brakes,1,pedal breaks,1
5875,pedal brakes,1,pedal,1,Cable-actuated Disc Brakes,1
5878,actuated,1,hydraulic,1,Hydraulic Disc Brakes,1
5881,Hydraulic Power Steering,1,turbocharged engine,1,Aspirated,1
5884,Naturally Aspirated Engine,1,electric motor,1,coolant,1
5887,engine oil,1,brake fluid,1,fluid,1
5890,gear oil,1,transmission fluid,1,windshield washer fluid,1
5893,DEF,1,exhaust,1,Diesel Exhaust Fluid,1
5896,Refrigerant,1,Air Conditioning Refrigerant,1,Gasoline,1
5899,petrol,1,jet fuel,1,ATF,1
5902,Aviation Turbine Fuel,1,turbine,1,turbo,1
5905,biodiesel,1,liquid,1,liquefied,1
5908,Liquefied Petroleum Gas,1,Compressed Natural Gas,1,Liquefied Natural Gas,1
5911,suspension,1,independent suspension,1,exhaust system,1
5914,navigation system,1,infotainment,1,satellite radio,1
5917,wireless charging pad,1,panoramic,1,paramount,1
5920,sunroof,1,panoramic sunroof,1,Sky Lounge Panoramic Roof,1
5923,keyless entry,1,automated parking,1,welcome light,1
5926,ground-level,1,Ground-Level Projection Lights,1,headliner,1
5929,starry,1,Starlight Headliner,1,Starry Sky Roof,1
5932,tailgate,1,liftgate,1,frunk and trunk,1
5935,frunk,1,ambient,1,ambient lighting,1
5938,aroma system,1,fragrance system,1,massage,1
5941,message,1,blinds,1,Electric Blinds,1
5944,electric curtains,1,ANC,1,active noise cancellation,1
5947,Bose,1,Bang & Olufsen,1,Steinway & Sons,1
5950,DAS,1,Harman Kardon,1,roof rails,1
5953,roof rack,1,ethnic group,1,races,1
5956,mongoloid race,1,east asians,1,southeast asians,1
5959,caucasoid race,1,middle easterners,1,negroid,1
5962,nigger,1,negroid race,1,african,1
5965,saharan,1,germanic,1,germanic peoples,1
5968,scandinavians,1,jewish,1,jews,1
5971,aryans,1,slavic peoples,1,slavic,1
5974,poles,1,czechs,1,serbs,1
5977,anglo-saxons,1,celtic peoples,1,celts,1
5980,irish,1,scottish,1,welsh,1
5983,latins,1,italians,1,semitic peoples,1
5986,arabs,1,indo-europeans,1,baltic,1
5989,baltic peoples,1,lithuanians,1,latvians,1
5992,finno-ugri,1,finno-ugric,1,finns,1
5995,hungarians,1,Georgians,1,Armenians,1
5998,Trukic,1,Turkic,1,Turks,1
6001,Uzbeks,1,Mongols,1,Mogolian,1
6004,Mongolian,1,Indigenous,1,Native Americans,1
6007,Aboriginal Australians,1,Indian,1,ping-pong paddle,1
6010,racquet,1,badminton racquet,1,racket,1
6013,shuttlecock,1,backboard,1,goal posts,1
6016,cleats,1,ff Spiked Running Shoes,1,Spiked Running Shoes,1
6019,spikes,1,spiked,1,field hockey,1
6022,hockey stick,1,water polo,1,polo,1
6025,sprinting,1,starting blocks,1,long distance running,1
6028,long jump,1,sand pit,1,triple jump,1
6031,high jump,1,pole vault,1,padding,1
6034,discus throw,1,discus,1,javelin throw,1
6037,hammer throw,1,aquatic,1,google,1
6040,diving board,1,synchronized,1,synchronized swimming,1
6043,artistic swimming,1,kayaking,1,kayak,1
6046,rowing,1,oar,1,paddle,1
6049,boxing,1,headgear,1,judo,1
6052,judogi,1,taekwondo,1,dobok,1
6055,protective gear,1,black belt,1,dojang,1
6058,dojo,1,jeon,1,lame,1
6061,chameleon,1,poomsae,1,taekwons,1
6064,kyokpa,1,sparring,1,geup,1
6067,wrestling,1,singlet,1,equestrian,1
6070,firearms,1,saddle,1,bridle,1
6073,gymnastics,1,bars^ beam and vault,1,modern pentathlon,1
6076,pentatholon,1,pentathlon,1,freestyle swimming,1
6079,show jumping,1,laser-run,1,tummy,1
6082,flanks,1,lungs,1,stomah,1
6085,kidneies,1,tonsil,1,gullet,1
6088,pharynx,1,larynx,1,windpipe,1
6091,trachea,1,bronchial,1,bronchial tube,1
6094,capillaries,1,bile,1,duct,1
6097,gall bladder,1,gall,1,large intestine,1
6100,small intestine,1,rectum,1,anus,1
6103,shoulder,1,elbow,1,toe nail,1
6106,skull,1,temple,1,eyebrow,1
6109,eyelashes,1,philtrum,1,upper lip,1
6112,lower lip,1,jaw,1,adam's apple,1
6115,abdomen,1,lower belly,1,upper belly,1
6118,navel,1,hip,1,hop,1
6121,hip-hop,1,buttock,1,genitals,1
6124,penis,1,vagina,1,urine,1
6127,groin,1,wrist,1,forearm,1
6130,goose bumps,1,index finger,1,middle finger,1
6133,ring finger,1,little finger,1,fingernail,1
6136,finger tip,1,cuticle,1,knuckle,1
6139,back of the hand,1,figerprints,1,fingerprints,1
6142,toenail,1,big toe,1,middle toe,1
6145,pinky toe,1,4th toe,1,sole,1
6148,instep,1,heel,1,tiptoe,1
6151,epidermis,1,dermis,1,pore,1
6154,adipose,1,follicle,1,hair follicle,1
6157,adipose tissue,1,belly button,1,gallbladder,1
6160,intestine,1,femur,1,aorta,1
6163,vein,1,vena cava,1,limbs,1
6166,meniscus,1,cheek,1,bangs,1
6169,fringe,1,gender-specific,1,testicles,1
6172,testes,1,tastes,1,ovaries,1
6175,uterus,1,biceps,1,triceps,1
6178,joint,1,knee joint,1,shoulder joint,1
6181,ligament,1,tendon,1,spine,1
6184,vertebral,1,vertebral column,1,lung,1
6187,irs,1,pupil,1,retina,1
6190,hand tools,1,phillips,1,Phillips Screwdriver,1
6193,Flathead Screwdriver,1,Slotted Screwdriver,1,wire cutter,1
6196,diagonal pilers,1,diagonal pliers,1,pipe wrench,1
6199,needle,1,needle nose pliers,1,long nose pliers,1
6202,claw hammer,1,claw,1,ball peen,1
6205,peen,1,Adjustable Wrench,1,Combination Wrench,1
6208,Allen Wrench,1,allen,1,Socket Wrench,1
6211,Torque Wrench,1,torque,1,Tape Measure,1
6214,Vernier caliper,1,vernier,1,Screw micrometer,1
6217,micrometer,1,weight and balance,1,beam balance,1
6220,beam balance^ scale and,1,saw,1,hand saw,1
6223,jigsaw,1,curve,1,tangent,1
6226,drill,1,power drill,1,impact driver,1
6229,spray gun,1,abrasive paper,1,grinder,1
6232,Soldering Iron,1,soldering,1,ladder,1
6235,fasteners,1,riveting,1,rivet,1
6238,machine screws,1,wood screws,1,anchor bolt,1
6241,expansion anchor,1,common nails,1,nut,1
6244,bolt,1,bolt and nut,1,washer,1
6247,plywood,1,particle board,1,cenment,1
6250,cement,1,concrete,1,drywall,1
6253,plasterboard,1,cault,1,caulk,1
6256,paint,1,hardwood,1,hardwood flooring,1
6259,laminate flooring,1,laminae,1,laminate,1
6262,base makeup,1,concealer,1,conceal,1
6265,foundation,1,liquid foundation,1,powder foundation,1
6268,stick foundation,1,loose,1,loose powder,1
6271,setting powder,1,pressed powder,1,setting spray,1
6274,face primer,1,eyelid primer,1,facial contouring,1
6277,contouring,1,highlighter,1,bronzer,1
6280,cycshadow,1,matte,1,eyeliner,1
6283,mascara,1,volumizing,1,false eyelashes,1
6286,eyeshadow brush,1,eyeliiner brush,1,eyeliner brush,1
6289,eyelash curler,1,brow makeup,1,brow,1
6292,eyebrow pencil,1,lipstick,1,matte lipstick,1
6295,lip gloss,1,lip tint,1,lip balm,1
6298,tint,1,beauty blendeer,1,beauty blender,1
6301,makeup,1,makeup remover,1,makup bag,1
6304,makeup bag,1,cosmetic,1,cosmetic case,1
6307,cosplay,1,costume,1,TGS,1
6310,Nintendo,1,pest,1,german cockroach,1
6313,american cockroach,1,black widow,1,recluse,1
6316,carpenter,1,queen ant,1,ladybug,1
6319,ladybird,1,clothes moth,1,meal moth,1
6322,hornet,1,bumble,1,bumblebee,1
6325,mosquito,1,termite,1,reptiles,1
6328,anole,1,centipede,1,millipede,1
6331,flea,1,louse,1,lice,1
6334,tick,1,springtail,1,bed bug,1
6337,beetle,1,queen bee,1,house fly,1
6340,fruit fly,1,invaded,1,pantry,1
6343,chirping,1,amphibians,1,frog,1
6346,mollusks,1,snail,1,slug,1
6349,leech,1,silverfish,1,earthworm,1
6352,egg sac,1,barn swallow,1,buzzard,1
6355,red-tailed hawk,1,starling,1,hill myna,1
6358,parrot,1,cockatoo,1,macaw,1
6361,parakeet,1,gull,1,herring gull,1
6364,red-crowned,1,red-crowned crane,1,crane,1
6367,oriole,1,peace dove,1,downy,1
6370,barn owl,1,snow owl,1,peafowl,1
6373,chinese duck,1,wood duck,1,goose,1
6376,canada goose,1,swan,1,mute swan,1
6379,jay,1,hummingbird,1,song thrush,1
6382,symptoms,1,symphony,1,common conditions,1
6385,abrasion,1,scrapes,1,laceration,1
6388,scratch,1,hairline fracture,1,compound fracture,1
6391,sprain,1,strain,1,sprain and strain,1
6394,bruise,1,contusion,1,frostbite,1
6397,burn,1,first-degree burn,1,second-degree burn,1
6400,three-degree burn,1,third-degree burn,1,scarring,1
6403,chilblains,1,dermatitis,1,sunburn,1
6406,Freckles,1,freackles,1,freckles,1
6409,melanin,1,oral health,1,oral,1
6412,canker,1,sore,1,aphthous ulcer,1
6415,toothache,1,tinnitus,1,blurred,1
6418,blurred vision,1,myopia,1,dry eye,1
6421,pink eye,1,conjunctivitis,1,vitis,1
6424,sinusitis,1,digestive,1,digestive system,1
6427,gastroenteritis,1,heartburn,1,acid reflux,1
6430,constipation,1,diarrhea,1,smallpox,1
6433,variola,1,variola virus,1,vaccination,1
6436,plasmodium,1,mosquito net,1,antimalarial,1
6439,antimalarial drug,1,cholera,1,vibrio cholerae,1
6442,sanitation,1,waterborne,1,waterborne disease,1
6445,AIDS,1,HIV,1,Acquired Immunodeficiency Syndrome,1
6448,Human Immunodeficiency Virus,1,Antiretroviral Therapy,1,counsel,1
6451,indigestion,1,dry cough,1,productive cough,1
6454,Helicobacter pylori,1,gastritis,1,peptic,1
6457,peptic ulcer disease,1,ulcer,1,urea,1
6460,urea breath test,1,antigen,1,antibody,1
6463,immunoglobulin,1,serology,1,endoscopy,1
6466,quadruple,1,PPI,1,Amoxicillin,1
6469,Clarithromycin,1,Metronidazole,1,Tinidazole,1
6472,Inhibitor,1,proton pump inhibitor,1,reinfection,1
6475,infection,1,H. pylori,1,ulcers,1
6478,headache,1,tension headache,1,back paini,1
6481,insomnia,1,dental issus,1,dental issues,1
6484,tartar,1,protruding,1,protruding teeth,1
6487,cavities,1,tooth decay,1,impacted,1
6490,wisdom tooth,1,impacted wisdom tooth,1,horizontal impaction of wisdom,1
6493,tooth sensitivity,1,tooth discoloration,1,cracked tooth,1
6496,tooth wear,1,attrition,1,tooth misalignment,1
6499,gum issues,1,gingivits,1,periodontitis,1
6502,recession,1,gum recession,1,bleeding gums,1
6505,mouth sores,1,inflammations,1,cold sore,1
6508,fever,1,do me a fever,1,fever flister,1
6511,fever blister,1,blister,1,planus,1
6514,orthodontic,1,crowded,1,open bite,1
6517,deep bite,1,crossbite,1,dry mouth,1
6520,bad breath,1,xerostomia,1,halitosis,1
6523,coated tongue,1,sore tongue,1,taste disorders,1
6526,Temporomandibular,1,Temporomandibular Joint Disorder,1,Oral Cancer,1
6529,canine,1,canine teeth,1,protrusion,1
6532,gangs,1,fangs,1,crooked,1
6535,crooked teeth,1,malocclusion,1,spaced teeth,1
6538,Orthodontics,1,metal braces,1,ceramic braces,1
6541,ceramic,1,lingual,1,diastema,1
6544,biotics,1,doxycycline,1,watermelon frost,1
6547,throat lozenges,1,iodine solution,1,povidone,1
6550,povidone iodine,1,cotton swabs,1,Q-tips,1
6553,multivitamin,1,calcium supplement,1,zinc supplement,1
6556,iron supplement,1,magnesium supplement,1,endorphins,1
6559,inflammatory,1,anti-inflammatory,1,dayquil,1
6562,cough,1,cough syrup,1,antacid,1
6565,laxative,1,anti-diarrheal,1,diarrheal,1
6568,fungal,1,antifungal,1,Artificial Tears,1
6571,nasal spray,1,saline,1,decongestant,1
6574,eye drops,1,antibiotic,1,gentamicin,1
6577,moxifloxacin,1,polymyxin,1,Corticosteroid,1
6580,anti-allergy,1,olopatadine,1,emedastine,1
6583,azelastine,1,Glaucoma,1,timolol,1
6586,mydriatics,1,miotics,1,sodium hyaluronat,1
6589,sodium hyaluronate,1,hyaluronate,1,taurine,1
6592,lutein,1,zeaxanthin,1,EAA,1
6595,essential amino acids,1,conditionally essential amino acids,1,amino,1
6598,amino acid,1,isoleucine,1,leucine,1
6601,lysine,1,methionine,1,phenylalanine,1
6604,threonie,1,threonine,1,tryptophan,1
6607,valine,1,arginine,1,cysteine,1
6610,glutamine,1,clycine,1,glycine,1
6613,proline,1,serine,1,tyrosine,1
6616,aspartic acid,1,asparagine,1,glutamic acid,1
6619,alanine,1,ornithine,1,citrulline,1
6622,essential nutrients,1,protine,1,thiamine,1
6625,riboflavin,1,niacin,1,pantothenic,1
6628,pantothenic acid,1,pyridoxine,1,biotin,1
6631,folic acid,1,cobalamin,1,flaxseed oil,1
6634,soy lecithin,1,lecithin,1,plant extracts,1
6637,calcium gluconate,1,ferrous gluconate,1,zinc gluconate,1
6640,gluconate,1,yeast,1,metamucil,1
6643,spirulina,1,propolis,1,bee pollen,1
6646,environmental science,1,mesosphere,1,ozone layer,1
6649,acid rain,1,pollution,1,PM,1
6652,particulate,1,particulate matter,1,hydrosphere,1
6655,water cycle,1,hydrologic,1,hydrologic cycle,1
6658,groundwater,1,wetlands,1,acidification,1
6661,water quality,1,lithospher,1,soil erosion,1
6664,degradation,1,soil degradation,1,land use,1
6667,agricultural,1,nonpoint,1,biosphere,1
6670,ecosystem,1,food chain,1,food web,1
6673,niche,1,ecological niche,1,population,1
6676,population and community,1,ecological balance,1,ecological footprint,1
6679,climate change,1,sea level rise,1,glacier melting,1
6682,blip,1,the tip of the,1,overcapacity,1
6685,edifice,1,fantasied,1,macrobiology,1
6688,ecology,1,birth rate,1,death rate,1
6691,immigraton rate,1,emigration rate,1,emigration,1
6694,population density,1,age structure,1,community ecology,1
6697,species richness,1,species diversity,1,symbiosis,1
6700,mutualism,1,parasitism,1,competition,1
6703,predation,1,competitive exclusion principle,1,exclusion,1
6706,inclusinon,1,inclusino,1,inclusion,1
6709,evolutionary,1,evolutionary ecology,1,natural selection,1
6712,survival of the fittest,1,adaptation,1,phylogenetic tree,1
6715,convergent,1,convergent evolution,1,divergent evolution,1
6718,territorial,1,mating behavior,1,foraging,1
6721,foraging behavior,1,carbon cycle,1,mitigating,1
6724,symphony orchestra,1,orchestra level,1,orchestra section,1
6727,loges,1,boxes and loges,1,string section,1
6730,first violins,1,second violins,1,violas,1
6733,violin,1,cellos,1,double basses,1
6736,basses,1,contrabasses,1,woodwind section,1
6739,flutes,1,oboes,1,clarinets,1
6742,bassoons,1,english horn,1,cor anglais,1
6745,bass clarinet,1,clarinet,1,brass,1
6748,brass section,1,trumpets,1,french horns,1
6751,horns,1,trombones,1,tubas,1
6754,percussion section,1,timpani,1,drum set,1
6757,xylophone,1,marimba,1,snare,1
6760,snare drum,1,bass drum,1,triangle,1
6763,gone,1,gong,1,tam-tam,1
6766,harp,1,guitar,1,accordion,1
6769,harmonica,1,ensemble member,1,conductor,1
6772,concertmaster,1,The Ode to Joy,1,ode,1
6775,rehearse,1,rehearsal,1,dress rehearsal,1
6778,electric guitar,1,bass guitar,1,baritone,1
6781,lower midrange,1,midrange,1,alto,1
6784,tenor,1,treble,1,soprano,1
6787,stratospheric,1,bass clef,1,treble clef,1
6790,clef,1,drums,1,synthesizer,1
6793,lead vocalist,1,vocalist,1,backing vocalist,1
6796,sax,1,saxophone,1,blue harp,1
6799,banjo,1,12-bar blues,1,blue notes,1
6802,urban blues,1,vocal,1,improvisation,1
6805,commentary,1,social commentary,1,mandolin,1
6808,congas,1,bongos,1,timbales,1
6811,shakers,1,sampler,1,timpanist,1
6814,pianist,1,guitarist,1,bassist,1
6817,drummer,1,keyboardist,1,percussionist,1
6820,dancers,1,arranger,1,erhu,1
6823,fiddle,1,two-stringed fiddle,1,gu zheng,1
6826,pipa,1,chinese lute,1,lue,1
6829,lute,1,moon guitar,1,zhong ruan,1
6832,liuqin,1,jinghu,1,opera violin,1
6835,yangqin,1,dulcimer,1,guqin,1
6838,dizi,1,chinese flute,1,suona,1
6841,trumpte,1,sheng,1,xiao,1
6844,baw,1,bawu,1,luo,1
6847,gongs,1,gu,1,daigu,1
6850,xiaogu,1,jiagu,1,bo,1
6853,muyu,1,wooden fish,1,bianzhong,1
6856,chime bells,1,bronze ware,1,bronde,1
6859,blonde,1,sanxian,1,yueqin,1
6862,gourd,1,gourd flute,1,hulusi,1
6865,paixiao,1,kouqin,1,jaw harp,1
6868,matouqin,1,horsehead fiddle,1,koto,1
6871,shamisen,1,kokyu,1,biwa,1
6874,shakuhachi,1,hichiriki,1,hyoshigi,1
6877,sodium azide,1,azide,1,external,1
6880,monovalent,1,iternal,1,beneath,1
6883,sprawling,1,latticework,1,reverence,1
6886,faint,1,scent,1,mingled,1
6889,mingled with,1,earthy,1,moss,1
6892,subtle,1,cadence,1,languid,1
6895,rhythm,1,murmuring,1,murmur,1
6898,brooks,1,sihouette,1,immeasurable,1
6901,filament,1,faltered,1,wind rose,1
6904,metaphor,1,ornate,1,poetic devices,1
6907,narrative,1,piling up,1,adjectives,1
6910,emphasis,1,alienating,1,TriNitroToluene,1
6913,trinitrotoluol,1,nitro,1,explosive,1
6916,black powder,1,picric acid,1,picric,1
6919,trinitrophenol,1,affordable,1,shot down,1
6922,sharpnel,1,shrapnel,1,evidence,1
6925,hydraulics,1,modest,1,luxury,1
6928,compete with,1,geologist,1,pendulum,1
6931,swung,1,colonial,1,colonialism,1
6934,offspring,1,poverty,1,paraphernalia,1
6937,wellbeing,1,millenniums,1,blown away,1
6940,Glasgow,1,scenary,1,tended to,1
6943,bureaucracy,1,futuristic,1,govt,1
6946,propaganda,1,demonize,1,more or less,1
6949,quadrant,1,East Capitol Street,1,capitol,1
6952,Dior,1,Givenchy,1,Fruity,1
6955,Bobbi,1,Crystalline,1,Papilio blumei,1
6958,Papilio maackii,1,Shenyang Aircraft Corporation,1,Aviation Industry Corporation of,1
6961,citrus,1,capabilities,1,ambitions,1
6964,rea,1,military aviation,1,confidential,1
6967,cutting-edge,1,avionics,1,unmanned aerial vehicles,1
6970,rumored,1,klein,1,woody,1
6973,giorgio,1,armani,1,hypnotic,1
6976,lancome,1,anna sui,1,fairy,1
6979,chanel,1,sycomore,1,aqua,1
6982,versace,1,tiffany,1,essential,1
6985,essential oil,1,sandalwood,1,sandal,1
6988,scented,1,scented candles,1,diffuser,1
6991,diffuser sticks,1,sachets,1,romantic,1
6994,familial,1,familial bond,1,disgust,1
6997,impression,1,inferiority complex,1,assurance,1
7000,self-assurance,1,jealousy,1,guilt,1
7003,compassion,1,nostalgia,1,trait,1
7006,character traits,1,optimism,1,proactivity,1
7009,perseverance,1,resove,1,resolve,1
7012,high moral,1,moral,1,ethical,1
7015,ethical integrity,1,diligence,1,industriousness,1
7018,frugality,1,thriftiness,1,helpfulness,1
7021,altruism,1,egoism,1,execution ability,1
7024,willpower,1,self-control,1,self-discipline,1
7027,arrogance,1,conceit,1,humility,1
7030,empathy,1,tolerance,1,forgiveness,1
7033,hebal medicines,1,Chinese Herbal Medicines,1,puffball,1
7036,Wild Chrysanthemum,1,indicum,1,Chinese Arborvitae,1
7039,Barley Malt,1,bulb,1,lily bulb,1
7042,coptis,1,Coptis Chinensis,1,perilla,1
7045,honeysuckle,1,forsythia,1,plantain herb,1
7048,notoginseng,1,astragali,1,mistletoe,1
7051,dong quai,1,white atractylodes,1,poria,1
7054,balloon,1,balloon flower,1,birthwort,1
7057,rhubarb,1,croton seed,1,pot ash,1
7060,realgar,1,borneol,1,dawn,1
7063,dusk,1,melody,1,lighthouse,1
7066,raindrop,1,elegant,1,witty,1
7069,vivacious,1,resilient,1,generous,1
7072,dreamy,1,mysterious,1,touching,1
7075,passiionate,1,passionate,1,graceful,1
7078,adorable,1,enfolding,1,converge,1
7081,converage,1,coverage,1,gaze,1
7084,tapestry,1,caressing,1,tranquility,1
7087,muse,1,presence,1,tenderness,1
7090,vanish,1,enduring,1,exudes,1
7093,inviting one to linger,1,iridescent,1,surreal,1
7096,austere,1,opulent,1,melancholic,1
7099,sublime,1,dazzling,1,gossamer,1
7102,fleeting,1,timeless,1,perpetual,1
7105,everlasting,1,radiant,1,glistening,1
7108,spectre,1,specter,1,neutron,1
7111,molecule,1,celerity,1,celsius,1
7114,fahrenheit,1,firmament,1,glorify,1
7117,aureate,1,subtly,1,mysteriously,1
7120,breathtaking,1,breathtakingly,1,rapturous,1
7123,wistful,1,irrevocably,1,irrevocabe,1
7126,irrevocable,1,incessantly,1,perpetually,1
7129,crepuscular,1,gloaming,1,eden,1
7132,sancturay,1,waterfall,1,plunge,1
7135,promenade,1,terrace,1,veranda,1
7138,grotto,1,alcove,1,bower,1
7141,thicket,1,copse,1,streamlet,1
7144,orchard,1,parterre,1,hedge,1
7147,expanse,1,panorama,1,reflection,1
7150,haze,1,vapor,1,luminescence,1
7153,sheen,1,glitter,1,glimmer,1
7156,bed linens,1,linens,1,flannel sheet,1
7159,percale,1,percale sheet,1,cotton sheet,1
7162,silk sheet,1,linen sheet,1,sateen sheet,1
7165,sateen,1,antimicrobial,1,waterproof,1
7168,waterproof shoes,1,proof,1,mattress pad,1
7171,down comforter,1,cotton blanket,1,summer weight blanket,1
7174,throw blanket,1,fiberfill,1,silk comforter,1
7177,latex pillow,1,memory foam pillow,1,buckwheat pillow,1
7180,gel pillow,1,buckwheat hull,1,hull,1
7183,hypoallergenic,1,ruffle,1,dust ruffle,1
7186,coverlet,1,mattress topper,1,allergy-resistant,1
7189,headboard,1,footboard,1,cooling mat,1
7192,wicker,1,tattan,1,rattan,1
7195,foam,1,innerspring,1,waterbed,1
7198,air mattress,1,bed rail,1,bed guard,1
7201,heating blanket,1,cooling blanket,1,sleep sack,1
7204,sack,1,living room,1,furniture,1
7207,armchair,1,loveseat,1,bean bag,1
7210,bean bag chair,1,recliner,1,reclining,1
7213,TV stand,1,entertainment center,1,bookcase,1
7216,display cabinet,1,ottoman,1,vanity,1
7219,dining room,1,buffet,1,bar stool,1
7222,table runner,1,runner,1,file cabinet,1
7225,chaise longue,1,longue,1,chaise,1
7228,swing chair,1,room divider,1,coat rack,1
7231,hat stand,1,decorative shelf,1,SVM,1
7234,VMX,1,gress,1,amphibious,1
7237,assault,1,assault ship,1,diesel electric,1
7240,diesel-electric,1,ballistic missile,1,SSBN,1
7243,STOVL,1,replenishment,1,amphibious assault ship,1
7246,stuns with,1,stun,1,tailless,1
7249,wingman,1,monolithic,1,tax evasion,1
7252,evasion,1,groundbreaking,1,monumental,1
7255,monument,1,propotypes,1,prototypes,1
7258,toad,1,nonsense,1,stimulus,1
7261,commercial,1,furniture store,1,furniture outlet,1
7264,department,1,department store,1,snack shop,1
7267,convenience,1,convenience store,1,grocery,1
7270,credit union,1,unionpay,1,visa,1
7273,passport,1,teller,1,traffic division,1
7276,highway patrol office,1,emergency medical center,1,ambulance,1
7279,ambulance station,1,faculty builidng,1,faculty building,1
7282,college cuilding,1,college building,1,bookstore,1
7285,bookshop,1,establish,1,establishment,1
7288,hotel,1,motel,1,inn,1
7291,bar and pub,1,helthcare,1,healthcare,1
7294,movie theater,1,playhouse,1,auditorium,1
7297,opera house,1,intermission,1,concession stand,1
7300,concession,1,green room,1,fly tower,1
7303,encore,1,fitness center,1,gem,1
7306,gym,1,gymnasium,1,golf course,1
7309,amusement,1,amusement park,1,happy vally,1
7312,happy valley,1,disneyland,1,theme park,1
7315,transportation facilities,1,bus stop,1,subway station,1
7318,train station,1,airport,1,rental,1
7321,car rental,1,community center,1,communist,1
7324,communism,1,courthouse,1,city hall,1
7327,supreme,1,procuratorate,1,police station,1
7330,municipal,1,police department,1,proxima centauri,1
7333,sirius,1,polaris,1,betelgeuse,1
7336,alpha centauri,1,Mercury,1,Venus,1
7339,Earth,1,Mars,1,Jupiter,1
7342,Saturn,1,Uranus,1,Neptune,1
7345,Pluto,1,Moons,1,moon,1
7348,Planets,1,Stars^ Planets and Moons,1,Phobos,1
7351,Deimos,1,Io,1,Europa,1
7354,Ganymede,1,Callisto,1,Titan,1
7357,Enceladus,1,orbits,1,elliptical,1
7360,circular,1,elliptical orbit,1,circular orbit,1
7363,synchronous,1,synchronous orbit,1,asynchronous,1
7366,parking orbit,1,geostationary,1,astronomical,1
7369,astronomical phenomena,1,phenomenon,1,transit,1
7372,eclipse,1,solar eclipse,1,lunar eclipse,1
7375,retrograde,1,retrograde motion,1,opposition,1
7378,constellation,1,nebula,1,supernova,1
7381,astronomers,1,distant galaxy,1,galaxy,1
7384,milky way,1,supernova explosion,1,GRB,1
7387,gamma-ray burst,1,energetic,1,neutron star,1
7390,dwarf,1,white dwarf,1,black hole,1
7393,pulsar,1,quasa,1,quasar,1
7396,comet,1,comet halley,1,Halley's Comet,1
7399,nucleus,1,comet nucleus,1,coma,1
7402,comet tail,1,hydrogen cloud,1,dark matter,1
7405,dark energy,1,CMB,1,Cosmic Microwave Background Radiation,1
7408,Cosmic Microwave Background,1,meteor,1,meteor shower,1
7411,asteroid belt,1,Kuiper belt,1,scattered,1
7414,scattered disk,1,oort cloud,1,plasma,1
7417,capsule,1,hypothetical,1,presumed,1
7420,inferential,1,heliopause,1,heliosphere,1
7423,solar wind,1,corona,1,solar flare,1
7426,flare,1,CME,1,coronal,1
7429,ejection,1,coronal mass ejection,1,mass,1
7432,sunspot,1,flux,1,geomagnetic,1
7435,geomagnetic field,1,magnetosphere,1,magnetic reconnection,1
7438,Van Allen Belts,1,bow shock,1,magnetopause,1
7441,magnetotail,1,prominence,1,coronal hold,1
7444,coronal hole,1,photosphere,1,chromosphere,1
7447,NASA,1,aeronautics,1,administration,1
7450,telescope,1,astronomical telescope,1,optical telescope,1
7453,reflecting telescope,1,refracting telescope,1,reflecting,1
7456,refracting,1,radio telescope,1,nebulae,1
7459,orion,1,crab nebula,1,boomerang,1
7462,cat's eye,1,ursa major,1,ursa minor,1
7465,ursa,1,scorpius,1,andromeda,1
7468,gemini,1,leo,1,virgo,1
7471,taurus,1,sagittarius,1,redshift,1
7474,blueshift,1,lensing,1,gravitational,1
7477,gravitational lensing,1,red giant,1,main sequence start,1
7480,main sequence star,1,planetary nebula,1,stellar,1
7483,stellar evolution,1,globular,1,globular cluster,1
7486,stellar wind,1,radiation belt,1,interplanetary medium,1
7489,interstellar medium,1,cosmic expansion,1,cosmological principle,1
7492,cosmological,1,cosmological constant,1,big bang,1
7495,cosmic ray,1,cosmic string,1,space engineering,1
7498,lunar orbit,1,low earth orbit,1,LEO,1
7501,sun-synchronous orbit,1,retrograde orbit,1,coplanar,1
7504,coplanar orbit,1,Aries,1,Taurus,1
7507,Gemini,1,Cancer,1,Leo,1
7510,Virgo,1,Libra,1,Scorpius,1
7513,Capricornus,1,Aquarius,1,Pisces,1
7516,Hamal,1,Castor,1,Pollux,1
7519,Acubens,1,Regulus,1,Spica,1
7522,Zubenelgenubi,1,Kaus Australis,1,Deneb Algedi,1
7525,Sadalsuud,1,Alpherg,1,Perseus,1
7528,Big Dipper,1,Hercules,1,Bootes,1
7531,Andromeda,1,Pegasus,1,Auriga,1
7534,Canis Minor,1,Cassiopeia,1,Cepheus,1
7537,Canis Major,1,Camelopardalis,1,Bellatrix,1
7540,Saiph,1,Alnitak,1,Alnilam,1
7543,Mintaka,1,Aquila,1,Altair,1
7546,Vega,1,summer triangle,1,Deneb,1
7549,Winter Hexagon,1,Hexagon,1,Sirius,1
7552,Carina,1,Canopus,1,Alpha Centauri,1
7555,Centaurus,1,Arcturus,1,Fomalhaut,1
7558,Piscis Austrinus,1,meteoroids,1,meteors,1
7561,meteor showers,1,perseids,1,geminids,1
7564,Perseids,1,Geminids,1,Leonids,1
7567,Andromedids,1,Piscis Austrinids,1,Orionids,1
7570,Draconids,1,serpens,1,draco,1
7573,pegasus,1,perseus,1,heavenly,1
7576,taurids,1,tidal capture,1,planetary ring,1
7579,atmospheric escape,1,axial tilt,1,seasonal variation,1
7582,orbital resonance,1,satellite,1,satellite system,1
7585,collapse,1,habitable,1,habitable zone,1
7588,potential energy,1,first cosmic velocity,1,orbital velocity,1
7591,velocity,1,second cosmic velocity,1,third cosmic velocity,1
7594,universal graviation,1,universal gravitation,1,gravitation,1
7597,law of universal gravitation,1,gravitational constant,1,tidal force,1
7600,gravitational wave,1,momentum,1,centrifugal,1
7603,centrifugal force,1,centripetal,1,centripetal force,1
7606,orbital decay,1,geosynchronous orbit,1,gravity assist,1
7609,Kepler,1,Mathematics,1,Leonhard Euler,1
7612,Carl Friedrich Gauss,1,David Hilbert,1,Physics,1
7615,Albert Einstein,1,Gottfried Wilhelm Leibniz,1,James Clerk Maxwell,1
7618,Michael Faraday,1,Niels Bohr,1,Richard Feynman,1
7621,Max Planck,1,Stephen Hawking,1,Henry Cavendish,1
7624,Chemistry,1,Dmitri Mendeleev,1,Biology,1
7627,Charles Darwin,1,Louis Pasteur,1,Gregor Mendel,1
7630,James Watson,1,Francis Crick,1,Rosalind Franklin,1
7633,Alexander Fleming,1,Howard Florey,1,multidisciplinary,1
7636,Galileo Galilei,1,Nicolaus Copernicus,1,Johannes Kepler,1
7639,Pythagorean,1,Benjamin Franklin,1,Ludwig Boltzmann,1
7642,Archimedes,1,Syracuse,1,Hendrik Lorentz,1
7645,Blaise Pascal,1,Rene Descartes,1,The Elements,1
7648,Pythagoras,1,Samos,1,Euclid,1
7651,Pythagoras of Samos,1,Euclid of Alexandria,1,Diophantus,1
7654,Diophantus of Alexandria,1,Fibonacci,1,Pierre de Fermat,1
7657,Cauchy,1,Bernhard Riemann,1,Alan Turing,1
7660,Grace Hopper,1,Ada Lovelace,1,Dennis Richie,1
7663,Dennis Ritchie,1,Jack Kilby,1,Gordon Moore,1
7666,William Shockley,1,David Patterson,1,John Hennessy,1
7669,James Gosling,1,Brian Kernighan,1,Aviation,1
7672,Wright Brothers,1,Wilbur Wright,1,Orville Wright,1
7675,Theodore von Karman,1,Wernher von Braun,1,Nikola Tesla,1
7678,Sergei Korolev,1,Yuri Gagarin,1,Neil Armstrong,1
7681,Buzz Aldrin,1,Leonardo da Vinci,1,William Shakespeare,1
7684,Michelangelo Buonarroti,1,Ludwig van Beethoven,1,Leo Tolstoy,1
7687,Jane Austen,1,Philosophy,1,Immanuel Kant,1
7690,Friedrich Nietzsche,1,Kal Marx,1,Karl Marx,1
7693,Abraham Lincoln,1,Winston Churchill,1,Mahatma Gandhi,1
7696,Martin Luther King Jr,1,Nelson Mandela,1,Christopher Columbus,1
7699,Edmund Hillary,1,Thomas Edison,1,Steve Jobs,1
7702,Bill Gates,1,Mark Zuckerberg,1,Elon Musk,1
7705,Alexander the Great,1,Julius Caesar,1,Hammurabi,1
7708,Confucius,1,Laozi,1,Siddhartha Gautama,1
7711,Buddha,1,Muhammad,1,Homer,1
7714,Dante Alighieri,1,Socrates,1,Hippocrates,1
7717,classical physics,1,Newton's Laws of Motion,1,Laws of Thermodynamics,1
7720,thermodynamics,1,Ohm's Law,1,Coulomb's Law,1
7723,Faraday's Law of Electromagnetic,1,Maxwell's Equations,1,Gauss's Law for Electricity,1
7726,Gauss's Law for Magnetism,1,time derivative,1,electric field,1
7729,magnetic field,1,charge density,1,current density,1
7732,permittivity,1,permeability,1,electrix flux,1
7735,Joule's Law,1,Theory of Relativity,1,Special Relativity,1
7738,General Relativity,1,Conservation of Momentum,1,Conservation of Mass,1
7741,Mass-Energy Equivalence,1,equicalence,1,equivalence,1
7744,Lorentz Transformation,1,Doppler Effect,1,critical,1
7747,critical phenomena,1,chaos theory,1,chaos,1
7750,Mechanics,1,Gravitational Force,1,Electromagnetic Force,1
7753,Strong Nuclear Force,1,Weak Nuclear Force,1,Classical Mechanics,1
7756,Theoretical Mechanics,1,Electrodynamics,1,Electromagnetism,1
7759,Classical Electromagnetism,1,warp drives,1,warp,1
7762,wrap,1,antimatter,1,annihilation,1
7765,wormholes,1,matter-antimatter annihilation,1,time travel,1
7768,inertia,1,Law of Inertia,1,Law of Acceleration,1
7771,proportional,1,net force,1,inversely,1
7774,Action-Reaction Law,1,Elliptical Orbits,1,sweeps out,1
7777,Harmonic Law,1,semi-major axis,1,proportional to,1
7780,directly proportional to,1,the square of,1,Zeroth Law,1
7783,equilibrium,1,thermal,1,Entropy Increase Principle,1
7786,entropy,1,Wave-Particle Duality,1,duality,1
7789,exhibit,1,Heisenberg Uncertainty Principle,1,schrodinger equation,1
7792,entanglement,1,Quantum Entanglement,1,Pauli Exclusion Principle,1
7795,fermions,1,quantum state,1,supersymmetry,1
7798,alcubierre,1,alcubierre drive,1,warp drive,1
7801,multiverse,1,quantum tunneling,1,chronology,1
7804,Chronology Protection Conjecture,1,intersection,1,geographical terms,1
7807,geographical,1,continent,1,ocean,1
7810,peninsula,1,island,1,strait,1
7813,canal,1,volcano,1,Asia,1
7816,Europe,1,Africa,1,North America,1
7819,South America,1,Oceania,1,Australia,1
7822,Austria,1,Austral,1,Borealis,1
7825,austral,1,occidental,1,northern^ southern^ eastern and,1
7828,Pacific,1,Atlantic,1,Antarctic,1
7831,Pacific Ocean,1,Atlantic Ocean,1,Indian Ocean,1
7834,Arctic Ocean,1,landmark,1,Himalayas,1
7837,Alps,1,Andes,1,Ural,1
7840,Nile River,1,Amazon River,1,Yangtze River,1
7843,Yellow River,1,Mississippi River,1,Congo River,1
7846,Danube River,1,Great Lakes,1,Sahara Desert,1
7849,Arabian Desert,1,Gobi,1,Tibetan,1
7852,Tibet,1,Sichuan Basin,1,glaciers,1
7855,Ice Sheet,1,Antarctic Ice Sheet,1,Mount Fuji,1
7858,Mount Vesuvius,1,Malacca Strait,1,Strait of Gibraltar,1
7861,English Channel,1,Panama Canal,1,Suez Canal,1
7864,Bering Strait,1,Great Barrier Reef,1,Niagara Falls,1
7867,Dead Sea,1,Mediterranean Sea,1,Mediterranea,1
7870,Mediterranean,1,Bay,1,Bohai Bay,1
7873,Bohai Sea,1,Yellow Sea,1,East China Sea,1
7876,Nepel,1,Nepal,1,Easter Island,1
7879,Taj Mahal,1,Rome,1,Pantheon,1
7882,Moscow,1,Statue,1,Statue of Liberty,1
7885,Budapest,1,Red Square,1,Istanbul,1
7888,Cairo,1,Sydney Opera House,1,Kyoto,1
7891,Venice,1,British Museum,1,Forbidden City,1
7894,Notre-Dame de Paris,1,Athens,1,Greece,1
7897,Acropolis,1,Acropolis of Athens,1,Jiuzhaigou Valley,1
7900,Mongolia,1,Mount Kilimanjaro,1,Eiffel Tower,1
7903,Louvre Museum,1,Pompeii,1,Stonehenge,1
7906,Nautilus,1,Captain Nemo,1,Jerusalem,1
7909,Masjid,1,Haram,1,Mecca,1
7912,Saudi Arabia,1,Israel,1,Indonesia,1
7915,Palace,1,Bali,1,Hawaii,1
7918,Sanya,1,Roman Forum,1,Dubai,1
7921,Emirates,1,Burj Khalifa,1,United Arab Emirates,1
7924,Winter Palace,1,Saint Petersburg,1,Vienna State Opera,1
7927,Vienna,1,Florence,1,Cathedral,1
7930,ference,1,friction,1,restitution,1
7933,LHS,1,projection,1,retard,1
7936,toxic,1,flammable,1,fappable,1
7939,fap,1,pinpick,1,pinprick,1
7942,hail,1,sleet,1,thunderstorm,1
7945,thunder,1,fog,1,downpour,1
7948,shower,1,drizzle^ shower^ rain and,1,blizzard,1
7951,hurricane,1,tornado,1,typhoon,1
7954,cyclone,1,dust storm,1,heat wave,1
7957,cold snap,1,snap,1,smog,1
7960,gale,1,breeze,1,chill,1
7963,wind chill,1,humidity,1,tempurature,1
7966,precipitation,1,cloud cover,1,overcast,1
7969,partly cloudy,1,clear sky,1,meteorological,1
7972,barometer,1,wind speed,1,wind dircetion,1
7975,wind diretion,1,wind direction,1,dew point,1
7978,cold front,1,warm front,1,stationary front,1
7981,occluded,1,jet stream,1,isobar,1
7984,isotherm,1,isoheight,1,isoline,1
7987,contour line,1,isohyet,1,forecast,1
7990,weather forecast,1,la nina,1,microclimate,1
7993,synoptic,1,synoptic chart,1,satellite imagery,1
7996,hygrometer,1,anemometer,1,pyranometer,1
7999,therm,1,calori,1,calore,1
8002,calorie,1,thermometer,1,psychrometer,1
8005,radiosonde,1,mesocyclone,1,supercell,1
8008,borealis,1,australis,1,Aurora Australis,1
8011,Heat Island Effect,1,Urban,1,Urban Heat Island,1
8014,flash flood,1,flash drought,1,wildfire,1
8017,drought,1,flood,1,tsunamic,1
8020,seiche,1,ice storm,1,squall,1
8023,haboob,1,squall line,1,snow squall,1
8026,water spout,1,spout,1,whirl,1
8029,fire whirl,1,ball lightning,1,dry lightning,1
8032,vortex,1,polar vortex,1,trade,1
8035,trade winds,1,westerlies,1,polar easterlies,1
8038,easterlies,1,equatorial counter,1,equatorial counter current,1
8041,equatorial,1,equator,1,carbon footprint,1
8044,renewable,1,renewable energy,1,permafrost,1
8047,glacier retreat,1,cirrus,1,cirrostratus,1
8050,cirrocumulus,1,altostratus,1,altocumulus,1
8053,stratus,1,stratocumulus,1,nimbostratus,1
8056,cumulus,1,cumulonimbus,1,mammatus,1
8059,mammatus cloud,1,lenticular,1,lenticular cloud,1
8062,contrails,1,fog bow,1,sun dog,1
8065,moon dog,1,green flash,1,light pillar,1
8068,fire rainbow,1,anvil,1,anvil cloud,1
8071,undulatus,1,asperatus,1,clory,1
8074,morning glory,1,trumpet flower,1,virga,1
8077,supernumerary,1,numerary,1,noctilucent,1
8080,legendary,1,luminous pearl,1,moondust,1
8083,advection,1,upslope,1,frontal,1
8086,downslope,1,cranked,1,vandalism,1
8089,loopy,1,promising,1,salience,1
8092,oriented,1,classical,1,classic,1
8095,impaling,1,raid,1,raider,1
8098,Belgium,1,panzer,1,nutter,1
8101,thug,1,rods,1,lighting rod,1
8104,conjection,1,arrange,1,actuator,1
8107,divine,1,consult on,1,admired,1
8110,admire,1,tiara,1,happen to be,1
8113,trasured it,1,trasured,1,treasured it,1
8116,treasured,1,falvor,1,brewing,1
8119,lovely,1,insufficient,1,seduce,1
8122,feefee,1,so long,1,settles it,1
8125,settle,1,detonation,1,oblique,1
8128,obliquity,1,polka,1,arthals,1
8131,arthal,1,hopping,1,roulette,1
8134,defensive,1,counter air,1,defensive counter air,1
8137,dominance,1,loadout,1,IWB,1
8140,airbases,1,hostile,1,HVAA,1
8143,afterburner,1,ft,1,feet,1
8146,supercruise,1,orbit,1,disarray,1
8149,reinforcement,1,side-looking,1,kinematics,1
8152,subsonic,1,guarante,1,guaranteeing,1
8155,lethality,1,lone,1,lone wolf,1
8158,penetrate,1,rear,1,vulnerable,1
8161,flank,1,sarcastic,1,implies,1
8164,inverstors,1,investors,1,medding,1
8167,wedding,1,strains,1,in the pond of,1
8170,pond,1,handful,1,gossip,1
8173,feud,1,sheaves,1,wheat sheaves,1
8176,militants,1,orbits the sun,1,swamping,1
8179,swamp,1,dispatchers,1,sonic boom,1
8182,pickup truck,1,hit-and-run,1,unconscious,1
8185,conscious,1,seedy,1,neigh,1
8188,propagule,1,nautilus,1,2024,1
8191,bear,1,bore,1,borne,1
8194,brown bear,1,black bear,1,paw,1
8197,bear paw,1,windspept,1,narrator,1
8200,mipmap,1,scholarship,1,dignity,1
8203,fame,1,meticulous,1,dedicated,1
8206,infused,1,infused with humanism,1,humanism,1
8209,precise,1,constructive,1,rigor,1
8212,compassionate,1,extraordinarily,1,towering figure,1
8215,scholars,1,scholar,1,polymath,1
8218,excelling,1,sociology,1,expertise,1
8221,mastery,1,enriched,1,perspectives,1
8224,imprint,1,mentorship,1,rigorous,1
8227,spark,1,curiosity,1,fostering,1
8230,nurturing,1,cherished,1,evokes,1
8233,reigniting,1,pursuits,1,flourish,1
8236,ba,1,nabla,1,affilicated,1
8239,affiliated,1,football pitch,1,pitch,1
8242,tar,1,tars,1,sailor,1
8245,arder,1,recreation,1,entertainment,1
8248,amuse,1,philharmonic,1,philharmonic orchestra,1
8251,artistic director,1,commisoned,1,commissoned,1
8254,commissioned,1,commission,1,commiss,1
8257,commisse,1,mandate,1,appoint,1
8260,nominate,1,appointment,1,be flattered to,1
8263,flattered,1,charitable,1,outlined,1
8266,congress,1,relinquished,1,ordination,1
8269,illegitimate,1,patronage,1,treasury,1
8272,recompense,1,Principal Investigator,1,Investigator,1
8275,tenured,1,HMI,1,noviolate,1
8278,modern,1,pragmatics,1,association,1
8281,atypicality,1,treatment,1,implication,1
8284,Summarization,1,deliverables,1,implications,1
8287,relevance,1,distributed,1,potential,1
8290,dense,1,silent data corruption,1,mantissa,1
8293,trail,1,heuristic,1,drona,1
8296,labourer,1,ODE,1,array,1
8299,sputnik,1,sputnik moment,1,pentagon,1
8302,Herbst Maneuver,1,stall,1,margin,1
8305,stall margin,1,steeply,1,reversal,1
8308,unreavel,1,unreal,1,marry,1
8311,chapel,1,worship,1,astronauts,1
8314,shuttle,1,underbelly,1,ripped open,1
8317,Enthusiast,1,Christianity,1,convert to,1
8320,Buddhism,1,Taoism,1,Protestantism,1
8323,Lutheranism,1,Calvinism,1,Anabaptism,1
8326,Methodism,1,Puritanism,1,Quakerism,1
8329,Presbyterian,1,Islamism,1,Zen,1
8332,Mahayana,1,Theravada,1,Judaism,1
8335,Shintoism,1,Brahmanism,1,Hindu,1
8338,Brahminism,1,Sikhism,1,pious,1
8341,pope,1,pagan,1,Allah,1
8344,altar,1,apostle,1,atheist,1
8347,Catholic,1,cult,1,deity,1
8350,fast,1,gospel,1,heresy,1
8353,incarnate,1,koran,1,missionary,1
8356,preach,1,preacher,1,Protestant,1
8359,resurrection,1,scripture,1,superstition,1
8362,taboo,1,carnivoran,1,footpad,1
8365,skimming,1,anatomical,1,reappraisal,1
8368,appraise,1,appraisal,1,azhdarchid,1
8371,paleoecology,1,Goodman,1,datasets,1
8374,medical,1,flush,1,flusher,1
8377,disturbing,1,lancer,1,Rockwell,1
8380,strategic,1,reassignment,1,Afghanistan,1
8383,Iraq,1,clutter,1,stray,1
8386,durability,1,reputational,1,longevity,1
8389,runs in families,1,terrain,1,allegedly,1
8392,griefing,1,asethetic,1,aesthetic,1
8395,seamless,1,fair-play,1,dedication,1
8398,beehive,1,lighting strike,1,vendor,1
8401,affication,1,reposition,1,trajecton,1
8404,trajectory,1,resembling,1,manover,1
8407,manoeuvre,1,parliament,1,attorney,1
8410,croissant,1,couture,1,chic,1
8413,chateau,1,mansion,1,entrepreneur,1
8416,aisance,1,camaraderie,1,facade,1
8419,quasi,1,bonjour,1,bonsoir,1
8422,salut,1,salute,1,coucou,1
8425,bonne,1,merci,1,bonne nuit,1
8428,gute nacht,1,Oyasuminasai,1,Oyasumi,1
8431,embedding,1,embeddings,1,parameters,1
8434,smithing,1,taylor,1,wright,1
8437,cooper,1,Lapis Lazuli,1,lapis,1
8440,lazuli,1,prismarine,1,galzed,1
8443,glazed,1,terracotta,1,fletching,1
8446,grindstone,1,blast furnace,1,lectern,1
8449,loom,1,brewing stand,1,cartography,1
8452,smithing table,1,composter,1,compost,1
8455,fertilliser,1,fertiliser,1,deterioration,1
8458,joggle,1,jogging,1,lope,1
8461,marathon,1,endurance,1,crippled,1
8464,let alone,1,lengthened,1,unaware,1
8467,handouts,1,jailed,1,panick,1
8470,panicking,1,panic,1,siege,1
8473,nitwit,1,armorer,1,butcher,1
8476,cartographer,1,cleric,1,fletcher,1
8479,toolsmith,1,weaponsmith,1,eroded,1
8482,pine taiga,1,straw,1,straw hat,1
8485,quiver,1,eyepatch,1,black apron,1
8488,welding mask,1,monocle,1,headband,1
8491,recover,1,presto,1,miscellany,1
8494,effort,1,chainmail,1,aptitude,1
8497,attitude,1,altitude,1,appetite,1
8500,longtitude,1,longitude,1,latitude,1
8503,amplitude,1,controller,1,retain,1
8506,palindrome,1,systematic,1,burn out,1
8509,transit visa,1,customs,1,custom,1
8512,customize,1,customization,1,deportation,1
8515,repatriation,1,quarantine,1,duty-free,1
8518,tariff,1,waiver,1,visa wwaiver,1
8521,visa waiver,1,landing visa,1,entry permit,1
8524,permit,1,alien,1,residence permit,1
8527,consulat,1,consulate,1,consular,1
8530,consular visa interview,1,stady abord,1,study abroad,1
8533,orientation,1,insurance,1,alumni,1
8536,luggage,1,duties,1,board a flight,1
8539,comply,1,regulatiosn,1,regulations,1
8542,clearance,1,naturalization,1,asylum,1
8545,humanitarian,1,reunification,1,adjustment,1
8548,backlog,1,visa appeal,1,refusal,1
8551,citizenship,1,emigrant,1,migrant,1
8554,undocumented,1,voluntary,1,residency,1
8557,overseas Chinese,1,resident,1,resident alien,1
8560,sojourner,1,expatriation,1,huaren,1
8563,huaqiao,1,sinophone,1,chinatown,1
8566,returnee,1,transnatinoalism,1,transnationalism,1
8569,ancestral,1,ancestral home,1,social welfare,1
8572,social security,1,pension,1,retirement fund,1
8575,health insurance,1,maternity insurance,1,provident,1
8578,allowance,1,elderly,1,elderly care,1
8581,nursing home,1,nursing,1,orphanage,1
8584,taxation,1,VAT,1,value-added tax,1
8587,capital gains,1,income tax,1,property tax,1
8590,inheritance,1,inheritance tax,1,gift tax,1
8593,deduction,1,exemption,1,tax refund,1
8596,tax return,1,refund,1,conscription,1
8599,reserve,1,reserve force,1,veteran,1
8602,kinship,1,extended family,1,sibling,1
8605,niece,1,nephew,1,spouse,1
8608,divorce,1,adoption,1,foster parent,1
8611,guardianship,1,dependent,1,caregiver,1
8614,census,1,population census,1,demographic,1
8617,demographics,1,urbanization,1,enterprise,1
8620,industrious,1,willing,1,invoke,1
8623,interrad,1,innocent,1,expiry,1
8626,cerulean,1,indigo,1,periwinkle,1
8629,winkle,1,ultramarine,1,viridian,1
8632,drab,1,sienna,1,umber,1
8635,mauve,1,fuchsia,1,scarlet,1
8638,taupe,1,slate grey,1,pewter,1
8641,khaki,1,buff,1,ecru,1
8644,beige,1,ivory,1,onyx,1
8647,aquamarine,1,carmine,1,celadon,1
8650,eggshell,1,fallow,1,falx,1
8653,gamboge,1,heliotrope,1,heliotroper,1
8656,helitropter,1,ochre,1,puce,1
8659,toned,1,cambrian,1,triassic,1
8662,proterozoic eon,1,proterozoic,1,neo^ meso and paleo,1
8665,archean eon,1,phanerozoic,1,phanerozoic eon,1
8668,paleozoic era,1,ordovician period,1,ordovician,1
8671,silurian,1,devonian,1,carboniferous,1
8674,permian,1,mesozoic,1,jurassic,1
8677,jurassic period,1,cenozoic,1,cenozoic era,1
8680,paleogene,1,paleogene period,1,miocene epoch,1
8683,pliocene epoch,1,quaternary period,1,pleistocene epoch,1
8686,holocene epoch,1,sinian,1,pangaea,1
8689,ice age,1,glacial period,1,ice sheet,1
8692,moraine,1,continental,1,continental drift,1
8695,tectonics,1,plate tectonics,1,spread,1
8698,spreading,1,rift,1,drift,1
8701,suture,1,orogeny,1,volcanism,1
8704,paleoclimatology,1,depositional,1,extincition,1
8707,extinction,1,paleontology,1,dinosaur,1
8710,trex,1,T-REX,1,tyrannosaurus,1
8713,tyrannosaurus rex,1,velociraptor,1,triceratops,1
8716,stegosaurus,1,brachiosaurus,1,apatosaurus,1
8719,brontosaurus,1,spinosaurus,1,allosaurus,1
8722,ankylosaurus,1,dilophosaurus,1,parasaurolophus,1
8725,giganotosaurus,1,mammoth,1,saber-toothed,1
8728,saber,1,smilodon,1,quetzalcoatlus,1
8731,pteranodon,1,ichthyosaurus,1,plesiosaurus,1
8734,plesiosaur,1,mosasaurus,1,dimetrodon,1
8737,elasmosaurus,1,dodo,1,woolly,1
8740,glyptodon,1,megatherium,1,megalodon,1
8743,mastodon,1,thylacine,1,coelacanth,1
8746,ferns,1,pteridophyta,1,cycad,1
8749,ginkgoale,1,ginkgoales,1,conifers,1
8752,trilobites,1,phacops,1,calymene,1
8755,horseshoe,1,horseshoe crabs,1,ammonites,1
8758,nautiloid,1,nautiloids,1,brachiopods,1
8761,bryozoans,1,crinoids,1,graptolites,1
8764,arthropleura,1,meganeura,1,anomalocaris,1
8767,spruce,1,fir,1,larch,1
8770,cedar,1,parasol tree,1,chinese parasol tree,1
8773,plane tree,1,aspen,1,weeping,1
8776,weeping willow,1,elm,1,beech,1
8779,oak,1,magnolia,1,yulan,1
8782,denudata,1,apricot,1,ginkgo,1
8785,populus euphratica,1,rowan,1,chestnut,1
8788,walnut,1,teak,1,acacia,1
8791,eucalyptus,1,baobab,1,redwood,1
8794,dawn redwood,1,metasequoia,1,shaft,1
8797,sichuan pepper,1,prickly,1,ash,1
8800,culinary,1,therapie,1,therapies,1
8803,acupuncture,1,herbal remedies,1,sap,1
8806,mantle,1,outer core,1,inner core,1
8809,tectonic,1,tectonic plate,1,strike-slip,1
8812,slip,1,anticline,1,cline,1
8815,syncline,1,dike,1,topography,1
8818,hill,1,canyon,1,karst,1
8821,yardang,1,danxia,1,badlands,1
8824,cliff,1,sinkhole,1,mesas,1
8827,buttes,1,compaction,1,cementation,1
8830,metamorphism,1,uplift,1,subsidence,1
8833,isostasy,1,fluvial,1,mass wasting,1
8836,wasting,1,volcanic ash,1,igneous,1
8839,igneous rock,1,sedimentary,1,sedimentary rock,1
8842,metamorphic,1,metamorphic rock,1,quartz,1
8845,feldspar,1,clay,1,marble,1
8848,gneiss,1,pumice,1,seismic,1
8851,seismic hazard,1,hazard,1,desertification,1
8854,eon^ era^ period^ epoch,1,radiometric,1,radiometric dating,1
8857,dating,1,loess,1,dunes,1
8860,barchan,1,meander,1,alluvial,1
8863,alluvial fan,1,drumlin,1,butte,1
8866,sea stack,1,atoll,1,guyot,1
8869,seamount,1,ridge,1,ocean trench,1
8872,abyssal,1,kimberlite,1,limestone,1
8875,dolomite,1,halite,1,gypsum,1
8878,diatomite,1,oil shale,1,silicate minerals,1
8881,muscovite,1,biotite,1,pyroxene,1
8884,olivinie,1,olivine,1,pyrite,1
8887,hematite,1,magnetite,1,siderite,1
8890,barite,1,azurite,1,magnestie,1
8893,magnesite,1,apatite,1,borax,1
8896,cuprite,1,chalcopyrite,1,native gold,1
8899,native silver,1,gemstone,1,precious,1
8902,ruby,1,sapphire,1,emerald,1
8905,amethyst,1,tourmaline,1,peridot,1
8908,lapis llazuli,1,lapis lazuli,1,jadeite,1
8911,covellite,1,copper carbonate,1,alunite,1
8914,alum,1,corundum,1,electrum,1
8917,bituminous,1,bituminous coal,1,anthracite,1
8920,peat,1,coking coal,1,pitchblenda,1
8923,pitchblende,1,sphalerite,1,hydrocarbon,1
8926,ethane,1,xylene,1,coalbed,1
8929,bauxite,1,molybdentie,1,molybdenite,1
8932,phosphate rock,1,beryl,1,heliodor,1
8935,crystal,1,smoky quartz,1,rutilated,1
8938,rutilated quartz,1,agate,1,almandine,1
8941,tsavorite,1,moonstone,1,zircon,1
8944,turquoise,1,tortoiseshell,1,tridacna shell,1
8947,tridacna,1,clam,1,rhino,1
8950,red coral,1,tush,1,tusk,1
8953,narwhal tusk,1,mohs scale,1,luster,1
8956,adamantine,1,vitreous,1,pearly,1
8959,resinous,1,opaque,1,conchoidal,1
8962,fibrous,1,fluoresvence,1,fluorescence,1
8965,phosphorescence,1,irradiation,1,dyeing,1
8968,coating,1,impregnation,1,filling,1
8971,cabochon,1,tumbling,1,loupe,1
8974,refractometer,1,polariscope,1,spectroscope,1
8977,Burma,1,Sri Lanka,1,birthstones,1
8980,zodiac stones,1,asterism,1,chatoyancy,1
8983,adularescence,1,iridescence,1,synthetic,1
8986,synthetic gems,1,imitation,1,simulants,1
8989,counterfeit,1,fake goods,1,knockoff,1
8992,composite,1,carat,1,karat,1
8995,calibrated,1,parure,1,inlay,1
8998,mounting,1,setting,1,bezel,1
9001,oval,1,trillion,1,saw blade,1
9004,bruting,1,grinding,1,facets,1
9007,diamond dust,1,faceting,1,paviliion,1
9010,culet,1,play-of-color,1,grading report,1
9013,inscription,1,carving,1,rock carving,1
9016,calligraphic,1,pal,1,chum,1
9019,guy,1,fella,1,pardner,1
9022,humorously,1,reverend,1,highness,1
9025,conosultant,1,techincian,1,consultant,1
9028,technician,1,sweetie,1,cutie,1
9031,sweetheart,1,chick,1,babe,1
9034,gramp,1,four eyes,1,fatso,1
9037,shorty,1,redneck,1,freak,1
9040,wimp,1,weirdo,1,jerk,1
9043,frenemy,1,BFF,1,troll,1
9046,nerd,1,geek,1,LOL,1
9049,ROFL,1,ass off,1,BTW,1
9052,TTYL,1,BRB,1,IDK,1
9055,FYI,1,IMAO,1,AFAIK,1
9058,IRL,1,SMH,1,TMI,1
9061,NSFW,1,YOLO,1,FML,1
9064,AFK,1,OOTD,1,OOTN,1
9067,IG,1,instagram,1,SNAP,1
9070,snapchat,1,retweet,1,hat tip,1
9073,follow friday,1,miss friday,1,ICYMI,1
9076,AMA,1,ask me anything,1,PPL,1
9079,hashtag,1,WTF,1,WTH,1
9082,what the hell,1,JK,1,NP,1
9085,no problem,1,TY,1,thank you,1
9088,PLZ,1,PLS,1,ASAP,1
9091,EOD,1,end of day,1,DIY,1
9094,FAQ,1,TBD,1,TBA,1
9097,GG,1,NOOB,1,newbie,1
9100,greenhand,1,mana,1,mana point,1
9103,HP,1,health points,1,experience points,1
9106,XP,1,HP^ MP^ and XP,1,pVP,1
9109,PVE,1,MMORPG,1,MOBA,1
9112,FPS,1,first person shooter,1,battle arena,1
9115,multiplayer online battle arena,1,action game,1,colosseum,1
9118,amphitheatre,1,ASL,1,JIC,1
9121,KIT,1,LMK,1,NBD,1
9124,OTOH,1,regrading,1,regrading of,1
9127,regrading to,1,regarding of,1,regarding to,1
9130,SOS,1,TBC,1,ta-ta,1
9133,IKR,1,IYKYL,1,IYKYK,1
9136,TBF,1,to be fair,1,WDYM,1
9139,WYA,1,GGWP,1,GLHF,1
9142,gank,1,waxing,1,bait,1
9145,baiter,1,clutch,1,collateral,1
9148,surf,1,pugstar,1,jame,1
9151,jame time,1,nerf,1,CFO,1
9154,CTO,1,PPT,1,SWOT,1
9157,strengths and weaknesses,1,opportunities and threats,1,TGIF,1
9160,BYOD,1,HIIT,1,initensity,1
9163,intensity,1,BMI,1,mass index,1
9166,FOMMO,1,vegan,1,paleo,1
9169,LMBO,1,PLMK,1,SMDH,1
9172,TIA,1,GPS,1,GMT,1
9175,UTC,1,RSVP,1,WiFi,1
9178,wireless fidelity,1,CSS,1,cascading,1
9181,HTML,1,JSON,1,SQL,1
9184,UI,1,UX,1,HTTP,1
9187,MAC,1,URL,1,XXL,1
9190,petite,1,OSFA,1,bust,1
9193,hips,1,inseam,1,outseam,1
9196,circumference,1,armhole,1,collar,1
9199,turtleneck,1,sleeve,1,puff,1
9202,zipper,1,pocket,1,hem,1
9205,placket,1,fly,1,waistband,1
9208,belt loops,1,cuffs,1,label,1
9211,handcuffs,1,seams,1,jogger,1
9214,joggers,1,capris,1,parka,1
9217,raincoat,1,midi dress,1,mini dress,1
9220,thong,1,crop top,1,peasant,1
9223,kimono,1,halter,1,bodysuit,1
9226,pleated,1,harem pants,1,jeggings,1
9229,skinny,1,ripped jeans,1,distressed jeans,1
9232,cropped jeans,1,bootcut,1,capri,1
9235,cargo pants,1,sweatpants,1,outerwear,1
9238,peacoat,1,duffle,1,bomber,1
9241,quilted,1,vest,1,jumpsuit,1
9244,romper,1,palazzo,1,boyish,1
9247,plaid,1,camouflage,1,sequined,1
9250,embroidered,1,crochet,1,patchwork,1
9253,track suit,1,hiking,1,tuxedo,1
9256,tailcoat,1,black tie,1,dinner jacket,1
9259,morning suit,1,evening gown,1,ball gown,1
9262,mermaid dress,1,column dress,1,trumpet dress,1
9265,business suit,1,sports jacket,1,balzer,1
9268,cocktail dress,1,LBD,1,sheath dress,1
9271,wedding suit,1,attire,1,bridal,1
9274,bridal gown,1,maid,1,maid of honor,1
9277,bridesmaid,1,best man,1,groomsman,1
9280,prom dress,1,traditional attire,1,gala,1
9283,gala dress,1,limber,1,straddle,1
9286,tuck,1,somersault,1,front flip,1
9289,back flip,1,lateral,1,handspring,1
9292,spring,1,twisting,1,split,1
9295,side split,1,straddle split,1,front split,1
9298,handstand balance,1,apparatus,1,uneven,1
9301,pommel,1,pommel horse,1,flexed,1
9304,jazz dance,1,contemporary,1,ballroom,1
9307,waltz,1,tango,1,foxtrot,1
9310,latin dance,1,bachata,1,cha-cah,1
9313,cha-cha,1,belly dance,1,folk dance,1
9316,samba,1,cheerleading,1,cheerlead,1
9319,cheerleading suqad,1,cheerleaders,1,refrigerator,1
9322,fridge,1,microwave,1,stove,1
9325,cooker,1,dishwasher,1,juicer,1
9328,kitchen sink,1,sofa,1,coffee talbe,1
9331,relevision,1,television,1,remote contro,1
9334,remote control,1,carpet,1,chandelier,1
9337,floor lamp,1,wall art,1,table lamp,1
9340,washbasin,1,bathtub,1,mouthwash cup,1
9343,mirror,1,brush teeth,1,wash face,1
9346,take a shower,1,comb hair,1,shave,1
9349,apply skincare,1,apply skincare products,1,dryer,1
9352,washing machine,1,trash bin,1,grabage can,1
9355,garbage can,1,cleaning cloth,1,sponge,1
9358,air conditioner,1,fan,1,heater,1
9361,radiator,1,shoe rack,1,doormat,1
9364,dining table,1,dining chair,1,bowl,1
9367,napkin,1,clothes rack,1,drying rack,1
9370,flower pot,1,planter,1,umbrella,1
9373,pruning shears,1,swing,1,keyboard,1
9376,printer,1,filing,1,filing cabinet,1
9379,stationery,1,stapler,1,paperclip,1
9382,coa,1,toy box,1,backpack,1
9385,stuffed animal,1,plush toy,1,building block,1
9388,humidifier,1,dehumidifier,1,electric headter,1
9391,electric heater,1,hair dryer,1,air purifier,1
9394,purifier,1,power outlet,1,socket,1
9397,power strip,1,remote batteries,1,clothes hanger,1
9400,hanger,1,sticky notes,1,glue,1
9403,shopping bag,1,tote bag,1,level,1
9406,electric drill,1,wire brush,1,flashlight,1
9409,table clock,1,standing mirror,1,vase,1
9412,floor mat,1,wall clock,1,wind chime,1
9415,candle holder,1,photo frame,1,decal,1
9418,wall decal,1,projector,1,decorative ligth,1
9421,decorative light,1,storage box,1,basket,1
9424,laundry basket,1,storgae cabinet,1,shoe box,1
9427,drawer,1,file folder,1,storage bag,1
9430,food storage container,1,fridge container,1,shelf organizer,1
9433,softener,1,clothespin,1,robot vacuum,1
9436,trash bag,1,squeegee,1,squeegee mop,1
9439,cleaning spray,1,desk calendar,1,chalkboard,1
9442,barbecue grill,1,sprinkler,1,lawn mower,1
9445,awning,1,folding chair,1,fence,1
9448,fire pit,1,smoke detector,1,monoxide,1
9451,carbon monoxide,1,carbon monoxide detector,1,emergency ligth,1
9454,emergency light,1,fisrt aid kit,1,ait,1
9457,aid,1,security lock,1,steel security door,1
9460,resistant,1,fire-resistant,1,socket cover,1
9463,extension cord,1,plug cover,1,two-prong,1
9466,three-prong plug,1,cautious,1,moderate,1
9469,sober,1,orthodox,1,hidebound,1
9472,die-hard,1,undaring,1,liberal,1
9475,old-line,1,radical,1,forward-thinking,1
9478,neo-conservatism,1,religious,1,traditionalist,1
9481,think tank,1,interest group,1,fiscal,1
9484,conservative party,1,political spectrum,1,labour party,1
9487,exclamation,1,exclamation mark,1,exclamation point,1
9490,at sign,1,hash,1,number sign,1
9493,pound sign,1,dollar sign,1,precent sign,1
9496,ampersand,1,asterisk,1,full stop,1
9499,period or full stop,1,comma,1,semicolon,1
9502,question mark,1,apostrophe,1,quotation mark,1
9505,parenthese,1,parentheses,1,curly,1
9508,curly brackets,1,square brackets,1,angle brackets,1
9511,slash,1,forward slash,1,backslash,1
9514,vertical bar,1,tilde,1,underscore,1
9517,upperscore,1,hyphen,1,em dash,1
9520,en dash,1,emergency department,1,ENT,1
9523,otolaryngology,1,internal medicine,1,cardiology,1
9526,surgery,1,cardiothoracic,1,cardiothoracic surgery,1
9529,pediatrics,1,urology,1,obstetrics,1
9532,gynecology,1,OB,1,GYN,1
9535,ophthalmology,1,dentistry,1,oral surgery,1
9538,maxillofacial,1,oncology,1,rheumatology,1
9541,rediology,1,computed tomography,1,CT,1
9544,tomography,1,laminography,1,MRI,1
9547,magnetic,1,phlebotomy,1,phlebotomy lab,1
9550,clinical laboratory,1,infusion center,1,psychiatry,1
9553,intensive,1,ICU,1,dermatology,1
9556,neurology,1,invasive,1,endocrinology,1
9559,respiratory medicine,1,nephrology,1,hematology,1
9562,infectious,1,geriatrics,1,dietetics,1
9565,occupational,1,occupational health,1,occupational disease,1
9568,sleep medicine,1,palliative,1,palliative care,1
9571,plastic surgery,1,acute care,1,transplantation,1
9574,genetic,1,reproductive,1,fertility clinic,1
9577,trauma center,1,pathology,1,forensic,1
9580,medical records,1,affairs,1,medical affairs,1
9583,nursing departement,1,facilite,1,facilitie,1
9586,facilate,1,housekeeping,1,facilities management,1
9589,EMR,1,supply chain,1,biomedical,1
9592,biomedical engineering,1,clinical engineering,1,ethics committee,1
9595,committee,1,outreach,1,interpretation,1
9598,interpretation service,1,concierge,1,concierge service,1
9601,staples,1,noodles,1,beans,1
9604,green pepper,1,bell pepper,1,mustart,1
9607,mayonnaise,1,coffee beans,1,tea leaves,1
9610,cocoa powder,1,juice concentrate,1,beverage menu,1
9613,waffles,1,scrambled,1,scrambled eggs,1
9616,fruit salad,1,burgers,1,hot dogs,1
9619,spaghetti bolognese,1,fried rice,1,grilled chicken breast,1
9622,soft drinks,1,roast chicken,1,stir-fried noodles,1
9625,pan-seare,1,onion rings,1,chicken nuggets,1
9628,nuggets,1,fruit cups,1,bar,1
9631,chocolate bars,1,desserts,1,desert,1
9634,brownies,1,pudding,1,milk tea,1
9637,sodas,1,vergetarian,1,vegetarian,1
9640,gluten-free,1,halal,1,cater to,1
9643,low-fat,1,low-sugar,1,high-fiber,1
9646,quick packaging and takeaway,1,sushi rolls,1,vegetable rolls,1
9649,miso broth,1,boiled egg,1,green onion,1
9652,toppings,1,cheeseburger,1,beef patty,1
9655,cheddar cheese,1,burger sauce,1,bun,1
9658,idp,1,dips,1,fries and dips,1
9661,minced meat,1,bechamel,1,baguette sandwiches,1
9664,latin american,1,nachos,1,topped with,1
9667,miinced,1,tacos,1,wraps,1
9670,yogurt bowls,1,tartar sauce,1,meat pies,1
9673,cappuccino,1,a sprinkle of,1,sprinkle,1
9676,matcha latte,1,ginger tea,1,soothing,1
9679,soothing tea,1,protein shakes,1,enthusiast,1
9682,fitness enthusiasts,1,blended,1,greek salad,1
9685,feta cheese,1,feta,1,pita,1
9688,kebabs,1,falafel,1,deep-fried,1
9691,chickpea,1,pita bread,1,meza,1
9694,meze,1,grape leaves,1,pad thai,1
9697,sprout,1,crushed,1,crushed peanuts,1
9700,tangy sauce,1,nasi goreng,1,prawn crackers,1
9703,herb-infused,1,thin beef slice,1,glaze,1
9706,smothered,1,bacon bits,1,panini,1
9709,risotto,1,crust pizza,1,prosciutto,1
9712,vegan burger,1,plant-based,1,party,1
9715,milkshakes,1,whipped cream,1,pearls,1
9718,refreshing,1,mocktails,1,lime,1
9721,mint leave,1,mint leaves,1,fresh lime,1
9724,lemonade,1,brewed with,1,petals,1
9727,macchiato,1,twist,1,unique twist,1
9730,ribs,1,Ox,1,Ox Tripe,1
9733,albumen,1,pale red,1,muted,1
9736,vivid,1,light blue^ pale blue^,1,dark red^ deep red,1
9739,resides at,1,corn tortillas,1,grilled chicken,1
9742,tomato sauce,1,refired,1,char siu bao,1
9745,steamed buns,1,steamed dumplings,1,BBQ ribs,1
9748,char-girlled,1,char-grilled,1,char,1
9751,cob,1,brushed with,1,served in,1
9754,coldslaw,1,alfredo,1,sashimi,1
9757,assortment,1,assort,1,mango lassi,1
9760,lassi,1,a touch of,1,garnish,1
9763,garnished,1,garnished with,1,mildly,1
9766,mild,1,cold brew coffee,1,smoothie,1
9769,nutritional,1,blending,1,molten,1
9772,caramel flan,1,flan,1,seared,1
9775,seared in,1,mashed,1,oven-roasted,1
9778,thighs,1,crispy on the outside,1,main dish,1
9781,beef stew,1,flavorful,1,flavourful,1
9784,rock sugar,1,stemed rice,1,steamed rice,1
9787,kung pao chicken,1,diced,1,main course,1
9790,peking duck,1,roasted duck,1,thin pancakes,1
9793,delicacy,1,tonkatsu,1,cutlet,1
9796,bread,1,panko,1,breaded with panko,1
9799,golden crispness,1,accompanied,1,shredded cabbage,1
9802,lamb kebabs,1,kofta,1,groundb,1
9805,meatballs,1,gyro,1,argentinian,1
9808,Brazilian Churrasco,1,Churrasco,1,assorted,1
9811,skewered,1,coarse ssalt,1,coarse salt,1
9814,infused with,1,stuffed chicken,1,steamed broccoli,1
9817,cornbread,1,disparaging,1,obscene,1
9820,objectionable,1,regardless of,1,gender,1
9823,contemptible,1,genital,1,intercourse,1
9826,debated,1,sweet bean sauce,1,shredded pork,1
9829,lettuce wraps,1,sweet savory,1,soul,1
9832,sweet and sour,1,pork tenderloin,1,spicy fried chicken,1
9835,sichuan peppercorns,1,teriyaki chicken,1,perfection,1
9838,golden perfection,1,glazed with,1,gydon,1
9841,simmerec,1,mirin,1,karaage,1
9844,deep-fried to crispy prefectino,1,deep-fried to crispy prefection,1,deep-fried to golden prefection,1
9847,lemon wedges,1,wedges,1,galbi jjim,1
9850,beef short ribs,1,pear puree,1,jujubes,1
9853,gouchujiang,1,gochujaing,1,gochujiang,1
9856,bibimbap,1,basil leaves,1,fried egg,1
9859,tom yum,1,yellow curry,1,simmered in,1
9862,satay,1,peanut sauce,1,rendang,1
9865,bursting,1,bursting with,1,bursting with flavor,1
9868,beef pho,1,vietnamese,1,vermicelli,1
9871,dipping,1,dipping sauce,1,naan,1
9874,naan bread,1,basmati rice,1,tandoori,1
9877,tandoori chicken,1,tandoor,1,chutney,1
9880,curd,1,parastic,1,parasitic,1
9883,lewd,1,Weierstrass,1,dispatch,1
9886,Infrastructure,1,AI Infra,1,MLSys,1
9889,designed for air superiority,1,catapult,1,CATOBAR,1
9892,naval air force,1,gyrfalcon,1,minion,1
9895,catatonic,1,megan,1,cartoon,1
9898,pg cartoon,1,amine,1,tissues,1
9901,irritation,1,stimulate,1,gastric,1
9904,secretions,1,dilates,1,blood cessels,1
9907,blood vessels,1,vessel,1,contracts,1
9910,antagonist,1,agonist,1,atropine,1
9913,hormones,1,hormone,1,cortisol,1
9916,adrenaline,1,norepinephrine,1,acetylcholine,1
9919,glucocorticoids,1,adrenal,1,receptor,1
9922,inhaled,1,budesonide,1,pseudoephedrine,1
9925,mast cell,1,prostaglandins,1,anaphylaxis,1
9928,allergen,1,taichi,1,dantian,1
9931,taijitu,1,yin and yang,1,stillness,1
9934,wuji,1,love without limit,1,shatted,1
9937,shattered,1,desperate,1,desperately,1
9940,figurative,1,jeet kune do,1,JKD,1
9943,grappling,1,immobilization,1,greeting,1
9946,perceptron,1,meteoroid,1,orbital debris,1
9949,parody,1,feuding,1,regarded as,1
9952,archetypal,1,tragic,1,tradition,1
9955,stretching,1,stretching back to,1,antiquity,1
9958,Shakespeare,1,borrow,1,quarto,1
9961,heighten,1,sub-plot,1,embellish,1
9964,praised,1,ascribe,1,adept,1
9967,sonnet,1,opera venues,1,venues,1
9970,restoration,1,english restoration,1,revived,1
9973,indecent,1,omitted,1,realism,1
9976,Elizabethe,1,Elizabethan,1,costumes,1
9979,Elizabeth,1,triumph,1,thou hast,1
9982,thou,1,hast,1,homage,1
9985,owe,1,bard,1,idolatry,1
9988,seminarium,1,monastery,1,convent,1
9991,nunnery,1,buddhist temple,1,intoxicating,1
9994,mellow,1,incense,1,a stick of incense,1
9997,lit it,1,light it,1,coal stove,1
10000,firecracker,1,setting off,1,curved,1
10003,vent pipe,1,vent,1,extend through,1
10006,flue,1,circular opening,1,fuel-burning,1
10009,appliance,1,ventilated,1,buildup,1
10012,ventilate,1,stripping,1,rag-rug,1
10015,doreamon,1,Doraemon,1,grind,1
10018,begets,1,grind hard,1,grind hard and smart,1
10021,extraversion,1,introversion,1,strive,1
10024,inconsistencies,1,refining,1,priority,1
10027,palsy,1,cerebral,1,hopfield,1
10030,poison,1,subordinate,1,retrieve,1
10033,deprecated,1,nystrom,1,affliates,1
10036,affiliates,1,couch potato,1,enchated,1
10039,enchanted,1,enhanced,1,texural,1
10042,textual,1,sentiment,1,Recognizing Textual Entailment,1
10045,decay,1,adhere,1,rententive,1
10048,academician,1,temperate,1,subtropical,1
10051,antarctic,1,polar,1,frigid,1
10054,percentage,1,haber,1,harbor,1
10057,diffusion,1,peek,1,perplexity,1
10060,netherlands,1,frastrating,1,frustrating,1
10063,trick you,1,trick,1,dimmed,1
10066,protanopia,1,deuteranopia,1,tritanopia,1
10069,blanched,1,blanch,1,mapo tofu,1
10072,sichuan cuisine,1,a flavor,1,abundance,1
10075,addictive,1,spicy kick,1,cantonese,1
10078,cantonese cuisine,1,simmering,1,juiciness,1
10081,scallion oil,1,spare,1,spare ribs,1
10084,black bean,1,chopped,1,peppers,1
10087,chili peppers,1,bold,1,bold and spicy flavor,1
10090,yellow beef,1,dongpo pork,1,beggar,1
10093,roe,1,carb,1,crab roe,1
10096,rice rolls,1,rice wine,1,zongzi,1
10099,salted duck egg,1,congee,1,taro,1
10102,corm,1,roasted sweet potato,1,backed sweet potato,1
10105,dried sweet potato,1,sustain,1,hawthorn slice,1
10108,candied,1,hawthorn skewers,1,candied hawthorn skewers,1
10111,whole note,1,half note,1,quarter note,1
10114,eighth note,1,sixteeth note,1,sixteenth note,1
10117,thirty-second note,1,sixty-for note,1,sixty-four note,1
10120,sixty-fourth note,1,dotted note,1,whole rest,1
10123,sheet music,1,Numbered Musical Notation,1,staff notation,1
10126,standard notation,1,full score,1,Orchestral Score,1
10129,Instrumental Part,1,lotus leaves,1,zongzi leaves,1
10132,reed,1,membrane,1,rural China,1
10135,cattail,1,marshes,1,shallow river,1
10138,shallow,1,bulrush,1,cocklebur,1
10141,china jute,1,jute,1,quaters,1
10144,quarters,1,smartweed,1,wild rose,1
10147,kudzu,1,lespedeza,1,wild chrysanthemum,1
10150,water hyacinth,1,hops vine,1,vine,1
10153,cirsium,1,crowfoot,1,crowfoot grass,1
10156,common sowthistle,1,sowthistle,1,crabgrass,1
10159,southern crabgrass,1,japanese hop,1,hop vine,1
10162,climbing hop,1,barnyard,1,barnyard grass,1
10165,pantain,1,puncture,1,puncture vine,1
10168,caltrop,1,fleabane,1,mock strawberry,1
10171,strawberry,1,lambs quarters,1,mugwort,1
10174,red sorrel,1,sorrel,1,wood sorrel,1
10177,foxtail,1,wormwood,1,sweet wormwood,1
10180,qinghao,1,four-leaf clover,1,flaky,1
10183,pastry,1,egg custard,1,a dash of,1
10186,sesmae glutinous rice balls,1,black sesame paste,1,symbolizing,1
10189,unity and togertherness,1,spicy broth,1,ox tripe,1
10192,ox,1,twice-cooked portk,1,twice-cooked pork,1
10195,umami,1,tanin,1,tanins,1
10198,banquet,1,banquet dishes,1,braised prawns,1
10201,crab meat,1,plum sauce,1,springy,1
10204,dip,1,ginger scallion dip,1,hunan cuisine,1
10207,stinky tofu,1,rice noodles,1,impart,1
10210,impartion,1,imparting,1,yellow wine,1
10213,grass carp,1,black carp,1,silver carp,1
10216,bighead carp,1,snakehead fish,1,crucian crap,1
10219,crucian carp,1,pomfret,1,sea bass,1
10222,asian swamp eel,1,pufferfish,1,chinese sturgeon,1
10225,sturgeon,1,paddlefish,1,yellow croaker,1
10228,croaker,1,ribbonfish,1,cutlassfish,1
10231,cutlass,1,spanish mackerel,1,pacific,1
10234,saury,1,pacific suary,1,pacific saury,1
10237,flounder,1,flatfish,1,bluefin tuna,1
10240,great white shark,1,whale,1,whale shark,1
10243,hammerhead shard,1,hammerhead shark,1,tiger shark,1
10246,grouper,1,orca,1,killer whale,1
10249,dorphin,1,mammal,1,mammals,1
10252,sperm whale,1,dolphin,1,blue whale,1
10255,humpback whale,1,manta ray,1,sawfish,1
10258,stringray,1,stingray,1,ocean sunfish,1
10261,giant squid,1,clownfish,1,blue-ringed octopus,1
10264,seahorse,1,sea hare,1,hare,1
10267,sea snail,1,conch,1,lionfish,1
10270,clown,1,angelfish,1,parrotfish,1
10273,butterflyfish,1,sea anemone,1,scallop,1
10276,pearl oyster,1,jellyfish,1,starfish,1
10279,sea star,1,sea urchin,1,urchin,1
10282,stonefish,1,seal,1,sea lion,1
10285,emperor penguin,1,penguini,1,penguin,1
10288,adelie penguin,1,arctic fox,1,pup,1
10291,seal pup,1,arctic hare,1,elephant seal,1
10294,sea otter,1,otter,1,petrel,1
10297,gliding,1,banded krait,1,banded,1
10300,viper,1,bamboo pit,1,pit,1
10303,pit viper,1,viperidae,1,king cobra,1
10306,black mamba,1,burmese,1,prey,1
10309,anaconda,1,conda,1,rat snake,1
10312,red-banded,1,taiwan beauty snake,1,corn snake,1
10315,pedator,1,predator,1,apex,1
10318,apex predator,1,hawks and eagles,1,carnivore,1
10321,stalk,1,deinagkistrodon,1,nightingale,1
10324,partridge,1,egret,1,storm petrel,1
10327,rooster,1,drake,1,quaild,1
10330,peregrine falcon,1,golden eagle,1,hwamei,1
10333,robin,1,warbler,1,cuckoo,1
10336,cormorant,1,pelican,1,ostrich,1
10339,flamingo,1,black swan,1,stork,1
10342,vulture,1,osprey,1,falconf,1
10345,plover,1,vrane,1,emblem,1
10348,national emblem,1,national flag,1,chinese peony,1
10351,chinese rose,1,white peony root,1,ass-hide gelatin,1
10354,gelatin,1,schisandra,1,ophiopogon,1
10357,ophiopogon root,1,wolfberry fruit,1,coat of arms,1
10360,anthem,1,national anthem,1,La Marseillaise,1
10363,pesticide,1,insecticide,1,herbicide,1
10366,fungicide,1,organic fertilizer,1,fermented tofu,1
10369,gloden crust,1,Buddha Jumps Over the,1,luxurious,1
10372,lychee,1,lychee pork,1,appetizing,1
10375,satay sauce,1,satay noodles,1,clay pots,1
10378,nantional level principal,1,president of the state,1,premier of the state,1
10381,deputy,1,national level deputy,1,vice president of the,1
10384,vice premier of the,1,procincial level principal,1,ministerial level principal,1
10387,provincial,1,provincial level principal,1,ministerial,1
10390,ministry,1,governor of province,1,autonomous,1
10393,provincial level deputy,1,ministerial level deputy,1,deputy governor,1
10396,lieutenant governor,1,legislator,1,state legislator,1
10399,senator,1,representative,1,state senator,1
10402,state representative,1,departmental,1,departmental bureau level principal,1
10405,director of department,1,director of bureau,1,prefecture,1
10408,prefecture-level,1,mayor of prefecture-level city,1,departmental bureau level deputy,1
10411,country,1,county section,1,county section level principal,1
10414,magistrate,1,county magistrate,1,township section,1
10417,subdistrict,1,province,1,SAR,1
10420,special administrative region,1,prefeture-level city,1,county-level city,1
10423,autonomous county,1,district,1,township,1
10426,town,1,ethic,1,street office,1
10429,effortlessly,1,lustrous,1,incandescent,1
10432,glimmering,1,polished,1,silken,1
10435,opalescent,1,marbled,1,solemn,1
10438,bliss,1,blissful,1,enigmatic,1
10441,whimsical,1,crystalline,1,boundless,1
10444,untamed,1,fluidly,1,harmoniously,1
10447,languidly,1,airily,1,unhurriedly,1
10450,undoubtedly,1,resolute,1,resolutely,1
10453,solute,1,cease,1,ceaselessly,1
10456,resplendently,1,warmly,1,dreamily,1
10459,profoundly,1,yearningly,1,bluff,1
10462,estuary,1,dune,1,atrium,1
10465,rotunda,1,portico,1,arbor,1
10468,aura,1,reverie,1,zephyr,1
10471,lattice,1,ember,1,arcadian,1
10474,sylvan,1,oceanic,1,nocturnal,1
10477,lamentalbe,1,lamentable,1,jubilant,1
10480,forlorn,1,winsome,1,oeffervescent,1
10483,effervescent,1,dusky,1,chromatic,1
10486,obsidian,1,vermicular,1,zenith,1
10489,nadir,1,horizon,1,undercurrent,1
10492,foothill,1,belfry,1,minaret,1
10495,vestibule,1,eternity,1,solace,1
10498,phantasm,1,inevitability,1,moor,1
10501,en,1,fen,1,dell,1
10504,rill,1,hewlett packard,1,lagoon,1
10507,serenely,1,lovingly,1,exquisitely,1
10510,ephemerally,1,iridescently,1,profusely,1
10513,fervently,1,unwaveringly,1,melodiously,1
10516,ripple,1,glisten,1,sway,1
10519,erode,1,mourn,1,yearn,1
10522,rejoice,1,enverlop,1,envelop,1
10525,radiate,1,refract,1,fleam,1
10528,gleam,1,cradle,1,veil,1
10531,veil of mist,1,eopch,1,elapse,1
10534,versige,1,vestige,1,transience,1
10537,perpetuity,1,enigma,1,abyss,1
10540,obscurity,1,paradox,1,bead,1
10543,cruelty,1,frescoe,1,frescoes,1
10546,deposit,1,prunus,1,confusion,1
10549,tuple,1,冒号,1,escape sequence,1
10552,substantial,1,overlap,1,scalable,1
10555,prologue,1,lethal,1,hello,1
10558,double underscores,1,ascend,1,