1,12-bar blues,1,2024,1,2025,2
4,4th toe,1,a dash of,1,a flavor,1
7,a lack of randomness,1,a pivot,1,a sprinkle of,1
10,a stance of,1,a stick of incense,1,a touch of,1
13,a touch of humer,1,a touch of humor,2,A-Pillar,1
16,abalone,2,abdomen,1,abominable,1
19,Aboriginal Australians,1,Abraham Lincoln,1,Abrams,1
22,abrasion,1,abrasive,2,abrasive paper,1
25,abscissa,1,absolute construction,1,absorb,1
28,abundance,1,abyss,1,abyssal,1
31,AC,2,acacia,1,academic dismissal,1
34,academic subject,1,Academic Terminology,1,academician,1
37,acai,1,acai berry,1,accessories,3
40,accessory,2,accolade,1,accommodate,1
43,accompanied,1,accompany,1,accomplish,1
46,accomplishment,1,accordion,1,acetaminophen,3
49,acetate,1,acetic,1,acetic acid,1
52,acetone,1,acetorphine,1,acetosalicylic acid,2
55,acetylcholine,1,acetylsalicylic,1,acetylsalicylic acid,3
58,acid rain,1,acid reflux,1,acidification,1
61,acinium,1,acne,2,acorn,1
64,acquaintances,1,Acquired Immunodeficiency Syndrome,1,Acropolis,1
67,Acropolis of Athens,1,acrylic,2,acrylic brushes,2
70,ACT,1,actinides,1,actinium,1
73,action art,1,action game,1,Action-Reaction Law,1
76,active noise cancellation,1,actuated,1,actuator,1
79,Acubens,1,acupuncture,1,Acura,1
82,acute,3,acute angle,1,acute care,1
85,acute urticaria,1,AD,1,Ada Lovelace,1
88,adam's apple,1,adamantine,1,adaptation,1
91,adaptive,1,adaptive cruise control,1,addict,1
94,addiction,1,addictive,1,additive,1
97,adelie penguin,1,adept,1,adhere,1
100,adhesive,3,adipose,1,adipose tissue,1
103,adjacent,1,adjective,1,adjectives,1
106,Adjustable Wrench,1,adjustment,1,administration,1
109,administrative,1,administrative personnel,1,admiral,1
112,admire,1,admired,1,admissions,1
115,admissions and examinations,1,adoption,1,adorable,1
118,adrenal,1,adrenaline,1,adularescence,1
121,Advanced Combat Helmet,1,advanced placement exams,2,advection,1
124,adverb,1,adverbial,1,adverbial clause,1
127,advisory,1,adzuki,1,adzuki beans,1
130,aerial,1,aerial vehicle,1,aeronautics,1
133,aerospace,1,aerospace capabilities,2,aesthetic,1
136,aesthetics,1,AFAIK,1,affair,2
139,affairs,1,affection,2,affication,1
142,affiliate,1,affiliated,1,affiliates,1
145,affiliation,1,affiliations,1,affilicated,1
148,affilite,1,affine,1,affine transform,1
151,affirming,1,affliates,1,affordable,1
154,Afghanistan,1,aficionado,1,AFK,1
157,Africa,1,african,1,after-school programs,1
160,afterburner,1,agate,1,age structure,1
163,agency,2,agonist,1,agricultural,1
166,agriculture,3,AI Infra,1,aid,1
169,AIDS,1,air conditioner,1,Air Conditioning,1
172,Air Conditioning Refrigerant,1,air fresheners,1,air fryer,1
175,air mattress,1,air pollution,2,air purifier,1
178,air warfare,1,air warfare equipment,1,airbags,1
181,airbases,1,aircraft carrier,1,airily,1
184,airport,1,airports and ports,1,aisance,1
187,ait,1,AK-47,1,ALA,1
190,alabaster,2,Alan Turing,1,alanine,1
193,alas,1,albert einsein,1,albert einstein,1
196,Albert Einstein,1,albumen,1,Albus Dumbledore,1
199,alchemist,1,alchemistry,1,alchemy,1
202,alcohol,1,alcoholic,1,alcohols,1
205,alcove,1,alcubierre,1,alcubierre drive,1
208,Aldebaran,2,aldehydes,1,ale,1
211,Alexander Fleming,1,Alexander the Great,1,alfalfa,1
214,alfred nobel,1,alfredo,1,algebra,2
217,alien,1,alienating,1,alkali,2
220,alkali metal,2,alkalies,1,alkaline,2
223,alkaline earth metal,2,all in all,1,all purpose cleaner,2
226,Allah,1,allegedly,1,allen,1
229,Allen Wrench,1,allergen,1,allergens,1
232,allergic,2,allergic rhinitis,1,allergies,2
235,allergy,3,allergy-resistant,1,alley,1
238,allium,1,allosaurus,1,allowance,1
241,allspice,1,alluvial,1,alluvial fan,1
244,almandine,1,almond,2,almonds,3
247,Alnilam,1,Alnitak,1,aloe vera,2
250,Alohomora,1,alpha,1,alpha centauri,1
253,Alpha Centauri,1,Alpherg,1,alpinia,1
256,Alps,1,Altair,1,altar,1
259,altera,1,alteration,1,altitude,1
262,alto,1,altocumulus,1,altostratus,1
265,altruism,1,alum,1,aluminium,2
268,aluminum,1,aluminum sulfate,1,alumni,1
271,alunite,1,AMA,1,Amazon Rainforest,2
274,Amazon River,1,amber,2,ambient,1
277,ambient lighting,1,ambitions,1,ambulance,1
280,ambulance station,1,amchur,1,american cockroach,1
283,american football,1,americium,1,amethyst,1
286,amine,1,amino,1,amino acid,1
289,amlodipine,1,ammonia,1,ammonites,1
292,ammonium nitrate,2,ammunition,2,amoxicillin,4
295,Amoxicillin,1,ampersand,1,amphetamine,1
298,amphibians,1,amphibious,1,amphibious assault ship,1
301,amphitheatre,1,amplitude,1,amuse,1
304,amusement,1,amusement park,1,Anabaptism,1
307,anaconda,1,analytic geometry,1,anaphylaxis,1
310,anatomical,1,ANC,1,ancestral,1
313,ancestral home,1,anchor bolt,1,Andes,1
316,andesite,1,andromeda,1,Andromeda,1
319,Andromedids,1,anemometer,1,anemone,2
322,anesthesia,1,anesthetics,1,angelfish,1
325,angle,1,angle bisector,1,angle brackets,1
328,angle of depression,1,angle of elevation,1,anglo-saxons,1
331,angular momentum,2,angular velocity,1,animated,1
334,anion,1,anionic,1,anise,1
337,ankle,4,ankle boots,1,ankle socks,1
340,ankylosaurus,1,anna sui,1,annihilation,1
343,Anno Domini,1,annua,1,anole,1
346,anomalocaris,1,antacid,1,antagonist,1
349,Antarctic,1,antarctic,1,Antarctic Ice Sheet,1
352,Antares,2,anthem,1,anthracite,1
355,anti-allergy,1,anti-diarrheal,1,anti-inflammatory,1
358,anti-narcotics,1,anti-narcotics police,1,anti-personnel mines,1
361,anti-tank mines,1,antibiotic,1,antibiotics,4
364,antibody,1,anticipate,1,anticipated,2
367,anticline,1,antidepressants,1,antifeminist,1
370,antifreeze,2,antifungal,1,antigen,1
373,antihistamine,3,antihistamines,1,antimalarial,1
376,antimalarial drug,1,antimatter,1,antimicrobial,1
379,antimony,1,antioxidants,1,antiquity,1
382,Antiretroviral Therapy,1,antler,1,anus,1
385,anvil,1,anvil cloud,1,anxiety disorder,1
388,aorta,1,AP shell,1,apache,2
391,apatite,1,apatosaurus,1,APC,1
394,aperitive,1,apertif,1,apertif wine,1
397,aperture,1,apex,1,apex predator,1
400,aphthous ulcer,1,apostle,1,apostrophe,1
403,apparatus,1,appeal,2,appendix,2
406,appetite,1,appetizer,2,appetizing,1
409,apple cider,1,apple cider vinegar,1,appliance,1
412,Applied Sciences,1,apply skincare,1,apply skincare products,1
415,appoint,1,appointment,1,appraisal,1
418,appraise,1,appreciate,2,appreciation,1
421,apprentice,1,approval,1,apricot,1
424,apricots,1,April Fool's Day,1,apron,2
427,aptitude,1,aqua,1,aquadom,1
430,aquamarine,1,Aquarius,1,aquatic,1
433,Aquila,1,AR,1,Arabian Desert,1
436,arabs,1,arbor,1,arcade,2
439,arcadian,1,arch,3,archaic,1
442,archean eon,1,archetypal,1,Archimedes,1
445,Archimedes of Syracuse,2,Arctic,2,arctic,2
448,arctic fox,1,arctic hare,1,Arctic Ocean,1
451,Arcturus,1,ardently,2,arder,1
454,arena,2,argentinian,1,argentum,1
457,arginine,1,argon,1,arial,1
460,Aries,1,Aristotle,2,Arithmacy,1
463,Arithmancy,1,arithmetic mean,1,arithmetic progression,1
466,arithmetic sequence,1,arithmetic series,1,arleigh,1
469,arleigh burke,1,armani,1,armchair,1
472,Armenians,1,armhole,1,armor,1
475,armor-piercing shell,1,armored,1,armored corps,2
478,armored personnel carrier,1,armorer,1,armour,1
481,armpit,2,army,1,army^ navy^ air force,1
484,aroma,6,aroma system,1,aromatic,4
487,arrange,1,arrange from,2,arrangement,1
490,arranger,1,array,1,arrogance,1
493,arsenic,2,artemisia,2,artemisinin,1
496,artery,2,arthal,1,arthals,1
499,arthritis,2,arthropleura,1,arthrosynovitis,1
502,articulation,1,artificial,1,Artificial Intelligence Infrastructure,2
505,Artificial Tears,1,artillery,3,artillery shell,1
508,artistic director,1,artistic swimming,1,arugula,1
511,aryans,1,asafetida,1,asafoetida,1
514,ASAP,1,ascend,1,ascorbic,1
517,ascorbic acid,1,ascribe,1,asethetic,1
520,ash,1,Asia,1,asian swamp eel,1
523,ask me anything,1,ASL,1,asparagine,1
526,asparagus,2,asparagus fern,1,aspartic acid,1
529,aspen,1,asperatus,1,Aspirated,1
532,aspirin,5,ass off,1,ass-hide gelatin,1
535,assault,1,assault ship,1,assembly,1
538,assessment,1,assignment,1,association,1
541,assort,1,assorted,1,assortment,1
544,assumption,1,assurance,1,astatine,1
547,asterisk,1,asterism,1,asteroid,2
550,asteroid belt,1,asthma,2,astragali,1
553,astral,2,astronauts,1,astronomers,1
556,astronomical,1,astronomical phenomena,1,astronomical telescope,1
559,Astronomy,1,Astronomy Tower,1,astrophysics,1
562,asylum,1,asymptote,2,asynchronous,1
565,at sign,1,ATC,1,ATF,1
568,ATGM,1,atheist,1,Athens,1
571,athletic,1,athletic shoes,1,atlantic,1
574,Atlantic,1,Atlantic Ocean,1,Atlantis,2
577,ATM,2,atmosphere,2,atmospheric escape,1
580,atoll,1,atorvastatin,1,atrium,1
583,atropine,1,attendance,1,Attendance without Graduation,2
586,attire,1,attitude,1,attorney,1
589,attractivae,1,attractive,1,attributive,1
592,attributive clause,1,attrition,1,atypicality,1
595,aucklan,1,aucklan dia,1,Audi,1
598,audit,2,auditorium,1,aura,1
601,aureate,1,Auriga,1,aurora,3
604,Aurora Australis,1,Aurora Borealis,2,aurum,1
607,austere,1,Austral,1,austral,1
610,Australia,1,australis,1,Austria,1
613,auto-dimming rearview mirror,1,autoimmune,1,automated parking,1
616,automatic emergency braking,1,autonomous,1,autonomous county,1
619,autonomous region,2,auxiliary,1,ava,1
622,Avada Kedavra,1,aviation,3,Aviation,1
625,Aviation Industry Corporation of,1,Aviation Turbine Fuel,1,avionics,1
628,avocado,2,avocado oil,1,avocados,1
631,Avtomat Kalashnikova,2,awning,1,axial tilt,1
634,axiom,2,azelastine,1,azhdarchid,1
637,azide,1,azithromycin,2,Azkaban,1
640,Azuki,1,Azuki Bean Paste,1,azure,3
643,azure bluet,2,azurite,1,B Vitamins,1
646,B-Pillar,1,ba,1,BA and BS degree,1
649,babe,1,baby bellas,2,baby's breath,1
652,baccalaureate,1,bachata,1,bachelor,2
655,Bachelor of Arts,1,Bachelor of Science,1,Bachelor's Button,1
658,Bachelor's Degree,1,back flip,1,back of the hand,1
661,back paini,1,back-to-school night,1,backboard,1
664,backed goods,2,backed sweet potato,1,backing vocalist,1
667,backlog,1,backpack,1,backslash,1
670,backup camera,1,bacon,2,bacon bits,1
673,bad breath,1,badlands,1,badminton racquet,1
676,bagman,1,baguette,3,baguette sandwiches,1
679,bait,1,baiter,1,baked goods,1
682,baking sheet,1,baking soda,1,balcony,4
685,bald eagle,2,Bali,1,ball gown,1
688,ball lightning,1,ball peen,1,ballet,4
691,ballet flats,1,ballistic,2,ballistic missile,1
694,balloon,1,balloon flower,1,ballpoint,1
697,ballpoint pens,1,ballroom,1,balm,3
700,balsam,1,balsamic,2,balsamic vinegar,1
703,baltic,1,baltic peoples,1,balzer,1
706,bamboo mattress pad,2,bamboo pit,1,bamboo rayon,1
709,bamboo steamer,1,bamboo worm,1,band,1
712,band and choir,1,banded,1,banded krait,1
715,bandwagon,1,Bang & Olufsen,1,banger,1
718,bangs,1,banjo,1,bankrupt,1
721,banned from,1,banner,2,banner pattern,2
724,banquet,1,banquet dishes,1,banshee,1
727,bao,1,baobab,1,baozi,2
730,baozza,1,bar,1,bar and pub,1
733,bar stool,1,barbecue grill,1,barbeue,1
736,barchan,1,bard,1,barite,1
739,baritone,1,barium,1,barium sulfate,1
742,bark,2,barley,3,Barley Malt,1
745,barn,2,barn owl,1,barn swallow,1
748,barnyard,1,barnyard grass,1,barometer,1
751,baron,2,baroness,1,baronet,1
754,baronetess,1,bars,1,bars^ beam and vault,1
757,bart,1,baru nuts,1,basalt,4
760,base makeup,1,baseball cap,1,bases,1
763,basic copper carbonate,1,basil,3,basil leaves,1
766,basilisk,2,basin,3,basket,1
769,basmati rice,1,bass,3,bass clarinet,1
772,bass clef,1,bass drum,1,bass guitar,1
775,basses,1,bassist,1,bassoons,1
778,baste,1,basting,1,basting brush,1
781,bastion,2,bath mats,1,bath towels,1
784,bathing suit,1,bathrobe,1,bathroom cleaner,1
787,bathtub,1,batteries,1,battle arena,1
790,battleship,1,bauxite,1,baw,1
793,bawu,1,bay,1,Bay,1
796,bay leaves,1,Bayerische Motoren Werke,1,bbq grill,2
799,BBQ Pork Bun,1,BBQ ribs,1,BCD,1
802,BCE,1,be flattered to,1,bead,1
805,beam balance,1,beam balance^ scale and,1,bean bag,1
808,bean bag chair,1,bean paste,2,bean sauce,2
811,bean sprouts,2,beanie,1,beans,1
814,bear,1,bear paw,1,Beater,1
817,beauty blendeer,1,beauty blender,1,bechamel,1
820,bed bug,1,bed cover,1,bed guard,1
823,bed linens,1,bed rail,1,bed sheet,2
826,bedding,2,bedpan,1,bedside table,2
829,bedspread,2,bee pollen,1,bee stings,1
832,beech,1,beef bouillon,1,beef chunks,2
835,beef jerky,1,beef patty,1,beef pho,1
838,beef short ribs,1,beef stew,1,beehive,1
841,beer,1,beet,1,beet greens,1
844,beetle,1,beetles,2,beetroot,1
847,beets,2,begets,1,beggar,1
850,begonia,1,beige,1,belfry,1
853,Belgium,1,bell pepper,1,bell peppers,1
856,bellas,1,Bellatrix,1,belly,6
859,belly boiled,2,belly button,1,belly dance,1
862,belt,2,belt loops,1,benches,1
865,benchmark assessment,2,beneath,1,Benjamin Franklin,1
868,bent,2,benzene,2,berberine,2
871,beretta,1,Bering Strait,1,berkelium,1
874,Bernhard Riemann,1,berries,3,bert,1
877,beryl,1,beryllium,1,best man,1
880,beta,1,betelgeuse,1,Betelgeuse,2
883,betray,1,beverage,3,beverage menu,1
886,beverages,2,bezel,1,BFF,1
889,bianzhong,1,bibimbap,1,bicarbonate,1
892,biceps,1,big bang,1,Big Dipper,1
895,big toe,1,bighead carp,1,bikini,1
898,bile,1,Bill Gates,1,binders,1
901,biodiesel,1,biodiversity,2,biography,1
904,Biological Protection Gear,1,biology,2,Biology,1
907,biomedical,1,biomedical engineering,1,biosphere,1
910,biotics,1,Biotin,1,biotin,1
913,biotite,1,birch,1,bird flu,1
916,bird's nest,1,birth rate,1,birthstones,1
919,birthwort,1,biscuit,2,biscuit jar,1
922,bismuth,2,bismuth subsalicylate,1,bituminous,1
925,bituminous coal,1,biwa,1,bizarre,1
928,black apron,1,black bean,1,black beans,1
931,black bear,1,black belt,1,black carp,1
934,black cattle,1,black hawk,1,black hole,1
937,black ink,1,black mamba,1,black nylons,1
940,black pepper,1,black powder,1,black sesame paste,1
943,black swan,1,black tea,1,black tie,1
946,black truffle,2,black widow,1,blackberries,1
949,blackbird,2,blacksmith,2,bladder,4
952,blade,1,Blaise Pascal,1,blanch,1
955,blanched,1,blankets,2,blast furnace,1
958,blasting cap,1,blazer,3,bleach,2
961,bleeding gums,1,blend,2,blend of,2
964,blended,1,blender,2,blending,1
967,blends,2,blens,1,blinds,1
970,blip,1,bliss,1,blissful,1
973,blister,1,blizzard,1,blonde,1
976,blood cessels,1,blood vessels,1,Bloody Mary,1
979,bloom,2,blossom,2,Blotts,1
982,blouse,3,blowing gum,1,blown away,1
985,Bludger,1,Blue Cheese,1,blue harp,1
988,blue notes,1,blue whale,1,blue-ringed octopus,1
991,blueberries,1,bluefin tuna,1,blueshift,1
994,bluet,1,bluff,1,blurred,1
997,blurred vision,1,blush,2,BMI,1
1000,BMW,1,bo,1,boar,1
1003,board a flight,1,boardshorts,1,Bobbi,1
1006,bobby,1,bobby-trapped,1,Body Armor,1
1009,body board,1,body wash,1,BodyArmor,1
1012,bodysuit,1,Bohai Bay,1,Bohai Sea,1
1015,bohrium,1,boiled dumpling,1,boiled egg,1
1018,boiler,1,bold,1,bold and spicy flavor,1
1021,boldness,3,Bolsheviks,1,bolster,1
1024,bolt,1,bolt and nut,1,bolter,1
1027,bomb,1,bomber,1,Bombing,1
1030,bongos,1,bonjour,1,bonne,1
1033,bonne nuit,1,bonsoir,1,boo,1
1036,bookcase,1,bookshelf,2,bookshop,1
1039,bookstore,1,boomerang,1,bootcut,1
1042,Bootes,1,borax,1,Bordeaux,1
1045,bore,1,boreal,3,Borealis,1
1048,borealis,1,boric acid,1,borne,1
1051,borneol,1,boron,1,borrow,1
1054,Bose,1,bottle,1,bouillon,2
1057,bouncing,1,boundless,1,bouquet,2
1060,boutique,2,bow and arrow,1,bow shock,1
1063,bowel,1,bower,1,bowl,1
1066,boxer briefs,1,boxers,2,boxes and loges,1
1069,boxing,1,boxing day,1,boyish,1
1072,bra,1,braces,2,brachiopods,1
1075,brachiosaurus,1,Bradley,1,Brahmanism,1
1078,Brahminism,1,brail nuts,1,braised,2
1081,braised port belly,2,braised prawns,1,brake fluid,1
1084,brands,1,brandy,1,braoness,1
1087,brass,1,brass section,1,bravo,1
1090,Brazilian Churrasco,1,BRB,1,bread,1
1093,breaded with,2,breaded with panko,1,breast,1
1096,breast cancer,1,breathtaking,1,breathtakingly,1
1099,breed,3,breed registry,1,breeze,1
1102,brew,3,brewed,2,brewed into,2
1105,brewed with,1,brewing,1,brewing stand,1
1108,Brian Kernighan,1,bridal,1,bridal gown,1
1111,bridesmaid,1,Bridgestone,1,bridle,1
1114,Brie,1,brie,1,Brie Cheese,1
1117,briefs,2,brigadier,2,brigadier general,1
1120,bright,1,British Museum,1,broccoli,3
1123,broil,1,bromine,1,bronchial,1
1126,bronchial tube,1,bronchitis,2,bronde,1
1129,brontosaurus,1,bronze,2,bronze ware,1
1132,bronzer,1,brook,2,brooks,1
1135,broom,2,broomstick,1,broth,5
1138,brotherhood,1,brow,1,brow makeup,1
1141,browing,1,browings,1,brown bear,1
1144,brown rice,1,brown sugar,1,brownies,1
1147,bruise,1,brush,2,brush pen,1
1150,brush teeth,1,brushed with,1,brushes,1
1153,bruting,1,bryozoans,1,BTW,1
1156,bubble tea,2,bucket,1,bucket hat,1
1159,buckwheat,1,buckwheat hull,1,buckwheat pillow,1
1162,Budapest,1,Buddha,1,Buddha Jumps Over the,1
1165,Buddhism,1,buddhist temple,1,buddyfight,1
1168,budesonide,1,budgerigar,1,buff,1
1171,buffet,1,building block,1,buildplates,1
1174,buildup,1,bulb,1,bulgur,1
1177,bullet,1,bullfrog,2,bulrush,1
1180,bumble,1,bumblebee,1,Bun,1
1183,bun,1,buoyancy,1,buoyancy compensator device,1
1186,bureau,4,bureaucracy,1,burger sauce,1
1189,burgers,1,Burgundy,1,Burj Khalifa,1
1192,Burma,1,burmese,1,burn,1
1195,burn out,1,burning glass,1,burnt,1
1198,burnt cake,3,burnt flatbread,1,burrito,2
1201,burritos,2,Burrow,1,bursting,1
1204,bursting with,1,bursting with flavor,1,bus stop,1
1207,business suit,1,bust,1,butcher,1
1210,butte,1,butter,1,butterflyfish,1
1213,buttes,1,buttock,1,buttocks,2
1216,button mushrooms,1,Buzz Aldrin,1,buzzard,1
1219,BYOD,1,C4,1,cabbage,3
1222,cabinet,5,Cable-actuated Disc Brakes,1,cabochon,1
1225,cactus,1,cadbury,1,cadence,1
1228,Cadillac,1,cadmium,1,caesium,1
1231,caffein,1,caffeinated,1,caffeine,2
1234,Cairo,1,calcite,3,Calcium,1
1237,calcium,1,calcium carbonate,1,calcium chloride,1
1240,calcium fluoride,1,calcium gluconate,1,calcium hydroxide,1
1243,calcium supplement,1,calculus,2,calendar,1
1246,calf,5,calf raise,1,calibrated,1
1249,califonium,1,californium,1,caliper,2
1252,caliper brakes,1,calligraphic,1,calligraphy,1
1255,calligraphy ink,1,Callisto,1,calore,1
1258,calori,1,calorie,1,caltrop,1
1261,calves,1,calvin,2,Calvinism,1
1264,calymene,1,camaraderie,1,cambrian,1
1267,cambrian period,2,Camelopardalis,1,camouflage,1
1270,camphor,2,can opener,1,canada goose,1
1273,canal,1,canary,3,cancer,1
1276,Cancer,1,candid,1,candidate,2
1279,candidd,1,candied,1,candied hawthorn skewers,1
1282,candle holder,1,canellini beans,1,canine,1
1285,canine teeth,1,Canis Major,1,Canis Minor,1
1288,canister,1,canker,1,canker sore,2
1291,cannabis,1,cannellini,1,canola,1
1294,canola oil,1,Canopus,1,canopy,2
1297,cantonese,1,cantonese cuisine,1,canvas,3
1300,canyon,1,cap,1,capabilities,1
1303,Capella,2,capers,1,capillaries,1
1306,capital gains,1,capitol,1,cappuccino,1
1309,capri,1,Capricornus,1,capris,1
1312,Capstone,1,capstone project,1,capsule,1
1315,capsules,1,captain,1,Captain Nemo,1
1318,car brands,1,car rental,1,caramel,5
1321,caramel flan,1,caramelized,2,caramelized crust,2
1324,carat,1,caraway,1,carb,1
1327,carb roe,2,carbine,1,carbohydrates,2
1330,carbon,1,carbon cycle,1,carbon dioxide,1
1333,carbon footprint,1,carbon ink,1,carbon monoxide,1
1336,carbon monoxide detector,1,carbonate,3,Carbonated,1
1339,carboniferous,1,cardamom,1,cardigan,3
1342,cardiology,1,cardiothoracic,1,cardiothoracic surgery,1
1345,cardiovascular,1,cardiovascular medications,2,cardstock,1
1348,caregiver,1,caressing,1,caret,2
1351,cargo pants,1,Carina,1,Carl Friedrich Gauss,1
1354,carmine,1,carnation,2,carnivoran,1
1357,carnivore,1,carp,2,carpenter,1
1360,carpet,1,carrots,1,cartels,1
1363,cartesian,1,cartidge,1,cartographer,1
1366,cartography,1,cartoon,1,cartridge,2
1369,Cartridge,1,cartridge case,1,cartridges,1
1372,carving,1,casanova,1,cascade,2
1375,cascading,1,casein,1,cashew,1
1378,cashews,2,cashmere,1,casing,1
1381,casserole,2,casserole dish,1,Cassiopeia,1
1384,Castor,1,casual,1,Cat Aficionado Association,1
1387,cat dander,2,Cat Fanciers Association,1,cat hair,1
1390,cat's eye,1,catapult,1,cataract,2
1393,catatonic,1,categories,1,cater to,1
1396,caterpillar,1,caterpillar fungus,1,catfish,2
1399,Cathedral,1,Catholic,1,Catholicism,2
1402,cation,1,cationic,1,CATOBAR,1
1405,cattail,1,cattle,1,Cattle,1
1408,cattle and cows,2,cattle^ cow^ bull and,1,caucasian,2
1411,caucasoid race,1,Cauchy,1,Cauldron,1
1414,cauldron,1,cauliflower,2,caulk,1
1417,cault,1,causal,1,cautious,1
1420,cavalry,2,caviar,1,cavie,1
1423,cavities,1,cayenne,1,cayenne pepper,1
1426,CE,1,cease,1,ceasefire,1
1429,ceaseless,2,ceaselessly,1,cedar,1
1432,cefaclor,1,cefixime,3,cefixime capsules,1
1435,cefpodoxime,1,cefuroxime,1,celadon,1
1438,celerity,1,celery,2,celestial,3
1441,cellos,1,cellulose,1,celsius,1
1444,celtic peoples,1,celts,1,cement,1
1447,cementation,1,cenment,1,cenozoic,1
1450,cenozoic era,1,census,1,centaru,1
1453,centaur,1,Centaurus,1,center console,1
1456,center stack,1,centipede,1,central nerve system,1
1459,centrifugal,1,centrifugal force,1,centripetal,1
1462,centripetal force,1,cephalexin,2,Cepheus,1
1465,ceramic,1,ceramic braces,1,cereal,1
1468,cerebral,1,cerium,1,cerulean,1
1471,cetirizine,2,cetirizine hydrochloride,1,CFO,1
1474,cha-cah,1,cha-cha,1,chai,1
1477,chai tea,1,chainmail,1,chaise,1
1480,chaise longue,1,chalcopyrite,1,chalkboard,1
1483,chameleon,1,chamomile,2,champagne,2
1486,champion,1,championed,1,chandelier,1
1489,chanel,1,chanterelle,1,chanterelle mushrooms,2
1492,chaos,1,chaos theory,1,chapel,1
1495,chaplain,1,char,1,char siu,2
1498,Char Siu Bao,1,char siu bao,1,char-girlled,1
1501,char-grilled,1,character traits,1,charcoal,2
1504,chard,1,charge density,1,charitable,1
1507,Charles Darwin,1,Chaser,1,chateau,1
1510,chatoyancy,1,cheddar,2,Cheddar Cheese,1
1513,cheddar cheese,1,chee,1,cheeba,1
1516,cheek,1,cheerful,1,cheerlead,1
1519,cheerleaders,1,cheerleading,1,cheerleading suqad,1
1522,cheese,1,cheese plant,1,cheese puffs,1
1525,cheeseburger,1,chemical fertilizer,1,Chemical Protection Gear,1
1528,chemistry,1,Chemistry,1,chemotherapy,1
1531,Chengdu Aerospace Corporation,2,cherished,1,cherries,1
1534,cherry grove,2,chess club,1,chesseballs,1
1537,chestnut,1,chestnuts,1,Chevrolet,1
1540,Chevy,1,chewy,2,chi,1
1543,chia,1,chia seeds,1,chiba,1
1546,chiba shop,1,chic,1,chick,1
1549,chicken bouillon,2,chicken breast,1,chicken couillon,1
1552,chicken nuggets,1,chicken powder,1,chicken stock cubes,1
1555,chicken thighs,1,Chicken^ Hen^ Rooster and,2,chickpea,1
1558,chickpeas,2,chiffon,1,chilblains,1
1561,childish,1,chili,5,chili paste,2
1564,chili peppers,1,chili powder,4,chili sauces,1
1567,chilies,3,chill,1,chime,2
1570,chime bells,1,chimichurri,2,chin,2
1573,china jute,1,china rose,1,chinatown,1
1576,Chinese Arborvitae,1,Chinese Breads,1,Chinese brush,1
1579,Chinese Crispy Flatbread,1,chinese duck,1,Chinese Firecake,1
1582,Chinese Flower Pepper,2,chinese flute,1,Chinese Herbal Medicines,1
1585,Chinese Li Hua,1,chinese lute,1,chinese noodles,1
1588,Chinese Pancackes,1,Chinese Pancakes,1,chinese parasol tree,1
1591,Chinese Parsley,1,chinese peony,1,chinese rose,1
1594,chinese sturgeon,1,Chinese Valentine's Day,1,chinos,2
1597,chirping,1,chisel,1,chiseled,3
1600,chloramphenicol,2,chloride,1,chlorine,2
1603,chloroquine,1,chocolate bars,1,choir,2
1606,cholera,1,cholesterol,2,cholinergic,1
1609,cholinergic ueticaria,2,cholinergic urticaria,1,chongyang festival,1
1612,chopped,1,chopped chili peppers,2,chops,1
1615,chopsticks,3,choreography,2,chorus,2
1618,Christian,1,Christian Era,1,Christianity,1
1621,christmas,1,Christmas Eve,1,christmassy,1
1624,Christopher Columbus,1,chromatic,1,chromium,3
1627,chromosphere,1,chronic,2,chronology,1
1630,Chronology Protection Conjecture,1,chrysanthemum,2,chum,1
1633,church,2,churning,1,churning out,1
1636,Churrasco,1,chutney,1,chutoro,1
1639,cichorium,1,cider,4,cilantro,3
1642,cinchona,1,cinchona bark,2,cinema,2
1645,cinima,1,cinnabar,2,cinnamon,4
1648,cinnamon sticks,1,ciprofloxacin,1,circular,1
1651,circular opening,1,circular orbit,1,circumference,1
1654,cirrhosis,1,cirrocumulus,1,cirrostratus,1
1657,cirrus,1,cirsium,1,citizenship,1
1660,citric,1,citric acid,2,citrulline,1
1663,citrus,1,city hall,1,civics,1
1666,clam,1,clams,1,clang,1
1669,clarified,1,clarified butter,1,clarinet,1
1672,clarinets,1,clarithromycin,1,Clarithromycin,1
1675,claritin,1,classic,1,classical,1
1678,Classical Electromagnetism,1,Classical Mechanics,1,classical physics,1
1681,clauses,1,claw,1,claw hammer,1
1684,claws,1,clay,1,clay pots,1
1687,cleaning cloth,1,cleaning dupplies,1,cleaning spray,1
1690,cleaning supplies,1,cleanser,1,clear sky,1
1693,clearance,1,cleats,1,cleavage,2
1696,clef,1,clergyman,1,cleric,1
1699,cliff,1,climate change,1,climbing hop,1
1702,clindamycin,1,cline,1,clinic,2
1705,clinical,3,clinical engineering,1,clinical laboratory,1
1708,cloak,1,cloal,1,cloister,2
1711,clory,1,closet,2,clothes hanger,1
1714,clothes moth,1,clothes rack,1,clothespin,1
1717,cloud cover,1,clover,2,cloves,3
1720,clown,1,clownfish,1,clump,1
1723,clutch,1,clutter,1,clycine,1
1726,CMB,1,CME,1,Co. Ltd,1
1729,coa,1,coal stove,1,coalbed,1
1732,coarse,1,coarse cereals,2,coarse salt,1
1735,coarse sea salt,1,coarse ssalt,1,coaster,1
1738,coaster brakes,1,coat,2,coat of arms,1
1741,coat rack,1,coated,2,coated in,2
1744,coated tongue,1,coated with,2,coating,1
1747,cob,1,cobalamin,1,cobalt,4
1750,cobra,2,coca-cola,1,cocaine,1
1753,cockatoo,1,cocklebur,1,cockroach,2
1756,cocktail,1,cocktail dress,1,cocoa,2
1759,cocoa beans,1,cocoa powder,1,coconut,2
1762,coconut rice,2,coconut water,1,cod,1
1765,coelacanth,1,coexist,1,coffee beans,1
1768,coffee mug,1,coffee pot,1,coffee table,2
1771,coffee talbe,1,coin flip,1,coin toss,1
1774,coking coal,1,Cola,1,colander,1
1777,cold,1,cold brew,1,cold brew coffee,1
1780,cold front,1,cold snap,1,cold sore,1
1783,cold-brewed,2,coldslaw,1,coleslaw,2
1786,collaboration,1,collapse,1,collar,1
1789,collard,1,collard greens,1,collateral,1
1792,college building,1,college cuilding,1,college entrance exam,1
1795,collision,2,Colloquial,2,Colloquial Expressions,1
1798,Colloquial language,1,Colloquialisms,1,colon,3
1801,colonel,2,colonial,1,colonialism,1
1804,colored pencils,1,Colosseum,2,colosseum,1
1807,column dress,1,coma,1,comb hair,1
1810,Combat Knife,1,combat support,1,Combination Wrench,1
1813,come alive with,1,come up,1,comedian,1
1816,comedy,2,comet,1,comet halley,1
1819,comet nucleus,1,comet tail,1,comforter,3
1822,comma,1,commander,1,commencement,1
1825,commencement ceremony,1,commendable,1,commentary,1
1828,commercial,1,commisoned,1,commiss,1
1831,commisse,1,commission,1,commissioned,1
1834,commissoned,1,committee,1,common cold,1
1837,common compounds,2,common conditions,1,common divisor,1
1840,common era,1,Common Era,1,common factor,1
1843,common language,1,common nails,1,common sowthistle,1
1846,communism,1,communist,1,community center,1
1849,community ecology,1,compaction,1,Company Limited,1
1852,compass,2,compasses,1,compassion,1
1855,compassionate,1,compensator,1,compete with,1
1858,competition,1,competitive exclusion principle,1,complement,1
1861,completion,1,complicated,1,comply,1
1864,composed,1,composite,1,composition,1
1867,composition books,1,compost,1,composter,1
1870,compound,2,compound aucklan dia and,1,compound fracture,1
1873,comprehension,1,Comprehensive Exam,1,Compressed Natural Gas,1
1876,computed tomography,1,concave lens,1,conceal,1
1879,concealer,1,conceit,1,conceive,2
1882,conception,2,conceptualism,1,concertmaster,1
1885,concession,1,concession stand,1,conch,1
1888,conchoidal,1,concierge,1,concierge service,1
1891,concrete,1,concurrent,1,concyclic,1
1894,conda,1,condensed,1,condensed milk,1
1897,condiments,3,conditionally essential amino acids,1,conditioner,1
1900,condradiction,1,conductor,1,conduit,1
1903,condult,1,conferment,1,conferral,1
1906,confidence,2,confidential,1,Confucius,1
1909,confusion,1,congas,1,congee,1
1912,Congo River,1,congress,1,congruent,1
1915,conical,1,conical section,1,conifers,1
1918,conjection,1,conjecture,3,conjuction,1
1921,conjugate,1,conjunction,2,conjunctivitis,1
1924,conosultant,1,conscious,1,conscription,1
1927,consequently,1,conservation,2,conservation of energy,1
1930,Conservation of Energy,2,Conservation of Mass,1,conservation of momentum,1
1933,Conservation of Momentum,1,conservatism,2,Conservative Party,1
1936,conservative party,1,conservatives,1,consonant,1
1939,constellation,1,constellations,2,constipation,1
1942,constructive,1,consular,1,consular visa interview,1
1945,consulat,1,consulate,1,consult,2
1948,consult on,1,consultant,1,contact,1
1951,contact lens,1,contemporary,1,contemptible,1
1954,continent,1,continental,1,continental drift,1
1957,contour,2,contour line,1,contouring,1
1960,contrabasses,1,contracts,1,contradiction,1
1963,contrails,1,controller,1,contusion,1
1966,convenience,1,convenience store,1,convenient,1
1969,convent,1,conventional,5,conventional oven,1
1972,converage,1,converge,1,convergence,1
1975,convergent,1,convergent evolution,1,convergent series,1
1978,convert to,1,convex lens,1,convolution,1
1981,cooker,1,cookie jar,1,cooking utensils,3
1984,cool touch fabirc,2,coolant,1,cooling blanket,1
1987,cooling mat,1,cooling rack,1,cooling racks,1
1990,coolmax,1,cooper,1,cooperation,1
1993,coordinate geometry,1,COPD,1,copernicium,1
1996,coplanar,1,coplanar orbit,1,copper,1
1999,copper carbonate,1,copse,1,coptic,1
2002,coptis,1,Coptis Chinensis,1,copying paper,1
2005,cor anglais,1,coral,5,coral reef,3
2008,corcery,1,CORDIC,1,cords,1
2011,corduroy,1,cordyceps,1,cordyceps sinensis,1
2014,core Curriculum,1,coriander,1,coriander seeds,1
2017,corm,1,cormorant,1,corn,4
2020,corn oil,1,corn poppy,1,corn snake,1
2023,corn tortillas,1,Cornbread,1,cornbread,1
2026,cornflower,1,cornichons,1,cornmeal,1
2029,corona,1,coronal,1,coronal hold,1
2032,coronal hole,1,coronal mass ejection,1,coronary,1
2035,coronary artery disease,1,corparation,1,corporal,1
2038,corporation,1,corps,1,correct grip,1
2041,correction fluid,1,correction tape,1,Corticosteroid,1
2044,cortisol,1,corundum,1,cosmetic,1
2047,cosmetic case,1,cosmic,3,cosmic expansion,1
2050,Cosmic Microwave Background,1,Cosmic Microwave Background Radiation,1,cosmic ray,1
2053,cosmic string,1,cosmological,1,cosmological constant,1
2056,cosmological principle,1,cosplay,1,costume,1
2059,costumes,1,cosy time,1,cottage,1
2062,cottage cheese,1,cotton,2,cotton blanket,1
2065,cotton sheet,1,cotton swabs,1,couch,3
2068,couch potato,1,coucou,1,cough,1
2071,cough syrup,1,Coulomb's Law,1,council,1
2074,counicl,1,counsel,1,counseling,2
2077,counselor,3,count and countess,1,counter air,1
2080,counterfeit,1,countess,2,countness,1
2083,country,1,county,2,county magistrate,1
2086,county section,1,county section level principal,1,county-level city,1
2089,course,2,courthouse,1,Couscous,1
2092,couscous,2,coutch,1,couture,1
2095,covellite,1,coverage,1,covergent series,1
2098,coverlet,1,cozy time,1,crab,2
2101,crab meat,1,crab nebula,1,crab roe,1
2104,crabgrass,1,crack,2,crack divisions,2
2107,cracked tooth,1,cracker,1,crackers,2
2110,cradle,1,cranberries,1,cranberry,1
2113,cranberry juice,1,crane,1,cranked,1
2116,crappie,1,crayfish,1,crayons,1
2119,creak,1,creaking,1,creative slump,2
2122,credit,1,credit union,1,creeper,1
2125,creme brulee,1,cremini,1,cremini mushrooms,2
2128,cremson,1,crepe,1,crepuscular,1
2131,cretaceous,2,cretaceous period,2,crew,2
2134,crew dragon,1,crew socks,1,crib,2
2137,cricket,2,crimson,6,crinoids,1
2140,crippled,1,cripsy,1,crisp,1
2143,crispy,3,crispy flatbread,1,crispy on the outside,1
2146,crispy rice,1,critical,1,critical phenomena,1
2149,croaker,1,crochet,1,crocodiles,1
2152,croissant,1,crooked,1,crooked teeth,1
2155,crop top,1,cropped jeans,1,crossbite,1
2158,crossbow,1,croton seed,1,crow,2
2161,crowded,1,crowded teeth,2,crowfoot,1
2164,crowfoot grass,1,crown,2,crucian carp,1
2167,crucian crap,1,Crucio,1,cruelty,1
2170,cruise,3,cruise missile,1,cruiser,1
2173,crushed,1,crushed peanuts,1,crust,6
2176,crust pizza,1,crux,1,crystal,1
2179,crystal methamphetamine,1,Crystalline,1,crystalline,1
2182,CSS,1,CT,1,CTO,1
2185,cuckoo,1,cucumber,1,cucumbers,1
2188,cuffs,1,cuisine,4,culet,1
2191,culinary,1,cult,1,cum laude,1
2194,cumin,1,cumin seeds,1,cumulonimbus,1
2197,cumulus,1,cunning,1,cunning^ ruthlessness^ and boldness,1
2200,cuprite,1,cuprum,1,cups,1
2203,curative,1,curd,1,curiosity,1
2206,curium,1,curl,3,curly,1
2209,curly brackets,1,currencies,1,current density,1
2212,curricular,2,curriculum,1,Curriculum,1
2215,curry,3,curry powder,1,curry rice,2
2218,curses and countercurse,1,curtain,2,curtains,2
2221,curve,1,curved,1,cushion,2
2224,custard,2,custom,1,customization,1
2227,customize,1,customs,1,cuticle,1
2230,cutie,1,cutlass,1,cutlassfish,1
2233,cutlery,1,cutlet,1,cutting board,1
2236,cutting-edge,1,cyber warfare,1,cyberloaf,1
2239,cycad,1,cyclone,1,cyclotrimethylenetrinitramine,1
2242,cycshadow,1,cygnus,1,Cygnus,2
2245,cylinder,1,cymbals,2,cyprus,1
2248,cyrillic,1,cyrillization,1,cysteine,1
2251,czechs,1,daffodil,2,daigu,1
2254,daikon,1,daikon radish,1,daily,1
2257,daily prophet,1,daily value,1,dairy,2
2260,dairy fats,1,daisy,2,dame,1
2263,dance shoes,1,dance sneakers,1,dancers,1
2266,dandelion,2,dander,1,Dante Alighieri,1
2269,dantian,1,Danube River,1,danxia,1
2272,darjeeling,1,dark energy,1,dark matter,1
2275,dark red^ deep red,1,darmstadtium,1,DAS,1
2278,dashboard,1,datasets,1,date,1
2281,dating,1,David Hilbert,1,David Patterson,1
2284,dawn,1,dawn redwood,1,dayquil,1
2287,dazzling,1,Dead Sea,1,Dean,1
2290,Dean's List,1,death rate,1,Deathly Hallows,1
2293,debate,1,debate club,1,debated,1
2296,debris,3,debris flow,2,decaf,1
2299,decaf coffee,1,decaffeinated,1,decal,1
2302,decay,1,declarative sentence,1,decongestant,1
2305,decorated,2,decorated christmas tree,1,decoration,1
2308,decorative,3,decorative light,1,decorative ligth,1
2311,decorative shelf,1,dedicated,1,dedication,1
2314,deduction,1,deep bite,1,deep fryer,1
2317,Deep UV,1,deep-fried,1,deep-fried to crispy prefectino,1
2320,deep-fried to crispy prefection,1,deep-fried to golden prefection,1,deepDream.py,1
2323,deer antler,1,deer antler velvet,2,DEF,1
2326,defense,1,defensive,1,defensive counter air,1
2329,Deflagration,1,defroster,1,defrosting,1
2332,degradation,1,Degree Application,2,degree audit,1
2335,Degree Conferral,1,dehumidifier,1,Deimos,1
2338,deinagkistrodon,1,deity,1,deliberately,1
2341,delicacy,1,delicate,3,deliciosa,1
2344,delightful,1,deliverables,1,dell,1
2347,delta,2,deltas,1,dementor,1
2350,Democratic Party,1,demodulator,1,demographic,1
2353,demographics,1,demonize,1,Deneb,1
2356,Deneb Algedi,1,denim,3,Dennis Richie,1
2359,Dennis Ritchie,1,dense,1,dental,2
2362,dental floss,2,dental issues,1,dental issus,1
2365,dentistry,1,denudata,1,deodorant,1
2368,departing in,2,department,1,department building,2
2371,department store,1,departmental,1,departmental bureau,2
2374,departmental bureau level deputy,1,departmental bureau level principal,1,dependent,1
2377,deportation,1,deposit,1,deposition,2
2380,depositional,1,deprecated,1,depression,2
2383,deputy,1,deputy governor,1,derived,2
2386,dermatitis,1,dermatology,1,dermis,1
2389,desert,1,desertification,1,designed for air superiority,1
2392,desk calendar,1,desperate,1,desperately,1
2395,dessert,2,dessert plate,1,desserts,1
2398,destroyer,1,detergent,2,deterioration,1
2401,deterministic,1,Detonation,1,detonation,1
2404,detonator,1,deuteranopia,1,deviate,1
2407,deviated,1,deviated septum,1,devil,1
2410,Devil's Ivy,1,devonian,1,dew,2
2413,dew point,1,dewa,1,dexamethasone,2
2416,dextrose,2,diabetes,2,diabetes medications,1
2419,diacritics,1,diagnosis,2,diagnostic,1
2422,Diagon,1,Diagon Alley,1,diagonal pilers,1
2425,diagonal pliers,1,diamond dust,1,Diaphragm Harmonica,2
2428,diarrhea,1,diarrheal,1,diaspora,2
2431,diastema,1,diatomite,1,dice,1
2434,diced,1,die-hard,1,diesel,2
2437,diesel electric,1,Diesel Exhaust Fluid,1,diesel-electric,1
2440,Diet,1,diet,1,Diet Cola,1
2443,Dietart,1,dietary,1,dietary fiber,1
2446,dietetics,1,differential,1,differential equation,1
2449,diffuser,1,diffuser sticks,1,diffusion,1
2452,digestive,1,digestive system,1,dignity,1
2455,Dihydroartemisinin,1,dike,1,dilates,1
2458,diligence,1,dilophosaurus,1,dim sum,4
2461,dimetrodon,1,dimmed,1,dimming,1
2464,dining chair,1,dining room,1,dining table,1
2467,dinner jacket,1,dinner plate,1,dinosaur,1
2470,Diophantus,1,Diophantus of Alexandria,1,Dior,1
2473,diorite,1,dioxide,1,dip,1
2476,dip pens,1,diploma,1,dipping,1
2479,dipping sauce,1,dips,1,directly proportional to,1
2482,director of bureau,1,director of department,1,disarray,1
2485,disc,1,disc brakes,1,discharge,1
2488,disciplinary,1,discipline,2,discipline categories,1
2491,discord,1,discourse,2,discoverer,1
2494,discrimination,1,discus,1,discus throw,1
2497,disgust,1,dish,2,dish soap,1
2500,dishes,1,dishwasher,1,disinfectant,3
2503,disinfectant wipes,1,disinfector,1,dismissal,1
2506,disney resort,2,disneyland,1,disorder,1
2509,disparaging,1,dispatch,1,dispatchers,1
2512,dispenser,1,displacement,1,displacement assessment,2
2515,display cabinet,1,dispute,3,dissertatioin,1
2518,dissertation,3,dissolve,1,distant galaxy,1
2521,distilled vinegar,1,distinction,1,distinction^ merit and pass,1
2524,distressed,2,distressed jeans,1,distributed,1
2527,district,1,disturb,2,disturbing,1
2530,divergence,3,divergent evolution,1,divergent series,1
2533,diverging,1,diversity,2,divider,1
2536,divider tabs,1,divine,1,diving board,1
2539,divorce,1,diwali,1,DIY,1
2542,dizi,1,dmitri mendeleev,1,Dmitri Mendeleev,1
2545,do me a favor,2,do me a fever,1,dobok,1
2548,Doctor of Medicine,1,Doctor of Philosophy,1,Doctoral Degree,1
2551,doctorate,1,Dodge,1,dodo,1
2554,dog dander,1,dog hair,1,dojang,1
2557,dojo,1,dolantin,1,dollar sign,1
2560,dolomite,1,Dolores Umbridge,1,dolphin,1
2563,domestic,2,domestic cat,1,dominance,1
2566,dominant,2,dong quai,1,dongpo pork,1
2569,doormat,1,Doppler Effect,1,Doraemon,1
2572,doreamon,1,dorphin,1,dotted note,1
2575,doubanjiang,1,double basses,1,double bind,1
2578,double boiler,1,double stuffed,1,double underscores,1
2581,doutch,1,dove,3,down,1
2584,down as a nouns,1,down comforter,1,down jacket,1
2587,downpour,1,downslope,1,downy,1
2590,doxycycline,1,drab,1,dracaena,1
2593,draco,1,Draconids,1,dracula,1
2596,draft beer,1,drag abuse,1,dragon boat festival,1
2599,Dragon Li,2,drake,1,drama,2
2602,draught,1,drawer,1,drawing pads,1
2605,dreamily,1,dreamy,1,dress,1
2608,dress rehearsal,1,dressing table,2,dried basil,1
2611,dried fruit snacks,2,dried kelp,2,dried sweet potato,1
2614,drift,1,drill,1,dripstone,2
2617,drizzle,2,drizzle^ shower^ rain and,1,drizzled,2
2620,drona,1,drones,2,dropout,1
2623,droput,1,drought,1,drug abuse,1
2626,drug lords,1,drug mules,1,drug rehabilitation center,1
2629,drug smuggler,1,drug trafficker,1,drug trafficking cartels,1
2632,drug trafficking rings,1,drum kit,2,drum set,1
2635,drumlin,1,drummer,1,drums,1
2638,dry cough,1,dry eye,1,dry lightning,1
2641,dry mouth,1,dry-erase,1,dry-erase markers,1
2644,dryer,1,drying rack,1,drywall,1
2647,dual enrollment,1,dual entollment,1,duality,1
2650,Dubai,1,dubnium,1,duchess,1
2653,duck,2,duct,1,duffle,1
2656,duke,2,duke and duchess,1,dulcimer,1
2659,dumbbell,1,dumbbell circle,1,dumpling,1
2662,dumplings,1,dune,1,dunes,1
2665,durability,1,dusk,1,dusky,1
2668,dust mites,1,dust ruffle,1,dust storm,1
2671,dustpan,2,dutch,4,dutch cheese,1
2674,dutch oven,3,duties,1,duty-free,1
2677,duvet,2,dwarf,1,dye,1
2680,dyeing,1,dynamite,1,dyspepsia,2
2683,dysprosium,1,EAA,1,earl,3
2686,earl grey,1,earmuffs,1,earnest,1
2689,earplugs,1,Earth,1,earth science,1
2692,earthenware,1,earthenware pot,1,earthworm,1
2695,earthy,1,east asians,1,East Capitol Street,1
2698,East China Sea,1,easter,1,Easter Island,1
2701,easterlies,1,easygoing,1,easygonging,1
2704,easygoning,1,echo,1,eclipse,1
2707,ecological balance,1,ecological footprint,1,ecological niche,1
2710,ecology,1,economics,1,ecosystem,1
2713,ecru,1,ecstasy,1,eczema,4
2716,edamame,1,eden,1,edge ruler,1
2719,edible,1,edible birds,2,edible insects,1
2722,edifice,1,Edmund Hillary,1,Edsger Dijkstra,2
2725,educational stages,1,eel,3,eerie,1
2728,eerir,1,effervescent,1,effort,1
2731,effortlessly,1,egg custard,1,egg custard tart,1
2734,egg on my face,2,egg sac,1,egg tart,2
2737,egg white,2,eggplant,1,eggs is eggs,1
2740,eggshell,1,egoism,1,egotistic,1
2743,egret,1,egypt,1,Eiffel Tower,1
2746,eighth note,1,Einstein-Rosen bridges,2,einsteinium,1
2749,ejection,1,el nino,2,elapse,1
2752,elasmosaurus,1,elastane,1,elbow,1
2755,elderflower,1,elderly,1,elderly care,1
2758,electives,2,electric blanket,2,Electric Blinds,1
2761,electric curtains,1,electric drill,1,electric field,1
2764,electric guitar,1,electric headter,1,electric heater,1
2767,electric kettle,1,electric motor,1,electrix flux,1
2770,Electro-Optical Distributed Aperture System,1,Electro-Optical Targeting System,1,Electrodynamics,1
2773,Electrolyte,1,electrolyte,2,electrolyte-rich,2
2776,Electromagnetic Force,1,Electromagnetism,1,electron,2
2779,electrum,1,elegant,1,elephant seal,1
2782,elevates,1,elf,1,elite force,1
2785,elite troops,1,Elizabeth,1,Elizabethan,1
2788,Elizabethe,1,ellipse,1,ellipsis,1
2791,elliptical,1,elliptical orbit,1,Elliptical Orbits,1
2794,elm,1,Elon Musk,1,ELS,1
2797,em dash,1,emanation,1,embassy,2
2800,embedding,1,embeddings,1,embellish,1
2803,ember,1,emblem,1,embroidered,1
2806,emedastine,1,emerald,1,emergency department,1
2809,emergency light,1,emergency ligth,1,emergency medical center,1
2812,emigrant,1,emigration,1,emigration rate,1
2815,Emirates,1,emit,1,empathy,1
2818,emperor penguin,1,emphasis,1,Emporium,1
2821,EMR,1,en,1,en dash,1
2824,Enceladus,1,enchanted,1,enchanting,3
2827,enchantment,1,enchated,1,enclose off,2
2830,enclose off this area,1,enclose ofo,1,encore,1
2833,encountered,1,encyclopaedia,1,encyclopedia,1
2836,end of day,1,endive,1,endocrinology,1
2839,endorphins,1,endoscopy,1,endurance,1
2842,enduring,1,energetic,1,enfolding,1
2845,engine oil,1,engineering corps,1,English as a Second,1
2848,English Channel,1,english horn,1,english language arts,1
2851,english restoration,1,enhanced,1,enigma,1
2854,enigmatic,1,enlighten,1,enoki,1
2857,enoki mushrooms,1,enriched,1,Enrico Fermi,2
2860,enrollment,2,ensemble,3,ensemble member,1
2863,ensign,1,ENT,1,entailment,3
2866,entanglement,1,enterprise,1,entertainment,1
2869,entertainment center,1,enthusiasm,2,Enthusiast,1
2872,enthusiast,1,entrepreneur,1,entropy,1
2875,Entropy Increase Principle,1,entry permit,1,envelop,1
2878,enverlop,1,environmental science,1,enzyme,1
2881,EOD,1,EODAS,2,eon,2
2884,eon^ era^ period^ epoch,1,eopch,1,EOTS,1
2887,ephemerally,1,epidermis,1,epinephrine,2
2890,epinephrine auto-injector,1,episode,2,episodic,1
2893,epistola,1,epoch,2,epsilon,1
2896,epsom salt,1,epson salt,1,equator,1
2899,equatorial,1,equatorial counter,1,equatorial counter current,1
2902,equestrian,1,equicalence,1,equilibrium,1
2905,equivalence,1,era,2,eradication,3
2908,erbium,1,erhu,1,Ernest Lawrence,1
2911,erode,1,eroded,1,erosion,3
2914,Erwin Schrodinger,2,erythromycin,2,escape sequence,1
2917,escape velocity,2,escitalopram,1,ESL,1
2920,espresso,4,essence,2,essential,1
2923,essential amino acids,1,essential nutrients,1,essential oil,1
2926,establish,1,establishment,1,estimated,2
2929,estuary,1,eta,1,ETA,2
2932,eternal,2,eternity,1,ethane,1
2935,ethanol,2,ethereal,3,ethic,1
2938,ethic township,2,ethical,1,ethical integrity,1
2941,ethics,2,ethics committee,1,ethiopsite,1
2944,ethnic,3,ethnic group,1,ethylene,2
2947,eucalyptus,1,Euclid,1,Euclid of Alexandria,1
2950,Europa,1,Europe,1,europium,1
2953,eustoma,1,EUV,1,eva,1
2956,evacuation,1,evaporated,1,evaporated milk,1
2959,evaported milk,1,evasion,1,eve,1
2962,evening gown,1,everlasting,1,everyday language,1
2965,eviction,1,evidence,1,evokes,1
2968,evolution,2,evolutionary,1,evolutionary ecology,1
2971,ewe,1,examiee,1,examier,1
2974,examine,1,examinee,2,examiner,1
2977,excelling,1,excels in,1,excels in math,1
2980,exclamation,1,exclamation mark,1,exclamation point,1
2983,exclamatory,1,exclamatory sentence,1,exclusion,1
2986,exclusive,2,execution ability,1,exemption,1
2989,exhaust,1,exhaust system,1,exhibit,1
2992,exosphere,2,expanse,1,expansion anchor,1
2995,expatriate,2,expatriation,1,Expecto Patronum,1
2998,experience points,1,expertise,1,expilicit,1
3001,expiry,1,explosive,1,explosives,1
3004,exposed,2,exquisitely,1,extend through,1
3007,extended family,1,extensiion cords,1,extension cord,1
3010,extension cords,1,exterior,1,external,1
3013,extincition,1,extinction,1,extra virgin olive oil,1
3016,extracurricular,1,extracurricular activites,2,extraordinarily,1
3019,extraversion,1,exudes,1,eye drops,1
3022,eyeblossom,2,eyebrow,1,eyebrow pencil,1
3025,eyelash curler,1,eyelashes,1,eyelid,2
3028,eyelid primer,1,eyeliiner brush,1,eyeliner,1
3031,eyeliner brush,1,eyepatch,1,eyeshadow brush,1
3034,fabric,2,fabric softener,2,facade,1
3037,face primer,1,faceting,1,facets,1
3040,facial cleanser,1,facial contouring,1,facilate,1
3043,facilite,1,facilites,1,facilitie,1
3046,facilities,4,facilities management,1,faculty building,1
3049,faculty builidng,1,fahrenheit,1,faint,1
3052,fair enough,1,fair-play,1,fairness,1
3055,fairy,1,fake goods,1,fake it,1
3058,falafel,1,falcon,2,falconf,1
3061,fallow,1,false eyelashes,1,faltered,1
3064,falvor,1,falx,1,fame,1
3067,familial,1,familial bond,1,fan,1
3070,fanciers,1,fangs,1,fanny,1
3073,fanny pack,1,fantasied,1,fap,1
3076,fappable,1,FAQ,1,Faraday's Law of Electromagnetic,1
3079,farce,1,farro,2,fast,1
3082,fasteners,1,fateland,1,fatigue,1
3085,fats,2,fatso,1,fatty,1
3088,fatty acid,3,fatty acid salts,1,Faux Leather,1
3091,faux pas,1,fava,1,fava beans,1
3094,FBI,1,federal,1,fedora,1
3097,feefee,1,feet,1,feldspar,1
3100,fella,1,fellowship,1,felt tip pens,1
3103,feminine,1,feminism,1,feminist,1
3106,femur,1,fen,1,fence,1
3109,fencing,2,fennel,1,fennel seeds,1
3112,fenugreek,1,ference,1,fermented,2
3115,fermented tofu,1,ferminine hygiene products,1,fermions,1
3118,fermium,2,fern,2,ferns,1
3121,Ferrari,1,ferret,2,ferrous gluconate,1
3124,ferrum,2,fertiliser,1,fertility,3
3127,fertility clinic,1,fertilizer,3,fertilliser,1
3130,fertillizer,2,fervently,1,Feta,1
3133,feta,1,Feta Cheese,1,feta cheese,1
3136,fettuccine,1,feud,1,feuding,1
3139,fever,1,fever blister,1,fever flister,1
3142,fexofenadine,1,ff Spiked Running Shoes,1,fiber,1
3145,fiberfill,1,Fibonacci,1,fibrous,1
3148,ficus elastica,1,fiddle,1,field hockey,1
3151,field trip,2,fig jam,1,figerprints,1
3154,fighter aircraft,1,figs,1,figurative,1
3157,filament,1,file cabinet,1,file carbinet,2
3160,file folder,1,filet,1,filet mignon,1
3163,filing,1,filing cabinet,1,fillets,2
3166,filling,1,film studies,1,filtered water,1
3169,final exam,1,fine sea salt,1,finger tip,1
3172,fingernail,1,fingerprints,1,finno-ugri,1
3175,finno-ugric,1,finns,1,fins,1
3178,fir,1,Fire Cake,2,fire pit,1
3181,fire rainbow,1,fire whirl,1,fire-resistant,1
3184,firearms,1,firecake,1,firecracker,1
3187,firmament,1,first cosmic velocity,1,first lieutenant,1
3190,first person shooter,1,first violins,1,first-degree burn,1
3193,fiscal,1,fish bladder,1,fish fillets,2
3196,fish maw,1,fish sauce,2,fish tank,1
3199,fisrt aid kit,1,fitness center,1,fitness enthusiasts,1
3202,fitted sheet,1,five-spice powder,1,five-step snake,2
3205,fjord,2,flake,1,flake salt,1
3208,flaker,1,flaky,1,flaming,1
3211,flamingo,1,flammable,1,flan,1
3214,flank,1,flanker,1,flanks,1
3217,flannel,2,flannel sheet,1,flannelette,1
3220,flare,1,flash drought,1,flash flood,1
3223,flashlight,1,flatbread,3,flatfish,1
3226,Flathead Screwdriver,1,flattered,1,flavonoids,1
3229,flavor,3,flavored,1,flavorful,1
3232,flavors,2,flavour,1,flavourful,1
3235,flavouring,1,flaxseed oil,1,flaxseeds,1
3238,flea,1,fleabane,1,fleam,1
3241,fleece,2,fleet,1,fleet admiral,1
3244,fleeting,1,flerovium,1,fletcher,1
3247,fletching,1,flexed,1,flexible ruler,1
3250,flexible rulers,1,flint,2,flip,1
3253,flippers,1,flirt,1,floatation,1
3256,floate,1,flood,1,floor cleaner,1
3259,floor lamp,1,floor mat,1,floral,4
3262,Florence,1,flotation,1,flounder,1
3265,flour,3,Flourish,1,flourish,1
3268,Flower Pepper,1,flower pot,1,flowerpot,1
3271,flu,1,flue,1,fluffy,1
3274,fluid,1,fluidly,1,fluorescence,1
3277,fluoresvence,1,Fluoride,1,fluorine,1
3280,fluorite,2,fluoxetine,1,fluoxetinie,1
3283,flush,1,flusher,1,flutes,1
3286,fluvial,1,flux,1,fly,1
3289,fly tower,1,FML,1,foam,1
3292,fog,1,fog bow,1,fog lights,1
3295,Foie,1,Foie Gras,1,folate,1
3298,Folate,1,folders,1,folding chair,1
3301,folic acid,1,folk dance,1,follicle,1
3304,follow friday,1,Fomalhaut,1,FOMMO,1
3307,FOMO,2,food allergens,1,food chain,1
3310,food storage container,1,food web,1,football and soccer,3
3313,football pitch,1,footboard,1,foothill,1
3316,footless,1,footless leggings,2,footpad,1
3319,footstool,2,footwear,1,foraging,1
3322,foraging behavior,1,Forbidden City,1,forearm,1
3325,forecast,1,foreign languages,1,forensic,1
3328,forget-me-not,1,forgiveness,1,fork,2
3331,forks,1,forlorn,1,Formal language,1
3334,formaldehyde,2,formatice,1,formatice assessment,1
3337,formatino,1,formation,1,formative,1
3340,forsythia,1,forward slash,1,forward-thinking,1
3343,fossil,2,foster parent,1,fostering,1
3346,foundation,1,Foundational Education,2,fountain,1
3349,fountain pens,1,four eyes,1,Four Fundamental Forces,2
3352,four leaf clovers,1,four-leaf clover,1,foxtail,1
3355,foxtail grass,2,foxtrot,1,FPS,1
3358,fracture,2,fragmentation,2,fragmentation grenade,1
3361,fragrance,4,fragrance system,1,fragrances,1
3364,Francis Crick,1,francium,1,frastrating,1
3367,fraternity,1,freackles,1,freak,1
3370,Freash,1,Freckles,1,freckles,1
3373,freestyle swimming,1,fremented,1,French Baguette,1
3376,french freis,1,french fries,2,french horns,1
3379,french press,1,frenemy,1,frescoe,1
3382,frescoes,1,fresh ginger,1,fresh herb,2
3385,Fresh Lemongrass,2,fresh lime,1,fresheners,1
3388,friction,1,fridge,1,fridge container,1
3391,fried egg,1,fried rice,1,fried rice crust,2
3394,fried spring rolls,1,Friedrich Nietzsche,1,fries and dips,1
3397,frigate,1,frigid,1,fringe,1
3400,frog,1,front flip,1,front split,1
3403,frontal,1,frontier,1,frost,2
3406,frostbite,1,fructose,1,frugality,1
3409,fruit cups,1,fruit fly,1,fruit leather,1
3412,fruit salad,1,fruit-filled dessert,1,Fruity,1
3415,frunk,1,frunk and trunk,1,frustrating,1
3418,fryer,1,frying,1,frying pan,2
3421,ft,1,fuchsia,1,fuck my life,2
3424,fuel-burning,1,fulfillment,2,full score,1
3427,full stop,1,funeral,2,fungal,1
3430,fungi,1,fungicide,1,fungus,2
3433,fur,1,fur coat,1,furniture,1
3436,furniture outlet,1,furniture store,1,fuse,1
3439,fuselage,1,futuristic,1,fuze,1
3442,FYI,1,gadolinium,1,gaily,1
3445,gala,1,gala dress,1,galangal,1
3448,galaxy,1,galbi jjim,1,gale,1
3451,Galileo Galilei,1,gall,1,gall bladder,1
3454,gallbladder,1,gallium,1,gals,1
3457,galzed,1,gamboge,1,gambol,1
3460,game meat,1,gamma,1,gamma ray,1
3463,gamma ray burst,1,gamma-ray burst,1,gangs,1
3466,gank,1,Ganymede,1,garbage can,1
3469,garlic,1,garlic mayo,2,garlic powder,1
3472,garlic press,1,garnet,2,garnish,1
3475,garnished,1,garnished with,1,garten,1
3478,Gasoline,1,gastral,1,gastric,1
3481,gastritis,1,gastroenteritis,1,gastroenterology,2
3484,gastrointestinal,1,gastrointestinal medications,2,gatifloxacin,1
3487,Gatorade,1,Gauss's Law for Electricity,1,Gauss's Law for Magnetism,1
3490,gaze,1,gear oil,1,gecko,2
3493,geek,1,gel,2,gel pens,1
3496,gel pillow,1,gelatin,1,gem,1
3499,gemini,1,Gemini,1,geminids,1
3502,Geminids,1,gemstone,1,gender,1
3505,gender-specific,1,general,2,General Relativity,1
3508,generous,1,genetic,1,genital,1
3511,genitals,1,gentamicin,1,gentry,1
3514,geode,1,geographical,1,geographical terms,1
3517,geography,1,geologist,1,geomagnetic,1
3520,geomagnetic field,1,geometry,1,Georgians,1
3523,geostationary,1,geostationary orbit,2,geosynchronous orbit,1
3526,geranium,1,GERD,1,geriatrics,1
3529,german cockroach,1,germanic,1,germanic peoples,1
3532,germanium,1,gestation,2,get no credit in,1
3535,geup,1,GG,1,GGWP,1
3538,ghee,1,ghoul,1,giant squid,1
3541,gift tax,1,giganotosaurus,1,gilded,1
3544,Gilderoy Lockhard,1,Gilderoy Lockhart,1,gill,1
3547,gills,1,gin,1,ginger,9
3550,ginger scallion dip,1,ginger tea,1,gingivitis,2
3553,gingivits,1,ginkgo,1,ginkgoale,1
3556,ginkgoales,1,ginseng,2,giorgio,1
3559,girdle,2,Givenchy,1,glacial,2
3562,glacial period,1,glacier,5,glacier melting,1
3565,glacier retreat,1,glaciers,1,glade,2
3568,Glasgow,1,glass cleaner,1,glasses,1
3571,Glaucoma,1,glaze,1,glazed,1
3574,glazed with,1,gleam,1,GLHF,1
3577,glide,1,glide vehicle,1,gliding,1
3580,glimmer,1,glimmering,1,glipizide,1
3583,glisten,1,glistening,1,glitter,1
3586,gloaming,1,global warming,2,globemaster,1
3589,globular,1,globular cluster,1,glock,1
3592,gloden crust,1,glorify,1,glory,2
3595,glossy,2,glossy lipstick,2,gloves,2
3598,glucocorticoids,1,gluconate,1,glucose,2
3601,glue,1,glue gun,2,glue stick,1
3604,glutamate,1,glutamic acid,1,glutamine,1
3607,gluten,3,gluten-free,1,glutinous,4
3610,glutinous rice balls,2,glycine,1,glyptodon,1
3613,GMAT,1,GMT,1,gneiss,1
3616,gnome,2,goal posts,1,Gobi,1
3619,goblet,1,goblin,1,gochujaing,1
3622,gochujang,2,gochujiang,1,goggles,3
3625,goji,1,goji berry,2,gold,1
3628,gold ingot,1,gold nugget,1,golden crispness,1
3631,golden crust,2,Golden Dunes^ Olden Tunes,1,golden eagle,1
3634,golden perfection,1,Golden Snitch,2,goldfish,1
3637,golf course,1,gone,1,gong,1
3640,gongs,1,Goodman,1,google,1
3643,goose,1,goose bumps,1,goosefoot,2
3646,Gordon Moore,1,gorgeous,2,gospel,1
3649,gossamer,1,gossil,1,gossip,1
3652,gothic,1,Gottfried Wilhelm Leibniz,1,goubuli steamed buns,2
3655,gouchujiang,1,gourd,1,gourd flute,1
3658,governor,2,governor of province,1,govt,1
3661,gown,2,GPA,1,GPS,1
3664,grabage can,1,Grace Hopper,1,graceful,1
3667,gracefully,3,grad,1,grade level,1
3670,grade point average,1,grades,1,grades and assessment,1
3673,gradient,2,grading report,1,grading system,1
3676,graduation,1,graduation thesis,1,graham,1
3679,graham crackers,1,grains,1,gramp,1
3682,granite,2,granola,2,grant,2
3685,granulate,1,granulated,1,granulated sugar,1
3688,grape,3,grape juice,1,grape leaves,1
3691,grapefruit,1,grapeseed,1,grapessed,1
3694,grappling,1,graptolites,1,grass carp,1
3697,grass nutmeg,2,grasshopper,3,grater,1
3700,gratitude,2,gravitation,1,gravitational,1
3703,gravitational constant,1,Gravitational Force,1,gravitational lensing,1
3706,gravitational wave,1,gravity assist,1,GRB,1
3709,GRE,1,Great Barrier Reef,1,Great Lakes,1
3712,great white shark,1,gredient,1,gredients,1
3715,gree onions,1,Greece,1,greek,1
3718,Greek alphabet,1,Greek Life,1,greek salad,1
3721,Greek Yogurt,1,green bean paste,1,green beans,1
3724,green flash,1,green onion,1,green onions,1
3727,Green Party,1,green pepper,1,green room,1
3730,green tea,1,greenhand,1,greenhouse effect,2
3733,greeting,1,Gregor Mendel,1,grenade,2
3736,grenades fragments,2,gress,1,grey,1
3739,grief,1,griefing,1,griffin,1
3742,grill,3,grill pan,1,grilled,3
3745,grilled bread,1,grilled chicken,1,grilled chicken breast,1
3748,grilled to,2,grilled vegetable wrap,2,grilled with,2
3751,grills,1,grind,1,grind hard,1
3754,grind hard and smart,1,grinder,1,grinding,1
3757,grindstone,1,Gringotts,1,grip,1
3760,groats,1,grocery,1,grocery store,2
3763,groin,1,groomsman,1,grotto,1
3766,ground,2,ground beef,1,ground black pepper,1
3769,ground cinnamon,1,ground coffee,1,ground cumin,1
3772,ground ginger,1,ground lamb,3,ground support,1
3775,ground white pepper,1,ground-level,1,Ground-Level Projection Lights,1
3778,groundb,1,groundbreaking,1,groundhog,1
3781,groundwater,1,grouper,1,grove,3
3784,Gryffindor,1,gu,1,gu zheng,1
3787,guacamole,3,guanjun,1,guarante,1
3790,guarantee,2,guaranteeing,1,guaranting,2
3793,guardianship,1,guided missile,1,guilt,1
3796,guinea pig,1,guitar,1,guitarist,1
3799,gull,1,gullet,1,gum,2
3802,gum issues,1,gum recession,1,gunslinger,1
3805,guoba,1,guotie,1,guqin,1
3808,gute nacht,1,guts,1,guy,1
3811,guyana,1,guyot,1,gydon,1
3814,gym,1,gymnasium,1,gymnastics,1
3817,GYN,1,gynecology,1,gypsophila,1
3820,gypsum,1,gyrfalcon,1,gyro,1
3823,gyudon,2,H. pylori,1,haber,1
3826,habitable,1,habitable zone,1,habitat,2
3829,haboob,1,hafnium,1,hags,1
3832,hail,1,hair conditioner,1,hair dryer,1
3835,hair follicle,1,hair gel,1,hair shampoo,1
3838,hair spray,1,hairline fracture,1,halal,1
3841,half note,1,half-and-half,1,halibut,1
3844,halides,1,halite,1,halitosis,1
3847,Halley's Comet,1,halloween,1,Hallows,1
3850,halo,2,halter,1,ham,2
3853,Ham,1,Hamal,1,hammer,3
3856,hammer throw,1,hammerhead shard,1,hammerhead shark,1
3859,hammock,2,Hammurabi,1,hamster,1
3862,hand grenade,1,hand saw,1,hand tools,1
3865,hand towels,1,handcuffs,1,handful,1
3868,handouts,1,handspring,1,handstand balance,1
3871,handwriting supplies,1,hanger,1,hangers,1
3874,hanukkah,1,happen to be,1,happy valley,1
3877,happy vally,1,Har Gow,1,Haram,1
3880,harbor,1,hardwood,1,hardwood flooring,1
3883,hare,1,harem pants,1,harissa,1
3886,Harman Kardon,1,harmonic,3,Harmonic Law,1
3889,harmonic series,1,harmonica,1,harmoniously,1
3892,harp,1,Harry Potter,1,Harvard Style Grading,2
3895,hash,1,hashins,1,hashish,1
3898,hashtag,1,hassium,1,hast,1
3901,hat,1,hat stand,1,hat tip,1
3904,HAV,1,Hawaii,1,hawk,2
3907,hawks and eagles,1,hawthorn,2,hawthorn skewers,1
3910,hawthorn slice,1,hawthorn slices,2,hazard,1
3913,haze,1,hazel,2,hazelnut,3
3916,hazelnuts,2,HBV,1,HCV,1
3919,HE shell,1,head of county,2,headache,1
3922,headband,1,headboard,1,headgear,1
3925,headlights,1,headliner,1,health insurance,1
3928,health points,1,healthcare,1,heart failure,1
3931,heartburn,1,Heat Island Effect,1,heat wave,1
3934,heated windshield,2,heater,1,heating blanket,1
3937,heavenly,1,heavy cream,1,hebal medicines,1
3940,hedge,1,hedgehog,1,heel,1
3943,heels,1,heighten,1,Heisenberg Uncertainty Principle,1
3946,Helicobacter pylori,1,helicopter,2,heliodor,1
3949,heliopause,1,heliosphere,1,heliotrope,1
3952,heliotroper,1,helitropter,1,helium,1
3955,hello,1,Hello World,1,hells,1
3958,helm,1,helmet,1,helpfulness,1
3961,helthcare,1,hem,1,hematite,1
3964,hematology,1,hemp,2,hen,1
3967,Hendrik Lorentz,1,Henri Poincare,2,Henry Cavendish,1
3970,hepatitis,1,herb,2,herb-infused,1
3973,herbal,3,herbal infusions,1,herbal remedies,1
3976,herbal tea,2,herbal tes,1,herbicide,1
3979,Herbology,1,herbs,2,Herbst Maneuver,1
3982,hercules,2,Hercules,1,heresy,1
3985,Hermione Granger,1,heroin,1,Herrenrasse,2
3988,herring,1,herring gull,1,hershey,1
3991,hesitation,1,heuristic,1,hewlett packard,1
3994,Hexagon,1,hexogen,1,Hezbollah,1
3997,hichiriki,1,HID,1,hidebound,1
4000,hieroglyphs,2,high explosive shell,1,high heels,1
4003,high jump,1,high moral,1,high school,1
4006,high-explosive grenades,2,high-fiber,1,High-Intensity Discharge Headlights,1
4009,higher mathematics,1,highlighter,1,highlighters,1
4012,highness,1,highway patrol office,1,HIIT,1
4015,hiking,1,hill,1,hill myna,1
4018,himalayan,1,Himalayas,1,Hindu,1
4021,Hinduism,2,hip,1,hip hop,2
4024,hip-hop,1,Hippocrates,1,hippogriff,1
4027,hips,1,histamine,3,histidine,2
4030,hit-and-run,1,HIV,1,hives,1
4033,HMI,1,HND,1,hockey stick,1
4036,Hogsmeade,1,Hogsmedae,1,Hogwarts,1
4039,hohmann transfer orbit,2,hoisin,1,hoisin sauce,1
4042,hole punch,1,holiday,1,holmium,1
4045,holocene epoch,1,Holographic,1,Holographic Weapon Sight,1
4048,holy,1,holy shit,1,homage,1
4051,Homer,1,homeroom teacher,1,Homunculus,1
4054,honey,1,honeysuckle,1,honor classes,2
4057,honor roll,1,honors program,1,hoodie,1
4060,hook,2,hook punch,2,hooks,1
4063,hop,1,hop vine,1,hopfield,1
4066,hopping,1,hops,2,hops vine,1
4069,Horace Slughorn,2,horizon,1,horizontal impaction of wisdom,1
4072,hormone,1,hormones,1,hornet,1
4075,horns,1,horsehead fiddle,1,horseshoe,1
4078,horseshoe crabs,1,hospatility,2,hostile,1
4081,hot dogs,1,hot pants,1,hot peppers,1
4084,hot sauce,2,hotel,1,house fly,1
4087,House-elf,1,household,3,household items,1
4090,housekeeping,1,Howard Florey,1,howitzer,1
4093,HP,1,HP^ MP^ and XP,1,HTML,1
4096,HTTP,1,huaqiao,1,huaren,1
4099,Hufflepuff,1,hukou,1,hull,1
4102,hulled,1,hulled barley,1,hulusi,1
4105,Human Immunodeficiency Virus,1,humanism,1,humanitarian,1
4108,Humanities,1,humble,2,humbug,1
4111,humidifier,1,humidity,1,humility,1
4114,hummingbird,1,hummus,3,humorous,1
4117,humorously,1,humpback whale,1,hunan cuisine,1
4120,hungarians,1,hunt in packs,2,hurricane,1
4123,hustle,1,HVAA,1,hwamei,1
4126,hyacinth,1,hyaluronate,1,hydragea,1
4129,hydrangea,1,hydraulic,1,Hydraulic Disc Brakes,1
4132,Hydraulic Power Steering,1,hydraulics,1,hydrocarbon,1
4135,hydrochloric,1,hydrochloric acid,1,hydrochloride,2
4138,hydrocortisone,1,hydrofluoric,1,hydrofluoric acid,1
4141,hydrogen,2,hydrogen cloud,1,hydrogen peroxide,1
4144,hydrologic,1,hydrologic cycle,1,hydrosphere,1
4147,hydroxide,1,hydroxides,1,hyerthyroidism,1
4150,hygiene,2,hygienic,1,hygrometer,1
4153,hyoshigi,1,hyperbola,3,hypersonic,2
4156,hypersonic cruise missile,1,Hypersonic Cruise Missile,1,Hypersonic Glide Vehicle,1
4159,hypertension,2,hyperthyroidism,1,hyphen,1
4162,hypnotic,1,hypoallergenic,1,hypochlorite,1
4165,hypotension,2,hypothesis,2,hypothetical,1
4168,hypothyroidism,1,I had egg on,1,Iberico,1
4171,Iberico Ham,1,IBS,1,ibuprofen,4
4174,ice age,1,ice desert,1,Ice Sheet,1
4177,ice sheet,1,ice storm,1,iceberg,2
4180,iced tea,1,ichthyosaurus,1,iconic,2
4183,ICU,1,ICYMI,1,ideology,1
4186,IDK,1,idolatry,1,idp,1
4189,IELTS,2,IEP,1,IFV,1
4192,IG,1,igneous,1,igneous rock,1
4195,igniter,1,ignorance,1,IKR,1
4198,illegitimate,1,illuminate,1,illuminated,2
4201,illuminating,2,imagery,2,IMAO,1
4204,IMHO,2,imitation,1,Immanuel Kant,1
4207,immature,1,immeasurable,1,immediate family,2
4210,immersive,1,immigration,2,immigraton rate,1
4213,immobilization,1,immune,1,immunoglobulin,1
4216,immunology,2,impact driver,1,impacted,1
4219,impacted wisdom tooth,1,impaling,1,impart,1
4222,imparting,1,impartion,1,imperative,1
4225,imperative sentence,1,Imperio,1,imperious,1
4228,impetuous,1,implication,1,implications,1
4231,implies,1,impregnation,1,impression,1
4234,imprint,1,improvisation,1,in pursuit of,1
4237,in the pond of,1,Inc.,1,incandescent,1
4240,incarnate,1,incarnation,1,incense,1
4243,inception,1,incessantly,1,incisive,1
4246,incline,1,incline curl,1,inclusino,1
4249,inclusinon,1,inclusion,1,inclusive,2
4252,income tax,1,incomplete,1,inconsistencies,1
4255,incorporated,1,indecent,1,independence day,1
4258,independent suspension,1,index finger,1,index toe,2
4261,Indian,1,Indian Ocean,1,indicator lights,1
4264,indicum,1,Indigenous,1,indigestion,1
4267,indigo,1,indium,1,Individual Soldier,1
4270,Individual Soldier Equipment,1,Individualized,1,Individualized Education Program,1
4273,indo-europeans,1,Indonesia,1,industrious,1
4276,industriousness,1,inertia,1,inevitability,1
4279,inevitablity,2,infantry,3,infectant,1
4282,infection,1,infectious,1,infectivity,1
4285,infector,1,inferential,1,inferior,1
4288,inferiority,2,inferiority complex,1,Inferno,1
4291,infinite,1,Infiniti,1,infinitive,1
4294,infinitive phrarse,1,infinitive phrase,1,inflammations,1
4297,inflammatory,1,inflatable,1,inflatable ring,1
4300,influenza,1,Informal language,1,infotainment,1
4303,infra,1,Infrared,1,infrared,2
4306,infrared camera,1,infrastructure,2,Infrastructure,1
4309,infused,1,infused with,1,infused with humanism,1
4312,infusion,2,infusion center,1,ingredients,4
4315,inhaled,1,inhaling,1,inheritance,1
4318,inheritance tax,1,Inhibitor,1,inigredients,1
4321,initensity,1,initiating explosives,1,ink bottles,1
4324,ink cartridges,1,inlay,1,inn,1
4327,inner core,1,innerspring,1,innocent,1
4330,inorganic,2,inorganic acid,1,inorganic compounds,1
4333,inquisitive,1,inquistive,1,inscription,1
4336,inseam,1,insect,1,insecticide,1
4339,insection,1,insects,2,inseption,1
4342,insoluble,1,insomnia,1,instagram,1
4345,instant coffee,1,instant noodles,1,instant oats,1
4348,instant pot,1,instep,1,institution,1
4351,institutional,1,instructors,1,instrument,1
4354,instrument panel,1,Instrumental Part,1,insufficient,1
4357,insulin,3,insurance,1,integral,1
4360,integrity,2,intelligence,1,intelligence analysts,1
4363,intensely,2,intensity,1,intensive,1
4366,Intercept,1,interceptor,1,intercontinental,2
4369,intercontinental ballistic missile,1,intercourse,1,interdisciplinary,2
4372,interest group,1,interior,1,interjection,1
4375,intermission,1,internal medicine,1,International Workers' Day,1
4378,interplanetary escape velocity,2,interplanetary medium,1,interpret,1
4381,interpretation,1,interpretation service,1,interpreted,1
4384,interrad,1,interrogative,1,interrogative sentence,1
4387,intersection,1,interstellar medium,1,intestinal,1
4390,intestine,1,intestines,2,intoxicating,1
4393,introversion,1,Inuyasha,1,invaded,1
4396,invasion,1,invasive,1,inversely,1
4399,inverstors,1,inverted sentence,1,investigate,1
4402,investigation,2,Investigator,1,investment,2
4405,investors,1,invisibility cloak,1,inviting one to linger,1
4408,invoke,1,Io,1,Iodine,1
4411,iodine,2,iodine solution,1,ionosphere,2
4414,IR,1,IR Sensor,1,Iraq,1
4417,iridescence,1,iridescent,1,iridescently,1
4420,iridium,1,iris,2,irish,1
4423,IRL,1,iron,2,iron board,1
4426,iron Chloride,1,iron oxide,1,Iron Sights,1
4429,iron supplement,1,ironic,1,ironies,1
4432,ironing board,2,ironization,1,irony,1
4435,irradiation,1,irrevocabe,1,irrevocable,1
4438,irrevocably,1,irritable,1,irritation,1
4441,irs,1,Islam,2,Islamism,1
4444,island,1,isobar,1,isoheight,1
4447,isohyet,1,isoleucine,1,isoline,1
4450,isopropanol,1,isostasy,1,isotherm,1
4453,isotopes,1,Israel,1,Issac Newton,2
4456,Istanbul,1,italians,1,iternal,1
4459,ivory,1,ivy,1,IWB,1
4462,IYKYK,1,IYKYL,1,Jack Kilby,1
4465,jade,2,jadeite,1,jagged,1
4468,jagged peaks,1,Jaguar,1,jailed,1
4471,jam,2,jame,1,jame time,1
4474,James Clerk Maxwell,1,James Gosling,1,James Watson,1
4477,jammers,1,Jane Austen,1,Japanese Black Cattle,1
4480,japanese hop,1,japes,1,jar opener,1
4483,jargon,1,jasmine,3,jasmine rice,1
4486,javelin,2,javelin throw,1,jaw,1
4489,jaw harp,1,jay,1,jay smoke,1
4492,jazz dance,1,jealousy,1,jeans,2
4495,jeet kune do,1,jeggings,1,jelly,2
4498,jellyfish,1,jeon,1,jerk,1
4501,jerky,1,Jerusalem,1,jet,2
4504,jet fuel,1,jet stream,1,jetliner,1
4507,jewish,1,jews,1,jiagu,1
4510,jiaozi,1,JIC,1,jigsaw,1
4513,jinghu,1,Jiuzhaigou Valley,1,JK,1
4516,JKD,1,jogger,1,joggers,1
4519,jogging,1,joggle,1,Johannes Kepler,1
4522,John Hennessy,1,John von Neumann,2,joint,1
4525,joke shop,1,jones,1,Joule's Law,1
4528,journalism,1,journals,1,JSON,1
4531,jubilant,1,Judaism,1,judo,1
4534,judogi,1,jug,1,juice concentrate,1
4537,juicer,1,juiciness,1,jujbe,1
4540,jujube,2,jujubes,1,Julius Caesar,1
4543,jumpsuit,1,junior high school,1,juniper,2
4546,Jupiter,1,jurassic,1,jurassic period,1
4549,juris,1,Juris Doctor,1,jute,1
4552,Kal Marx,1,Kalashnikov,2,kale,2
4555,kanamycin,1,kappa,2,karaage,1
4558,karat,1,Karl Marx,1,Karman Line,2
4561,karst,1,Kaus Australis,1,kayak,1
4564,kayaking,1,kebabs,1,kefir,1
4567,kelp,2,Kepler,1,Kepler's Laws of Planetary,3
4570,kernel,1,kernle,1,ketamine,1
4573,ketchup,3,kettle,4,kettle cooked,1
4576,keyboard,1,keyboardist,1,keyless entry,1
4579,khaki,1,kickboard,1,kidey,1
4582,kidneies,1,kidney,3,kidney beans,1
4585,kidney stones,1,kidneys,2,killer whale,1
4588,kimberlite,1,kimchi,1,kimichi,1
4591,kimono,1,kinder,1,kindergarten,1
4594,kindey,2,kinematics,1,king cobra,1
4597,king crab,1,kingfisher,2,kinship,1
4600,KIT,1,kitchen sink,1,kitchen tools,1
4603,kiwi,1,klein,1,knee joint,1
4606,knee-high boots,1,knee-high socks,1,knife,1
4609,knight and dame,1,knit,2,knit fabirc,2
4612,knit sweater,1,knives,1,knockoff,1
4615,Knockturn Alley,1,knuckle,1,Kobe,1
4618,Kobe beef,1,kofta,1,koi,2
4621,kokyu,1,kombucha,1,Kopi Luwak,1
4624,koran,1,kosher salt,1,koto,1
4627,kouqin,1,Kremlin,2,krispies,1
4630,krypton,1,kudzu,1,Kuiper belt,1
4633,kukri,1,kung pao chicken,1,kurtosis,2
4636,Kwao Krueang,1,kyokpa,1,Kyoto,1
4639,La Marseillaise,1,la nina,1,laba festival,1
4642,label,1,label makers,1,labor,3
4645,labor day,1,Labour Party,1,labour party,1
4648,labourer,1,lace,1,laceration,1
4651,lactose,2,lactose-free,1,ladder,1
4654,ladybird,1,ladybug,1,lager,1
4657,lagoon,1,lamb,1,lamb chops,1
4660,lamb kebabs,1,lambda,1,Lamborghini,1
4663,lamborgni,1,lamborgnini,1,lambs quarters,1
4666,lamda,1,lame,1,lamentable,1
4669,lamentalbe,1,laminae,1,laminate,1
4672,laminate flooring,1,laminography,1,lamp,1
4675,lance,1,lancend,1,lancent,1
4678,lancer,1,lancet,1,lancome,1
4681,land mine,1,Land Rover,1,land use,1
4684,land warfare,1,Land Warfare Equipment,2,landform,2
4687,landing visa,1,landmark,1,landmine,1
4690,landslide,2,lane keeping assist,1,languid,1
4693,languidly,1,lantern,1,lantern festival,1
4696,lanthanides,1,lanthanum,1,laotiao,1
4699,Laozi,1,lapis,1,Lapis Lazuli,1
4702,lapis lazuli,1,lapis llazuli,1,larch,1
4705,large intestine,1,larynx,1,lasagna,2
4708,lasana,1,laser-run,1,lassi,1
4711,lateral,1,latern festival,1,latex,1
4714,latex gloves,1,latex pillow,1,latin,1
4717,latin american,1,latin dance,1,latins,1
4720,latitude,1,latte,3,lattice,1
4723,latticework,1,latvians,1,laughing gas,1
4726,laundry,3,laundry basket,1,laundry detergent,2
4729,laurel,1,laurel leaves,1,lavender,4
4732,lavender jam,2,laver,1,Law of Acceleration,1
4735,Law of Inertia,1,law of universal gravitation,1,lawn,1
4738,lawn bags,1,lawn mower,1,lawrencium,1
4741,Laws of Thermodynamics,1,Lawsuit,1,laxative,1
4744,layman,1,lazer,1,lazuli,1
4747,LBD,1,lead,1,lead iodide,1
4750,lead vocalist,1,leaf bags,1,Leaky,1
4753,Leaky Cauldron,1,leap to,1,leather seats,1
4756,lecithin,1,lectern,1,LED,1
4759,leech,1,leeks,1,legacy,1
4762,legal officers,1,legendary,1,leggings,2
4765,legislator,1,legumes,1,leica,1
4768,leika,1,leisure,2,lemon balm,1
4771,lemon juice,1,lemon wedges,1,lemonade,1
4774,Lemongrass,1,lemons,1,lengthened,1
4777,lens,1,lensing,1,lenticular,1
4780,lenticular cloud,1,lentils,1,leo,1
4783,LEO,1,Leo,1,Leo Tolstoy,1
4786,Leonardo da Vinci,1,Leonhard Euler,1,Leonids,1
4789,leopard,1,leopard cat,2,leopard gecko,1
4792,leprechaun,1,lespedeza,1,lesson plan,1
4795,let alone,1,lethal,1,lethality,1
4798,letter grades,1,lettuce,3,lettuce wraps,1
4801,leucine,1,level,1,levofloxacin,2
4804,Levofloxacin,1,lewd,1,lexicon,1
4807,Lexus,1,LHS,1,liaison,2
4810,liberal,1,liberal arts,1,Liberal Democrats,1
4813,Libra,1,lice,1,lidocaine,1
4816,lieutenant,3,lieutenant colonel,1,lieutenant general,1
4819,lieutenant governor,1,life jacket,1,life ring,1
4822,lifebuoy,1,lifesaver,1,liftgate,1
4825,ligament,1,ligatures,1,light blue^ pale blue^,1
4828,light bulbs,1,light cream,1,light it,1
4831,light pillar,1,lighthearted,1,lighthouse,1
4834,lighting rod,1,lighting strike,1,lignin,1
4837,lilac,1,lily,1,lily bulb,1
4840,limber,1,limbs,1,lime,1
4843,limes,1,limestone,1,Lincoln,1
4846,linen,2,linen sheet,1,linens,1
4849,linger,2,lingual,1,linguistics,3
4852,lionfish,1,lip balm,1,lip gloss,1
4855,lip tint,1,lipstick,1,liquefied,1
4858,Liquefied Natural Gas,1,Liquefied Petroleum Gas,1,liquid,1
4861,liquid foundation,1,liquor,1,liquorice,1
4864,lisianthus,1,lisinopril,1,lit it,1
4867,literature,1,lithium,1,lithium-ion,1
4870,lithospher,1,lithosphere,2,lithuanians,1
4873,little finger,1,littoral,1,littoral combat ship,1
4876,liuqin,1,liver,2,liver disease,1
4879,livermorium,1,livestock,1,livestock and poultry,1
4882,living room,1,lizard,2,LMAO,2
4885,LMBO,1,LMK,1,loach,2
4888,loadout,1,loaf,3,loaf pan,1
4891,loaves,1,lobster,3,Lockheed Martin,1
4894,locust,1,loess,1,logcat,1
4897,loges,1,logistics,3,logograms,1
4900,LOL,1,lomefloxacin,1,lone,1
4903,lone wolf,1,long distance running,1,long jump,1
4906,long nose pliers,1,long pants,1,long underwear top,1
4909,longevity,1,longitude,1,longtitude,1
4912,longue,1,loom,1,loopy,1
4915,loose,1,loose powder,1,lope,1
4918,loratadine,1,Lord Voldemort,1,Lorentz Transformation,1
4921,lost their torch,1,lost their touch,2,lota,1
4924,lotus,2,lotus leaves,1,lotus seeds,1
4927,Louis Pasteur,1,lounge,3,lounge chair,2
4930,loupe,1,louse,1,Louvre Museum,1
4933,love without limit,1,lovely,1,loveseat,1
4936,lovingly,1,low earth orbit,1,low-fat,1
4939,low-sugar,1,lower belly,1,lower lip,1
4942,lower midrange,1,lowerwear,1,loyal,1
4945,loyalty,2,lozenges,2,LSD,1
4948,Lu Wafers,1,lucky bamboo,1,Ludwig Boltzmann,1
4951,Ludwig van Beethoven,1,lue,1,luggage,1
4954,luke,1,lukewarm,1,luminary,3
4957,luminary tree,2,luminescence,1,luminous,2
4960,luminous pearl,1,Lumos,1,Lumos Maxima,1
4963,lunar eclipse,1,lunar orbit,1,lunar transfer orbit,2
4966,lung,1,lungs,1,luo,1
4969,lupin,1,Lupin,1,lush,3
4972,luster,1,lustrous,1,lute,1
4975,lutein,1,lutetium,1,Lutheranism,1
4978,luxurious,1,luxury,1,lychee,1
4981,lychee pork,1,lychees,1,lycoris radiata,1
4984,lycra,1,lyocell,1,Lyra,2
4987,lysergic acid diethylamide,1,lysine,1,M1 Abrams,1
4990,M78 Nebula,2,maackii,2,MAC,1
4993,macadamia,1,macadamia nuts,3,macadamias,1
4996,macaron,1,macaroon,1,macaroons,1
4999,macaw,1,macchiato,1,mace,1
5002,Machine Learning Systems,2,machine screws,1,mackerel,3
5005,macrobiology,1,macronutrient,1,macronutrients,2
5008,Magazine,1,magenta,3,magistrate,1
5011,magna cum laude,1,magnesite,1,Magnesium,1
5014,magnesium,1,magnesium chloride,1,magnesium sulfate,1
5017,magnesium supplement,1,magnestie,1,magnetic,1
5020,magnetic field,1,magnetic flux,2,magnetic reconnection,1
5023,magnetite,1,magnetopause,1,magnetosphere,1
5026,magnetotail,1,magnolia,1,magpie,3
5029,Mahatma Gandhi,1,Mahayana,1,maid,1
5032,maid of honor,1,main course,1,main dish,1
5035,main group elements,1,main sequence star,1,main sequence start,1
5038,maintenance,2,maintenance crew,1,maitake,1
5041,maitake mushrooms,1,maize,1,majestic,3
5044,major,1,major and minor,1,major general,1
5047,makeup,1,makeup bag,1,makeup remover,1
5050,makup bag,1,Malacca Strait,1,malachinte,1
5053,malachite,2,malagao,1,malaria,3
5056,maldon,1,mallard,2,malocclusion,1
5059,malt,3,malt beverage,1,maltose,1
5062,mammal,1,mammals,1,mammatus,1
5065,mammatus cloud,1,mammoth,1,man-made fiber,1
5068,mana,1,mana point,1,mandarin,2
5071,mandarin chinese,1,mandarin duck,2,mandarin fish,2
5074,mandate,1,mandolin,1,maneuver,4
5077,manganese,2,manganese dioxide,1,mango,1
5080,mango lassi,1,mangoes,2,mangrove,3
5083,manoeuvre,1,manover,1,mansion,1
5086,manta ray,1,mantissa,1,mantle,1
5089,mantou,1,maple syrup,1,mapo tofu,1
5092,marathon,1,Marauder,1,marble,1
5095,marbled,1,marchioness,1,margin,1
5098,marguerite perey,1,Marie Curie,2,marigold,1
5101,marijuana,1,marimba,1,marinated,4
5104,marinated in,2,marine,5,marine corps,1
5107,Mark Zuckerberg,1,marquess,2,marquis,1
5110,marquise,2,marry,1,Mars,1
5113,marshes,1,Martin Luther King Jr,1,martini,1
5116,mascara,1,Mashed,1,mashed,1
5119,mashed potatoes,1,masher,1,Masjid,1
5122,masking tape,1,mason,2,mass,1
5125,mass index,1,mass wasting,1,Mass-Energy Equivalence,1
5128,massage,1,mast cell,1,Master of Arts,1
5131,Master of Science,1,master sergeant,1,Master's Degree,1
5134,mastery,1,mastodon,1,matcha,4
5137,matcha latte,1,maternity,2,maternity insurance,1
5140,mathematics,1,Mathematics,1,mating behavior,1
5143,matouqin,1,mats,1,matsutake,2
5146,Matsutake,1,matte,1,matte lipstick,1
5149,matter-antimatter annihilation,1,mattress,3,mattress pad,1
5152,mattress topper,1,mauve,1,maw,1
5155,Max Planck,1,maxi dress,2,maxillofacial,1
5158,Maxima,1,Maxwell's Equations,1,mayo,3
5161,mayonnaise,1,mayor of prefecture-level city,1,Mazda,1
5164,MDMA,2,meadow,2,meal,1
5167,meal moth,1,meander,1,measuring cups,1
5170,measuring spoons,1,measuring tape,2,Meat Pie,1
5173,meat pies,1,meatballs,1,Mecca,1
5176,mechanical,1,mechanical pencils,1,Mechanics,1
5179,mecilum,1,medal,2,medding,1
5182,medical,1,medical affairs,1,medical corps,1
5185,medical evacuation,1,medical records,1,medication,1
5188,medicine,2,Mediterranea,1,Mediterranean,1
5191,mediterranean,2,Mediterranean Sea,1,megalodon,1
5194,megan,1,meganeura,1,megatherium,1
5197,meitnerium,1,melancholic,1,melanin,1
5200,melanosporum,2,mellow,1,melodiously,1
5203,melody,1,melon slice,2,membrane,1
5206,Memorial,1,Memorial day,1,memory foam pillow,1
5209,memory footprint,1,mendelevium,1,meniscus,1
5212,menstruation,1,mentorship,1,Mercedes-Benz,1
5215,merci,1,mercury,2,Mercury,1
5218,mercury chloride,1,mercury choloride,1,mercury sulfide,1
5221,merit,1,mermaid dress,1,merpeople,1
5224,merry,2,mesas,1,mesocyclone,1
5227,mesosphere,1,mesozoic,1,message,1
5230,metal,1,metal braces,1,metamorphic,1
5233,metamorphic rock,1,metamorphism,1,metamucil,1
5236,metaphor,1,metasequoia,1,meteor,1
5239,meteor shower,1,meteor showers,1,meteoroid,1
5242,meteoroids,1,meteorological,1,meteors,1
5245,metformin,1,methamphetamine,2,methamphetamine hydrochloride,1
5248,methane,3,methanol,2,methionine,1
5251,Methodism,1,methylcytosine,1,meticulous,1
5254,metronidazole,1,Metronidazole,1,meza,1
5257,meze,1,meze platter,2,mica,2
5260,Michael Faraday,1,Michelangelo Buonarroti,1,Michelin,1
5263,microclimate,1,micrometer,1,micronutrient,1
5266,micronutrients,2,microwave,1,microwave-safe containers,2
5269,mid-autumn festival,1,mid-calf,1,mid-calf boots,1
5272,middle easterners,1,middle finger,1,middle school,1
5275,middle toe,1,midi dress,1,midrange,1
5278,midterm exam,1,mignon,1,migraine,3
5281,migrant,1,migrate,1,migration,1
5284,miinced,1,Mikhail Kalashnikov,1,mild,1
5287,mildly,1,militants,1,military,1
5290,military aviation,1,military polic,1,military police,1
5293,milk tea,1,milkshake,1,milkshakes,1
5296,milky way,1,millenniums,1,millet,1
5299,millipede,1,mime,1,mimosa,1
5302,minaret,1,minced,3,minced meat,1
5305,mindset,1,mine,1,mineral,2
5308,mineral water,1,Minerva McGonagall,2,Minerva McGonagll,1
5311,mingled,1,mingled with,1,mini dress,1
5314,mini shorts,1,minion,1,minister,3
5317,ministerial,1,ministerial level deputy,1,ministerial level principal,1
5320,ministry,1,mink,1,mink coat,1
5323,mint,2,mint leave,1,mint leaves,1
5326,Mintaka,1,miocene epoch,1,miotics,1
5329,mipmap,1,mirage,4,mirin,1
5332,mirror,1,miscellaneous,2,miscellany,1
5335,miso,2,miso broth,1,misogynist,1
5338,miss friday,1,missionary,1,Mississippi River,1
5341,mist,2,mistletoe,1,mites,2
5344,mitigating,1,Mitsubishi,1,mittens,1
5347,mixing bowls,1,MLSys,1,MMORPG,1
5350,MOBA,1,mochi,1,mock,2
5353,mock strawberry,1,mocktails,1,modal,1
5356,modem,1,moderate,1,modern,1
5359,modern pentathlon,1,modest,1,modulator,1
5362,modulatory,1,Mogolian,1,mohs scale,1
5365,moisturizer,1,mojito,2,molasses,1
5368,mold,1,mold spores,1,mole,2
5371,molecule,1,mollusks,1,molten,1
5374,molybdenite,1,molybdentie,1,molybdenum,2
5377,momentum,1,monastery,1,money tree,1
5380,Mongolia,1,Mongolian,1,mongoloid race,1
5383,Mongols,1,monocle,1,monodrama,1
5386,monolithic,1,monosodium,1,monosodium glutamate,1
5389,monotonic,1,monovalent,1,monoxide,1
5392,monsoon,2,monstera,1,monstera deliciosa,1
5395,monument,1,monumental,1,mood,1
5398,moon,1,moon dog,1,moon guitar,1
5401,moondust,1,moonlight,2,Moons,1
5404,moonstone,1,moor,1,mop,3
5407,mop and bucket,1,moraine,1,moral,1
5410,morality,1,morchella,2,more or less,1
5413,morel,2,morel mushrooms,1,morning glory,1
5416,morning suit,1,morphine,2,morphology,2
5419,mosasaurus,1,moscovium,1,Moscow,1
5422,mosquito,1,mosquito net,1,mosquitoes,2
5425,moss,1,moste,1,moste potente potions,1
5428,motel,1,moth,2,mothball,1
5431,motion,1,motion sickness pill,1,Mount Fuji,1
5434,Mount Kilimanjaro,1,Mount Vesuvius,1,mounting,1
5437,mourn,1,mouth organ,2,mouth sores,1
5440,mouthwash,1,mouthwash cup,1,movie theater,1
5443,moxifloxacin,1,Mozzarella,1,Mozzarella Cheese,1
5446,MRI,1,MSG,1,mu,1
5449,muffin,1,muffin head,2,muffin tin,1
5452,mug,2,muggle,1,mugwort,1
5455,Muhammad,1,mulberry,2,mules,1
5458,multi-fruit,2,multidisciplinary,1,multiplantary,1
5461,multiplayer online battle arena,1,multiverse,1,multivitamin,1
5464,mum,1,mummy,1,mung,1
5467,mung bean,1,mung bean paste,1,mung bean paster,1
5470,municipal,1,municipality,2,municipality directly under the,2
5473,murmur,1,murmuring,1,musaceous,1
5476,muscovite,1,muse,1,mushrooms,1
5479,musical,1,muskmelon,1,mussels,2
5482,mustard,3,mustard greens,1,mustard seeds,1
5485,mustart,1,mute swan,1,muted,1
5488,mutual,1,mutual support,1,mutualism,1
5491,muyu,1,mydriatics,1,myna,2
5494,myopia,1,mysterious,1,mysteriously,1
5497,mystery,1,mystical,2,naan,1
5500,naan bread,1,nabla,1,nachos,1
5503,nadir,1,nail,4,nails,1
5506,nantional level principal,1,nantional level principla,2,naphthalene,2
5509,napkin,1,naproxen,1,narcissus,2
5512,narcotics,1,narcotics control bureau,1,narcotine,1
5515,narrative,1,narrator,1,narwhal,2
5518,narwhal tusk,1,NASA,1,nasal septum,1
5521,nasal spray,1,nasal sprays,1,nasi goreng,1
5524,Nasi Lemak,1,nasitis,1,naso-ocular,1
5527,national anthem,1,national emblem,1,national flag,1
5530,national level deputy,1,Native Americans,1,native gold,1
5533,native silver,1,NATO,2,natron,1
5536,natural fibers,1,Natural Sciences,1,natural selection,1
5539,naturalization,1,Naturally Aspirated Engine,1,nautiloid,1
5542,nautiloids,1,Nautilus,1,nautilus,1
5545,naval,1,naval air force,1,naval aviation,1
5548,naval special warfare,1,naval warfare,1,naval warfare equipment,1
5551,navel,1,navigation system,1,navy beans,1
5554,NBD,1,nebula,1,nebulae,1
5557,necessitates,1,nectarines,1,needle,1
5560,needle nose pliers,1,negotiations,2,negroid,1
5563,negroid race,1,neigh,1,neighborhood,2
5566,Neil Armstrong,1,Nelson Mandela,1,neo^ meso and pale,2
5569,neo^ meso and paleo,1,neo-conservatism,1,neodymium,1
5572,neon,1,Nepal,1,Nepel,1
5575,nephew,1,nephrology,1,neptune,1
5578,Neptune,1,neptunium,1,nerd,1
5581,nerf,1,net force,1,netherlands,1
5584,neurology,1,neuromodulatory,1,neurosurgery,2
5587,neurotransmitter,2,neutral,2,neutrino,3
5590,neutron,1,neutron star,1,nevertheless,1
5593,New Year's Eve,1,newbie,1,Newton's Laws of Motion,1
5596,Niachin,1,Niacin,1,niacin,1
5599,Niagara Falls,1,niche,1,nickel,3
5602,Nicolaus Copernicus,1,nicotine,1,nicotinic,1
5605,nicotinic acid,1,nicotinylsalicylic acid,1,niece,1
5608,Niels Bohr,1,nigger,1,Night Vision Goggles,1
5611,nightclub,1,nightingale,1,nightstand,3
5614,nihonium,1,Nikola Tesla,1,Nile River,1
5617,nimbostratus,1,nimitz,1,Nintendo,1
5620,niobium,1,nipping,1,nipple,1
5623,Nissan,1,nitric,1,nitric acid,1
5626,nitrites,1,nitro,1,nitrogen,2
5629,nitrogen dioxide,1,Nitroglycerin,1,nitrous,1
5632,nitrous oxide,1,nitwit,1,no credit,1
5635,no problem,1,no-show socks,1,nobelium,1
5638,nobility,2,noble,1,noble prize,2
5641,noctilucent,1,nocturnal,1,nominate,1
5644,nominative,1,nominative clause,1,non-dairy,1
5647,nonpoint,1,nonsense,1,NOOB,1
5650,noodles,1,noon,1,norepinephrine,1
5653,norfloxacin,1,nori,1,North America,1
5656,north pole,1,northern^ southern^ eastern and,1,nose clip,2
5659,nose plug,1,nostalgia,1,nostalgic,2
5662,notoginseng,1,Notre-Dame de Paris,1,noun,2
5665,nourishing,3,noviolate,1,NP,1
5668,NSFW,1,nu,1,nucleus,1
5671,nudge,3,nugget,1,nuggets,1
5674,number of degrees,1,number sign,1,Numbered Musical Notation,1
5677,numbing,3,numerary,1,numeric notation,2
5680,Numerical Grading System,2,nunnery,1,nursing,1
5683,nursing departement,1,nursing home,1,nurturing,1
5686,nut,1,nutmeg,2,nutrients,2
5689,nutrition,2,nutrition facts,1,nutritional,1
5692,nutter,1,nylons,1,nystrom,1
5695,oak,1,oar,1,oat milk,1
5698,oatmeal,2,oats,1,OB,1
5701,obesity,1,object clause,1,objectionable,1
5704,Objective Testing,1,oblique,1,obliquity,1
5707,oboes,1,obscene,1,obscurity,1
5710,obsidian,1,obstetrics,1,obstruct,1
5713,obstructive,1,obtuse,1,obtuse angle,1
5716,occidental,1,occluded,1,occupational,1
5719,occupational disease,1,occupational health,1,ocean,1
5722,ocean acidification,2,ocean sunfish,1,ocean trench,1
5725,Oceania,1,oceanic,1,ochre,1
5728,octopus,2,ocular,1,odds,1
5731,ode,1,ODE,1,oeffervescent,1
5734,oelek,1,offal,1,office supplies,1
5737,officinarum,1,offspring,1,oganession,1
5740,oganesson,1,Ohm's Law,1,oil or fat,1
5743,oil pastels,1,oil shale,1,old-line,1
5746,olive,2,olive oil,1,oliver,2
5749,olives,1,olivine,1,olivinie,1
5752,olopatadine,1,omega,1,omeprazole,1
5755,omicron,1,omitted,1,on occasion,2
5758,oncology,1,onion rings,1,onyx,1
5761,oolong,1,oolong tea,1,oort cloud,1
5764,OOTD,1,OOTN,1,opalescent,1
5767,opaque,1,open bite,1,open hourse,1
5770,open house,1,opera,4,opera house,1
5773,opera venues,1,opera violin,1,ophiopogon,1
5776,ophiopogon root,1,ophthalmology,1,opined,1
5779,opium,1,opportunities and threats,1,opposition,1
5782,optical,2,optical telescope,1,optimism,1
5785,optimistic,1,opulent,1,oral,1
5788,Oral Cancer,1,oral health,1,oral surgery,1
5791,orbit,1,orbital,2,orbital debris,1
5794,orbital decay,1,orbital resonance,1,orbital speed,2
5797,orbital velocity,1,orbits,1,orbits the sun,1
5800,orca,1,orchard,1,orchestra,2
5803,orchestra level,1,orchestra pit,2,orchestra section,1
5806,Orchestral Score,1,orchid,2,ordinary,1
5809,ordinate,1,ordination,1,ordovician,1
5812,ordovician period,1,ore veins,1,oregano,1
5815,organ,3,organic,2,organic acid,1
5818,organic compounds,1,organic fertilizer,1,oriental,5
5821,orientation,1,oriented,1,oriole,1
5824,orion,1,Orionids,1,ornate,1
5827,ornithine,1,orogeny,1,orphanage,1
5830,orthodontic,1,Orthodontics,1,orthodox,1
5833,orthography,1,Orville Wright,1,Oryon,1
5836,OSFA,1,osmium,1,osprey,1
5839,osteoarthritis,1,ostrich,1,OTOH,1
5842,otolaryngology,1,otoro,1,ototoxicity,1
5845,otter,1,ottoman,1,outer core,1
5848,outerwear,1,outlet,2,outlets,1
5851,outlined,1,outreach,1,outseam,1
5854,oval,1,ovaries,1,oven,4
5857,oven-roasted,1,ovens,1,over-the-knee socks,1
5860,overbite,2,overcapacity,1,overcast,1
5863,overlap,1,overseas Chinese,1,overworld,1
5866,ovo,1,owe,1,Owlery,1
5869,Ox,1,ox,1,Ox Tripe,1
5872,ox tripe,1,oxeye,1,oxeye daisy,1
5875,oxides,1,oxidized,2,oxygen,2
5878,Oyasumi,1,Oyasuminasai,1,oyster,3
5881,oyster mushrooms,1,oyster sauce,2,oysters,1
5884,ozone,2,ozone layer,1,Pacific,1
5887,pacific,1,Pacific Ocean,1,pacific saury,1
5890,pacific suary,1,pad thai,1,padding,1
5893,paddle,1,paddlefish,1,paddles,1
5896,pagan,1,pain relievers,2,paint,1
5899,paints,1,paixiao,1,pajamas,1
5902,pal,1,Palace,1,Palace of Versailles,2
5905,palazzo,1,pale,1,pale red,1
5908,paleo,1,paleocene,2,paleocene epoch,2
5911,paleoclimatology,1,paleoecology,1,paleogene,1
5914,paleogene period,1,paleontology,1,paleozoic era,1
5917,palette,1,palindrome,1,palladium,1
5920,palliative,1,palliative care,1,palm,3
5923,palm tree,2,palsy,1,pan-fried,1
5926,pan-fried dumpling,1,Pan-Fried Dumplings,1,pan-seare,1
5929,pan-seared,3,pan-seared fish fillets,2,Panama Canal,1
5932,pancakes,1,pancreas,3,pangaea,1
5935,panic,1,panick,1,panicking,1
5938,panini,1,panko,1,panorama,1
5941,panoramic,1,panoramic sunroof,1,pans,1
5944,pantain,1,Pantheon,1,panther,1
5947,panties,2,pantomime,1,Pantothenic,1
5950,pantothenic,1,Pantothenic Acid,1,pantothenic acid,1
5953,pantry,1,panzer,1,papaya,2
5956,paper clips,1,paper towels,1,paperclip,1
5959,papilio,1,Papilio blumei,1,Papilio maackii,1
5962,paprika,1,parabola,2,paracetamol,1
5965,paradox,1,parakeet,1,parameters,1
5968,paramount,1,paraphernalia,1,parasaurolophus,1
5971,parasites,1,parasitic,1,parasitism,1
5974,parasol,2,parasol tree,1,parastic,1
5977,parchment,1,pardner,1,parent,2
5980,parent-teacher collaboration,1,parent-teacher conference,1,parenthese,1
5983,parentheses,1,parenthesis,1,parka,1
5986,parking orbit,1,parlance,1,parley,1
5989,parliament,1,Parmesan,1,Parmesan Cheese,1
5992,parody,1,parrot,1,parrotfish,1
5995,parsley,2,parsnips,1,parson,1
5998,parterre,1,partial,1,partial differential equation,1
6001,participle,1,participle phrase,1,particle,2
6004,particle board,1,particles,1,particulate,1
6007,particulate matter,1,partly cloudy,1,partridge,1
6010,parts of speech,1,party,1,parure,1
6013,passiionate,1,passionate,1,passive,1
6016,passive voice,1,passport,1,pasta,3
6019,pastels,1,pastor,1,pastries,1
6022,pastry,1,pastry cutter,1,patchwork,1
6025,pathology,1,patina,2,patriot,1
6028,patriot missile,1,patrol,2,patronage,1
6031,patty,2,Pauli Exclusion Principle,1,paviliion,1
6034,pavilion,2,paw,1,pay scales,1
6037,payment,1,pdozol,1,peace dove,1
6040,peacoat,1,peacock,3,peafowl,1
6043,peanut,1,peanut oil,1,peanut sauce,1
6046,peanutanut,1,peanuts,2,pear puree,1
6049,pearl barley,1,pearl oyster,1,pearls,1
6052,pearly,1,pears,1,peas,2
6055,peasant,1,peat,1,pecan pie,1
6058,pecanpie,1,pecans,2,pedagogy,1
6061,pedal,1,pedal brakes,1,pedal breaks,1
6064,pedator,1,pediatrics,1,pedicure,1
6067,peek,1,peel,1,peeler,1
6070,peen,1,Pegasus,1,pegasus,1
6073,peking duck,1,pelargonium,1,pelican,1
6076,pen ink,1,penceil erasers,1,pencil erasers,1
6079,pendulum,1,penecil,1,penetrate,1
6082,penguin,1,penguini,1,penicillin,3
6085,peninsula,1,penis,1,penne,1
6088,Pensieve,2,pension,1,pentagon,1
6091,pentathlon,1,pentatholon,1,peony,2
6094,pep pill,1,pepitas,1,peppercorns,3
6097,peppermint,2,pepperoni,2,peppers,1
6100,pepsi,1,peptic,1,peptic ulcer disease,1
6103,percale,1,percale sheet,1,perceive,1
6106,percentage,1,percentage grades,1,perceptron,1
6109,perch,2,perchloric acid,1,percussion,2
6112,percussion section,1,percussionist,1,peregrine falcon,1
6115,perfection,1,performance art,1,perfumes,3
6118,peri-peri sauce,1,peridot,1,perilla,1
6121,period or full stop,1,periodontitis,1,periwinkle,1
6124,permafrost,1,permafrost thawing,2,permanent,2
6127,permanent markers,1,permanganate,1,permeability,1
6130,permian,1,permit,1,permits,1
6133,permittivity,1,peroxide,1,perpetual,1
6136,perpetually,1,perpetuity,1,perplexity,1
6139,perseids,1,Perseids,1,Perseus,1
6142,perseus,1,perseverance,1,personal care,1
6145,personnel,2,perspectives,1,pest,1
6148,pesticide,1,petals,1,Peter Pettigrew,1
6151,petite,1,petrel,1,petrol,1
6154,petroleum,2,petty,1,petty officer,1
6157,pewter,1,pg cartoon,1,phacops,1
6160,phalaenopsis orchid,2,phanerozoic,1,phanerozoic eon,1
6163,phantasm,1,phantom,1,pharaohs,1
6166,pharmacy,4,pharynx,1,pheasant,1
6169,phenomena,2,phenomenon,1,phenylalanine,1
6172,phi,2,philharmonic,1,philharmonic orchestra,1
6175,phillips,1,Phillips Screwdriver,1,philosopher,1
6178,philosopher's stone,1,Philosophy,1,philtrum,1
6181,phlebotomy,1,phlebotomy lab,1,Phobos,1
6184,phoenix,1,Phoenix Claws,1,phoning it in,1
6187,phosphate rock,1,phosphorescence,1,phosphoric,1
6190,phosphoric acid,1,Phosphorus,1,phosphorus,2
6193,photo frame,1,photon,2,photosphere,1
6196,phthos,1,phylogenetic tree,1,physical education,1
6199,physics,1,Physics,1,pi,1
6202,pianist,1,piccolo,2,pick-me-up,1
6205,pickled,2,pickled ginger,2,pickled peppers,1
6208,pickled turnips,1,pickup truck,1,picric,1
6211,picric acid,1,pie dish,1,piercing,1
6214,Pierre de Fermat,1,pig^ swine^ sow^ boar,1,pigeon,3
6217,piglet,1,pike,2,pike units,2
6220,pikes,1,piling up,1,pillar,2
6223,pillow,4,pillow towel,1,pillowcase,2
6226,pilots,1,pine,2,pine nuts,2
6229,pine taiga,1,pineapple,1,ping-pong paddle,1
6232,pinhead,1,pink eye,1,pink salt,1
6235,pinky toe,1,pinpick,1,pinprick,1
6238,pinto,1,pinto beans,1,pioneer,1
6241,pious,1,pipa,1,pipe wrench,1
6244,Pirelli,1,Pisces,1,Piscis Austrinids,1
6247,Piscis Austrinus,1,pistachios,2,pistol,1
6250,pit,1,pit viper,1,pita,1
6253,pita bread,1,pitch,1,pitchblenda,1
6256,pitchblende,1,pitcher,4,pity,1
6259,pivit,1,pivot,1,pixie,1
6262,placket,1,plaid,1,plane tree,1
6265,planetary nebula,1,planetary ring,1,Planets,1
6268,planners,1,plant extracts,1,plant-based,1
6271,plantain,2,plantain herb,1,plantary,1
6274,planter,1,planus,1,plasma,1
6277,plasmodium,1,plasterboard,1,plastic,2
6280,plastic surgery,1,plata,1,plate,1
6283,plate tectonics,1,plateau,2,plates,2
6286,platina,1,platinum,2,Plato,2
6289,platter,2,play-of-color,1,playhouse,1
6292,pleated,1,pleistocene epoch,1,plesiosaur,1
6295,plesiosaurus,1,pliers,2,pliocene epoch,1
6298,PLMK,1,plover,1,PLS,1
6301,plug cover,1,plum,4,plum blossom,1
6304,plum sauce,1,plumbum,1,plums,1
6307,plunge,1,plush,1,plush toy,1
6310,pluto,1,Pluto,1,plutonium,1
6313,plywood,1,PLZ,1,PM,1
6316,pneumonia,2,poached,2,poached shrimp,2
6319,pocket,1,podzol,2,poetic,2
6322,poetic devices,1,POF,1,poignant,1
6325,poison,1,poisonous,1,poisonus,1
6328,poland,1,polar,1,polar bear,2
6331,polar easterlies,1,polar solvent,1,polar sovent,1
6334,polar vortex,1,polaris,1,polariscope,1
6337,pole vault,1,Polenta,1,polenta,1
6340,poles,1,police department,1,police station,1
6343,polished,1,political spectrum,1,polka,1
6346,pollen,1,pollution,1,Pollux,1
6349,polo,1,polo shirt,1,polonia,1
6352,polonium,1,polyanion,1,polycation,1
6355,polyester,1,polyester^ spandex^ elastane and,1,polyethylene,1
6358,polymath,1,polymyxin,1,polyphenols,1
6361,polypropylene,2,polystyrene,1,polyvinyl,1
6364,polyvinyl chloride,1,pomade,1,pomegranate juice,1
6367,pomegranates,1,pomfret,1,pommel,1
6370,pommel horse,1,Pompeii,1,pond,1
6373,poomsae,1,popcorn,2,pope,1
6376,poplar,2,poplin,1,poppy,2
6379,poppy seeds,1,poppy-seed oil,1,population,1
6382,population and community,1,population census,1,population density,1
6385,populus euphratica,1,porate,1,porated,1
6388,pore,1,poria,1,pork,2
6391,pork bao,2,pork belly,2,pork chops,1
6394,pork tenderloin,1,porkchop,1,Porsche,1
6397,portfolios,1,portico,1,portobello mushrooms,1
6400,possess,1,possession,1,post-it,1
6403,pot,2,pot ash,1,pot cheese,1
6406,pot smoker,1,pot soup,2,Potassium,1
6409,potassium,3,potassium chloride,1,potassium nitrate,1
6412,potassium permanganate,1,potato masher,1,potatoes,1
6415,potente,1,potential,1,potential energy,1
6418,pothead,1,pothos,1,pots,1
6421,pots and pans,1,pots noodles,1,potsticker,3
6424,Potsticker,1,pouch,1,poultry,1
6427,pound sign,1,poverty,1,povidone,1
6430,povidone iodine,1,powder,1,powder foundation,1
6433,power drill,1,power outlet,1,power strip,1
6436,power strips,1,power windows,1,Powerade,1
6439,PPI,1,PPL,1,PPT,1
6442,practical lessons,1,practice sheets,1,pragmatics,1
6445,praised,1,praseodymium,1,pratical lessons,2
6448,prawn,2,prawn crackers,1,preach,1
6451,preacher,1,prebiotics,2,precedented,1
6454,precent sign,1,precession,1,precious,1
6457,precipitation,1,precise,1,precision,2
6460,precison,2,predation,1,predator,1
6463,predicate,1,predicative,1,predicative clause,1
6466,prefecture,1,prefecture-level,1,prefecture-level city,2
6469,prefeture-level city,1,pregant,1,pregnance,1
6472,pregnancy,3,pregnant,2,pregnent,2
6475,preliminary,1,premier of the state,1,premium,3
6478,premium beef,2,premium tonic foods,1,prepared mustard,1
6481,preposition,2,Presbyterian,1,prescription,1
6484,presence,1,preservatives,1,preserved plums,2
6487,president of the state,1,pressed powder,1,pressure cooker,1
6490,presto,1,presumed,1,pretzel,1
6493,Prevention of Mother-to-Child Transmission,2,prey,1,prickly,1
6496,priest,1,prim,1,primary,1
6499,primary explosives,1,primates,1,prime,1
6502,primer,2,Principal,2,Principal Investigator,1
6505,principal players,2,printed paper,1,printer,1
6508,printer paper,1,priority,1,prism,2
6511,prismarine,1,prisoner,1,proactivity,1
6514,probation,1,probiotic,1,probiotic yogurt,1
6517,probiotics,2,procincial level principal,1,procrastination,3
6520,procuratorate,1,Procyon,2,productive cough,1
6523,profound,2,profoundly,1,profusely,1
6526,progress,1,progressing,1,progression,1
6529,progressive,2,project,1,projectile,2
6532,projection,1,projector,1,proline,1
6535,prologue,1,prolonged,1,prom,2
6538,prom dress,1,promenade,1,promethium,1
6541,prominence,1,prominent,1,promising,1
6544,promotion,3,prong,2,pronoun,1
6547,proof,1,propaganda,1,propagule,1
6550,propan,1,propane,2,propanol,1
6553,propellant,1,propelled,2,property tax,1
6556,prophet,1,propolis,1,proportional,1
6559,proportional to,1,proposal,2,propotypes,1
6562,propylene,2,prosciutto,1,prosecco,1
6565,prostaglandins,1,prostate,2,prostate cancer,1
6568,protactinium,1,protanopia,1,protective gear,1
6571,protein,2,protein shakes,1,proteins,1
6574,proterozoic,1,proterozoic eon,1,protest,1
6577,Protestant,1,Protestantism,1,protine,1
6580,proton,3,proton pump inhibitor,1,prototypes,1
6583,protractor,1,protruding,1,protruding teeth,1
6586,protrusion,1,provident,1,province,1
6589,provincial,1,provincial level deputy,1,provincial level principal,1
6592,proxima centauri,1,proximity,2,prune,1
6595,prune juice,1,pruning shears,1,prunus,1
6598,prunus serrulata,1,PSAT,1,pseudoephedrine,1
6601,psi,1,psoriasis,1,psychiatry,1
6604,psychology,1,psychrometer,1,pteranodon,1
6607,pteridophyta,1,pterosaur,2,PU,1
6610,PU Leather,1,public affairs officer,1,puce,1
6613,pudding,1,puerilism,1,puff,1
6616,puffball,1,puffer,1,puffer jacket,1
6619,pufferfish,1,puffs,1,pugstar,1
6622,pulled pork,1,pullover,1,pulmonary,1
6625,pulmonology,2,pulsar,1,pumice,1
6628,pumpkin seeds,1,pumps,2,punch,1
6631,puncture,1,puncture vine,1,pungent,2
6634,pup,1,pupae,1,pupil,1
6637,puree,2,purifier,1,Puritanism,1
6640,purslane,2,pursuits,1,push up,1
6643,pusher,1,PVE,1,pVP,1
6646,pyramid,1,Pyramids of Giza,2,pyranometer,1
6649,pyridoxine,1,pyrite,1,pyroxene,1
6652,Pythagoras,1,Pythagoras of Samos,1,Pythagorean,1
6655,python,2,Q-tips,1,qinghao,1
6658,qingming festival,1,qixi festival,1,qpa,1
6661,quadom,1,quadrant,1,quadruple,1
6664,quadruple therapy,2,Quaffle,1,quail,3
6667,quaild,1,Quakerism,1,Quantum Entanglement,1
6670,Quantum Mechanics,2,quantum state,1,quantum tunneling,1
6673,quarantine,1,quarter note,1,quarters,1
6676,quarto,1,quartz,1,quasa,1
6679,quasar,1,quasi,1,quaternary period,1
6682,quaters,1,queen ant,1,queen bee,1
6685,question mark,1,quetzalcoatlus,1,quick packaging and takeaway,1
6688,Quidditch,1,quill,1,quilt,2
6691,quilt cover,1,quilted,1,quinine,3
6694,Quinine bimuriate,1,quinine HCL,1,quinine sulfate,1
6697,quinoa,6,quiver,1,quizzes,1
6700,quotation mark,1,rabbit stew,1,races,1
6703,racist,1,rack,3,racket,1
6706,racks,1,racquet,1,radiance,2
6709,radiant,1,radiate,1,radiation belt,1
6712,radiator,1,radical,1,radio telescope,1
6715,radiometric,1,radiometric dating,1,radios,1
6718,radiosonde,1,radiotherapy,1,radish,1
6721,radishes,1,radium,1,radius,1
6724,radon,1,rag-rug,1,raid,1
6727,raider,1,rain forest,1,raincoat,1
6730,raindrop,1,ram,1,ramadan,1
6733,Ramadan and Eid al-Fitr,1,ramen,2,rapine,1
6736,rapine economy,2,rapturous,1,rash,2
6739,rash guard,1,raspberries,1,rat snake,1
6742,rationalizing substitution,1,ratios,1,rattan,1
6745,rattle,2,rattlesnake,2,Ravenclaw,1
6748,ray,2,rayon,1,razor blades,1
6751,razors,1,RDX,2,rea,1
6754,reactionary,2,reading comprehension,1,realgar,1
6757,realism,1,really a pity,1,reaper,1
6760,reappraisal,1,rear,1,rearview,1
6763,rearview camer,1,rearview mirror,1,reassignment,1
6766,receptacles,1,receptor,1,recess,2
6769,recession,1,recliner,1,reclining,1
6772,recluse,1,Recognizing Textual Entailment,1,recompense,1
6775,reconnaissance,1,reconnaissance aircraft,1,reconnoissance,1
6778,reconnoissance aircraft,1,recover,1,recreation,1
6781,recruit,2,recruite,1,recruiters,1
6784,recruitment,1,rectifying,1,rectum,1
6787,Recycled Fiber,1,red bean paste,1,Red Bean Paste,1
6790,red coral,1,Red Dot Sight,1,red giant,1
6793,red ink,1,red sorrel,1,red spider lily,1
6796,Red Square,1,red wine,2,red-banded,1
6799,red-crowned,1,red-crowned crane,1,red-tailed hawk,1
6802,rediology,1,redneck,1,redshift,1
6805,redwood,1,reed,1,reed membrane,2
6808,reef,1,reefer,1,refillable pen,1
6811,refined,1,refined grains,1,refining,1
6814,refired,1,reflecting,1,reflecting telescope,1
6817,reflection,1,reflux,1,refract,1
6820,refracting,1,refracting telescope,1,refractive,2
6823,refractometer,1,refreshing,1,Refrigerant,1
6826,refrigerator,1,refugee,2,refund,1
6829,refusal,1,regarded as,1,regarding,2
6832,regarding of,1,regarding to,1,regardless of,1
6835,reggiano,1,regrading,1,regrading of,1
6838,regrading to,1,regular,1,regular cola,1
6841,regulations,1,regulatiosn,1,regulator,1
6844,Regulus,1,rehab center,1,rehabilitation,3
6847,rehearsal,1,rehearse,1,reigniting,1
6850,reincarnation,1,reindeer,2,reinfection,1
6853,reinforcement,1,rejoice,1,relative clause,1
6856,relaxed,1,relevance,1,relevision,1
6859,relievers,1,religious,1,relinquished,1
6862,relive,1,reluctant,1,remedies,2
6865,Remembrall,1,reminiscent,1,remnants,1
6868,remote batteries,1,remote contro,1,remote control,1
6871,Remus Lupin,1,rendang,1,Rene Descartes,1
6874,renewable,1,renewable energy,1,rental,1
6877,rententive,1,repatriation,1,repetition,1
6880,replenishment,1,replenishment ship,2,report card,1
6883,reposition,1,representative,1,reproductive,1
6886,reptiles,1,Republican Party,1,reputation,3
6889,reputational,1,resemble,2,resembling,1
6892,reserve,1,reserve force,1,reside on,1
6895,residence,2,residence permit,1,residency,1
6898,residency abroad,2,resident,1,resident alien,1
6901,resides at,1,resilience,2,resilient,1
6904,resin,1,resinous,1,resistant,1
6907,resolute,1,resolutely,1,resolve,1
6910,resonance,4,resort,2,resource room,1
6913,resove,1,respecting,1,respiratory,3
6916,respiratory medications,2,respiratory medicine,1,resplendent,2
6919,resplendently,1,restitution,1,restoration,1
6922,resurrection,1,retain,1,retard,1
6925,retentive,2,retina,1,retirement fund,1
6928,retreat,2,retrieve,1,retrieving,1
6931,retrograde,1,retrograde motion,1,retrograde orbit,1
6934,returnee,1,retweet,1,reunification,1
6937,reveal,2,revealer,1,reverence,1
6940,reverend,1,reverie,1,reversal,1
6943,revived,1,rhenium,1,rheumatoid,1
6946,rheumatoid arthritis,1,rheumatology,1,rhine,1
6949,rhinitis,1,rhino,1,rhinoceros,2
6952,rho,1,rhodium,1,rhubarb,1
6955,rhythm,1,rib,1,ribbonfish,1
6958,ribeye,1,Riboflaviin,1,Riboflavin,1
6961,riboflavin,1,ribs,1,rice,2
6964,rice balls,2,rice bowl,1,Rice Cracker,1
6967,rice krispies,1,rice noodles,1,rice rolls,1
6970,rice spatula,1,rice vinegar,1,rice wine,1
6973,Richard Feynman,1,riddle,1,ridge,1
6976,rifle,1,rift,1,Rigel,2
6979,right angle,1,rigor,1,rigorous,1
6982,rill,1,rim,1,rim brakes,1
6985,ring finger,1,rings,1,ripped,2
6988,ripped apart,1,ripped jeans,1,ripped open,1
6991,ripple,1,riptide,2,risotto,1
6994,river flows in you,1,rivet,1,riveting,1
6997,roast,1,roast beef,1,roast chicken,1
7000,roasted,2,roasted duck,1,roasted sweet potato,1
7003,roasted vegetables,1,roasting,1,roasting pan,1
7006,rob me,1,robbing me,1,robes,1
7009,robin,1,robot vacuum,1,roche limit,2
7012,rock carving,1,rock pigeon,1,rock sugar,1
7015,rocket launcher,1,Rocket Propelled Grenade,1,Rockwell,1
7018,Rocky Mountains,2,rods,1,roe,1
7021,roentgenium,1,ROFL,1,rolled,1
7024,rolled oats,1,rollerball pens,1,rolling pin,2
7027,Roman Forum,1,romanization,1,romanizationi,1
7030,romantic,1,Rome,1,romper,1
7033,Ron Weasley,1,Ronald Weasley,1,roof rack,1
7036,roof rails,1,rooibos,1,rooibos tea,1
7039,room divider,1,rooster,1,root beer,1
7042,rosa chinensis,1,rosacea,1,Rosalind Franklin,1
7045,rose,1,rose bush,1,rose wines,1
7048,rosemary,1,rotisserie,1,rotunda,1
7051,Rou Huoshao,1,roulette,1,Rover,1
7054,rowan,1,rowing,1,roxithromicin,1
7057,RPG,3,RSVP,1,rubber,2
7060,rubber glovers,1,rubber gloves,1,rubber plant,1
7063,Rubeus Hagrid,1,rubidium,1,ruby,1
7066,rudder,1,ruffle,1,rug,2
7069,rugby,1,rum,1,rumored,1
7072,run out of juice,1,runner,1,running shoes,1
7075,runs in families,1,rural,2,rural China,1
7078,russet,2,ruthenium,1,rutherfordium,1
7081,ruthlessness,1,rutilated,1,rutilated quartz,1
7084,rye,1,rye flour,1,saber,1
7087,saber-toothed,1,sable,2,sachets,1
7090,sack,1,Sadalsuud,1,saddle,1
7093,safety whistle,1,saffron,3,sagittarius,1
7096,Sagittarius,2,Sahara Desert,1,saharan,1
7099,sailor,1,Saint Petersburg,1,Saiph,1
7102,salad dressing,1,salad plate,1,salami,1
7105,salicin,1,salicin acid,1,salicylate,1
7108,salicylic acid,1,salience,1,saline,1
7111,salmon,3,salsa,3,salted butter,1
7114,salted duck egg,1,salted egg white,2,salted egg yolk,2
7117,salut,1,salute,1,samarium,1
7120,samba,1,sambal,1,sambal oelek,1
7123,Samos,1,sampler,1,sanctuary,2
7126,sancturay,1,sand pit,1,sandal,1
7129,sandalwood,1,sandpaper,2,sanitary,1
7132,sanitary pads,1,sanitation,1,sanitizing,1
7135,sanitizing compound,1,sanxian,1,Sanya,1
7138,sap,1,sapphire,1,SAR,1
7141,sarcastic,1,sardines,1,sashimi,1
7144,SAT,1,satay,1,satay noodles,1
7147,satay sauce,1,sateen,1,sateen sheet,1
7150,satellite,1,Satellite Communication,1,satellite imagery,1
7153,satellite radio,1,satellite system,1,satin,1
7156,satire,1,saturated,1,saturated fats,2
7159,Saturn,1,sauce bottle,1,saucepan,1
7162,saucer,2,sauces,3,Saudi Arabia,1
7165,sauerkraut,1,saury,1,sausage,1
7168,sausages,1,saute,1,saute pan,1
7171,savory,5,savory black bean,2,savvy,1
7174,saw,1,saw blade,1,sawfish,1
7177,sax,1,saxophone,1,scalable,1
7180,scallion,3,scallion dip,2,scallion oil,1
7183,scallion pancake,1,scallions,2,scallop,1
7186,scallops,4,scandals,1,scandinavians,1
7189,scandium,1,scarf,2,scarlet,1
7192,scarring,1,scattered,1,scattered disk,1
7195,scenary,1,scent,1,scented,1
7198,scented candles,1,schisandra,1,schist,2
7201,scholar,1,Scholarly language,1,scholars,1
7204,scholarship,1,scholarships,1,school counselor,1
7207,school year,1,schrodinger equation,1,schrodinger euqtion,2
7210,science,1,science and engineering,1,Science^ Technology^ Engineering^ and,1
7213,sciense,1,scintillation,1,scissors,2
7216,scoop,1,scoreboard,1,scorpion,3
7219,scorpius,1,Scorpius,1,scotch,2
7222,scotch tape,1,scottish,1,scrambled,1
7225,scrambled eggs,1,scrapes,1,scratch,1
7228,screw,3,Screw micrometer,1,screwdriver,2
7231,screwdriver bit set,2,screws,1,scripture,1
7234,scrub,1,scrub brushes,1,scrumming,1
7237,sea anemone,1,sea bass,1,sea cucumber,2
7240,sea hare,1,sea level rise,1,sea lion,1
7243,sea otter,1,sea salt,1,sea snail,1
7246,sea stack,1,sea star,1,sea urchin,1
7249,seaborgium,1,seafood,1,seafood alfredo,2
7252,seagull,3,seahorse,1,seal,1
7255,seal pup,1,seaman,2,seaman apprentice,1
7258,seaman recruit,3,seamless,1,seamount,1
7261,seams,1,seanut,1,seared,1
7264,seared in,1,seasonal forest,1,seasonal variation,1
7267,seasoned,1,seasoned salt,1,seasoned with,3
7270,seat massage,2,seaweed,2,seaweed sheets,2
7273,second cosmic velocity,1,second lieutenant,1,second violins,1
7276,second-degree burn,1,secretions,1,security lock,1
7279,sedative,1,sedge,2,sedimentary,1
7282,sedimentary rock,1,seduce,1,seedy,1
7285,seiche,1,seismic,1,seismic hazard,1
7288,Selenium,1,selenium,3,self-assurance,1
7291,self-control,1,self-discipline,1,self-propelled,1
7294,self-propelled howitzer,1,selfish,1,semester,1
7297,semi-major axis,1,semicolon,1,seminar,1
7300,seminarium,1,semitic peoples,1,senator,1
7303,senbei,1,sentence components,1,sentiment,1
7306,sepia,2,septum,1,sequined,1
7309,serbs,1,serene,2,serenely,1
7312,sergeant,2,Sergei Korolev,1,serine,1
7315,serology,1,serpens,1,serpent,1
7318,sertraline,1,served in,1,served with,2
7321,servicing kit,1,serving spoon,1,sesame,2
7324,sesame glutinous rice balls,2,sesame oil,2,sesame shaobing,1
7327,sesmae glutinous rice balls,1,setting,1,setting off,1
7330,setting powder,1,setting spray,1,settle,1
7333,settles it,1,Severus Snape,1,sexist,1
7336,Sha Qima,2,shaft,1,shake it,1
7339,shakers,1,Shakespeare,1,shakuhachi,1
7342,shale,2,shallow,1,shallow river,1
7345,shambles,1,shamisen,1,shampoo,1
7348,Shandong Crepe,1,shandong cuisine,2,Shandong Pancake,1
7351,shaobing,1,shaoxing wine,1,shark fin,1
7354,sharp-nosed viper,2,sharpnel,1,shatted,1
7357,shattered,1,shave,1,shears,2
7360,sheath dress,1,sheaves,1,sheen,1
7363,Sheep^ Ewe^ Ram and,1,sheet,1,sheet music,1
7366,sheets,1,shelf organizer,1,shell,1
7369,shellfish,1,sheng,1,Shenyang Aircraft Corporation,1
7372,shepherd,2,sherry,1,shida,1
7375,shiitake,1,shiitake mushrooms,1,shimmer,3
7378,shin,2,Shintoism,1,shoe box,1
7381,shoe rack,1,shootdown,1,shopping bag,1
7384,shore,1,short ribs,1,short sleeve,1
7387,shortbread,1,shortbread cookies,2,shorty,1
7390,shot down,1,shoulder,1,shoulder joint,1
7393,shovel,2,show jumping,1,shower,1
7396,shower curtain,1,shower gel,1,shrapnel,1
7399,shredded,2,shredded cabbage,1,shredded pork,1
7402,shrimp,4,Shrimp Dumpling,1,shrubby,1
7405,shrubby plant,1,shrubland,1,shuttle,1
7408,shuttlecock,1,sibling,1,Sichuan Basin,1
7411,sichuan cuisine,1,sichuan pepper,1,Sichuan Peppercorns,1
7414,sichuan peppercorns,1,sichuan peppercorns powder,2,sick,1
7417,Siddhartha Gautama,1,side dishes,2,side split,1
7420,side-looking,1,siderite,1,siege,1
7423,sienna,1,sieve,1,sigma,1
7426,signal corps,1,sihouette,1,Sikhism,1
7429,silent data corruption,1,silhouette,2,silicate,2
7432,silicate minerals,1,silicon,1,silicon dioxide,1
7435,silk,4,silk comforter,1,silk satin,1
7438,silk sheet,1,silken,1,silkworm,1
7441,silkworm pupae,1,silkworm pupage,1,silkworms,1
7444,sill,2,silurian,1,silver,1
7447,silver carp,1,silver nitrate,1,silverfish,1
7450,simmerec,1,simmered,2,simmered in,1
7453,simmering,1,simplified notation,2,simulants,1
7456,simuth,1,sinensis,1,singlet,1
7459,sinian,1,sink,2,sinkhole,1
7462,sinophone,1,sinusitis,1,sirius,1
7465,Sirius,1,Sirius Black,1,sit the exam,1
7468,sixteenth note,1,sixteeth note,1,sixty-for note,1
7471,sixty-four note,1,sixty-fourth note,1,skag,1
7474,skag jones,1,skate,1,skate shoes,1
7477,skateboarding shoes,1,sketch,1,sketchbooks,1
7480,skewered,1,skewers,2,ski,1
7483,skillet,2,skim,1,skim milk,1
7486,skimming,1,skinny,1,skirt,1
7489,skull,1,Sky Lounge Panoramic Roof,1,slacks,1
7492,slang,2,slash,1,slate,2
7495,slate grey,1,slavic,1,slavic peoples,1
7498,sleep medicine,1,sleep sack,1,sleeplessness,1
7501,sleepwear,1,sleet,1,sleeve,1
7504,slick,1,slip,1,slopes,1
7507,slotted,1,Slotted Screwdriver,1,slotted spoon,1
7510,slug,1,slump,1,Slytherin,1
7513,small intestine,1,smallpox,1,smartweed,1
7516,SMDH,1,smear,1,smearcase,1
7519,SMH,1,smilodon,1,smith,2
7522,smithing,1,smithing table,1,smog,1
7525,smoke detector,1,smoky quartz,1,smoothie,1
7528,smoothies,3,smothered,1,snack shop,1
7531,snacks,2,snail,1,snake plant,1
7534,snake platn,1,snakehead fish,1,snap,1
7537,SNAP,1,snapchat,1,snare,1
7540,snare drum,1,sneak,2,sneaker,1
7543,sneakers,1,sneakoscope,1,sniper,1
7546,Sniper Scope,1,Snitch,1,snorkel,1
7549,snow crab,1,snow owl,1,snow squall,1
7552,snowman,1,snowy owl,2,snowy slopes,1
7555,snuggling up,1,so long,1,soap,2
7558,soap dispenser,1,sober,1,social commentary,1
7561,Social Sciences,1,social security,1,social studies,1
7564,social welfare,1,Socialist Party,1,sociology,1
7567,socket,1,socket cover,1,Socket Wrench,1
7570,socks,1,Socrates,1,soda water,1
7573,sodas,1,Sodium,1,sodium,2
7576,sodium azide,1,sodium bicarbonate,2,sodium carbonate,2
7579,sodium chloride,1,sodium fluoride,1,sodium hyaluronat,1
7582,sodium hyaluronate,1,sodium hypochlorite,1,sodium silicate,2
7585,sofa,1,soft drinks,1,softener,1
7588,soil degradation,1,soil erosion,1,soil fertility,2
7591,sojourner,1,sol,1,solace,1
7594,solar eclipse,1,solar flare,1,solar wind,1
7597,soldering,1,Soldering Iron,1,sole,1
7600,solemn,1,solitary,2,solitude,2
7603,soluble,1,soluble fiber,1,solute,1
7606,solvent,1,somersault,1,song thrush,1
7609,sonic boom,1,sonnet,1,soothing,1
7612,soothing tea,1,soprano,1,sorcerer,1
7615,sorcery,2,sore,1,sore tongue,1
7618,sorority,1,sorrel,1,sorting hat,1
7621,SOS,1,souffle,2,soul,1
7624,soup,3,soup bowl,1,soup dumplings,2
7627,soup pot,1,soup spoon,1,sour,5
7630,sour cream,4,sour wine,1,sourdough,1
7633,South America,1,South China Sea,2,southeast asians,1
7636,southern crabgrass,1,soviet,1,sow,1
7639,sowthistle,1,soy,5,soy lecithin,1
7642,soy milk,2,soy oil,1,soy sauce,3
7645,soya,1,soya oil,1,soybean,1
7648,soybean oil,1,space engineering,1,spaced teeth,1
7651,spaghetti,2,spaghetti bolognese,1,spandex,1
7654,spanish,2,spanish mackerel,1,spare,1
7657,spare ribs,1,spark,1,sparking,1
7660,sparkling,1,sparkling water,1,sparkling wines,1
7663,sparring,1,sparrow,2,spatula,2
7666,spatulas,1,spear,1,special administrative region,1
7669,special combo,2,special education,1,special forces,1
7672,Special Relativity,1,specialist,1,species diversity,1
7675,species richness,1,spectacles,1,specter,1
7678,spectral,2,spectre,1,spectroscope,1
7681,spectrum,2,speculation,2,speculative,2
7684,speedo,1,speedos,1,spelling,1
7687,sperm whale,1,sphalerite,1,sphinx,3
7690,Spica,1,spice jar,1,spice store,2
7693,spices,1,spicy broth,1,spicy fried chicken,1
7696,spicy kick,1,spicy-sweet,2,spider plant,1
7699,spiked,1,Spiked Running Shoes,1,spikes,1
7702,spinach,4,spine,1,spinosaurus,1
7705,spiral,2,spiral notebooks,1,spirulina,1
7708,spleen,2,splendid,2,split,1
7711,split peas,1,splling,1,sponge,1
7714,sponges,1,spoon,3,spoons,1
7717,spores,1,sports jacket,1,spouse,1
7720,spout,1,sprain,1,sprain and strain,1
7723,sprawling,1,spray,2,spray bottle,1
7726,spray gun,1,spread,1,spreading,1
7729,spring,1,spring break,1,spring onion,1
7732,spring rolls,1,spring rools,1,spring water,1
7735,springform,1,springform pan,1,springtail,1
7738,springy,1,sprinkle,1,sprinkler,1
7741,sprinting,1,sprout,1,spruce,1
7744,spurred,1,sputnik,1,sputnik moment,1
7747,SQL,1,squab,1,squall,1
7750,squall line,1,square brackets,1,squat,3
7753,squeegee,1,squeegee mop,1,squeezing,1
7756,squid,3,SR-71,1,Sri Lanka,1
7759,sriracha,1,srmor-piercing shell,1,SSBN,1
7762,stady abord,1,staff notation,1,staff officers,1
7765,staff sergeant,1,stalk,1,stall,1
7768,stall margin,1,stance,1,standard notation,1
7771,standardized breed,1,standardized test,1,standing mirror,1
7774,Stanford Honor Code,2,staple,1,staple foods,2
7777,stapler,1,staplers,1,staples,1
7780,star anise,2,starfish,1,starlight,3
7783,Starlight Headliner,1,starling,1,starry,1
7786,Starry Sky Roof,1,Stars^ Planets and Moons,1,starship,1
7789,starting blocks,1,state legislator,1,state representative,1
7792,state senator,1,stationary front,1,stationery,1
7795,Statistical Mechanics,2,Statue,1,Statue of Liberty,1
7798,stature,1,stay strong^ stay positive,1,steak,2
7801,steamed bread,1,steamed broccoli,1,Steamed Bun,1
7804,steamed bun,1,steamed buns,1,Steamed Chicken Feet,1
7807,steamed dumplings,1,Steamed Plaiin Bun,1,Steamed Plain Bun,1
7810,steamed rice,1,steamer,2,steel,2
7813,steel security door,1,steel-cut oats,1,steeply,1
7816,steering,1,steering wheel,1,stegosaurus,1
7819,Steinway & Sons,1,stell-cut,1,stellar,1
7822,stellar evolution,1,stellar wind,1,stem,2
7825,STEM,1,stemed rice,1,Stephen Hawking,1
7828,Steve Jobs,1,stew,2,stew pot,1
7831,stibium,1,stick foundation,1,sticky notes,1
7834,stilettos,1,still water,1,stillness,1
7837,stimulant,1,stimulate,1,stimulus,1
7840,stingray,1,stinky tofu,1,stir-fried,4
7843,stir-fried noodles,1,stirrup,1,stirrup socks,1
7846,stock,2,stock pot,2,stockings,1
7849,stomach,2,stomah,1,stonefish,1
7852,Stonehenge,1,stool,2,storage bag,1
7855,storage box,1,storage cabinet,2,storage tank,1
7858,storgae cabinet,1,stork,1,storm petrel,1
7861,stout,1,stove,1,STOVL,1
7864,straddle,1,straddle split,1,straight edge rulers,1
7867,strain,1,strainer,1,strains,1
7870,strait,1,Strait of Gibraltar,1,straptomycin,3
7873,strategic,1,stratocumulus,1,stratosphere,2
7876,stratospheric,1,stratus,1,straw,1
7879,straw hat,1,strawberries,1,strawberry,1
7882,stray,1,streamlet,1,street office,1
7885,strengths and weaknesses,1,stretching,1,stretching back to,1
7888,strike,3,strike-slip,1,striking,1
7891,string section,1,stringray,1,strip,2
7894,striped,2,stripping,1,strips,1
7897,strive,1,stroke,1,Strong Nuclear Force,1
7900,strontium,1,student government,1,study abroad,1
7903,stuffed,3,stuffed animal,1,stuffed chicken,1
7906,stun,1,stuns with,1,sturgeon,1
7909,SU-27,1,sub-plot,1,subdistrict,1
7912,subdistrict office,2,subduction,2,subject and object,1
7915,subject clause,1,subjects and courses,1,subjunctive,1
7918,subjunctive mood,1,sublime,1,submarine,1
7921,submarine warfare,1,subordinate,1,subsalicylate,1
7924,subsequent,1,subsequently,1,subsidence,1
7927,subsonic,1,substantial,1,substitution,1
7930,subtle,1,subtly,1,subtropical,1
7933,subway station,1,succinate,1,succulent,1
7936,sucrose,1,suede,1,Suez Canal,1
7939,sulconazole,1,sulfa drug,1,sulfate,1
7942,sulfur,3,sulfur dioxide,1,sulfuric,1
7945,sulfuric acid,1,sulphites,1,sumac,1
7948,summa cum laude,1,Summarization,1,summative,1
7951,summative assessment,1,summer break,1,summer triangle,1
7954,summer weight blanket,1,sun dog,1,sun-synchronous orbit,1
7957,sunburn,1,sunflower seeds,1,sunglasses,1
7960,sunroof,1,sunscreen,2,sunspot,1
7963,suona,1,supercell,1,supercruise,1
7966,superiority,2,supernova,1,supernova explosion,1
7969,supernumerary,1,superstition,1,supersymmetry,1
7972,supplicate,1,supplicatino,1,supplication,1
7975,supply chain,1,supply corps,2,supreme,1
7978,surf,1,surface strike,2,surface warfare,1
7981,surfshark,1,surge,2,surge protectors,1
7984,surgery,1,surreal,1,survival of the fittest,1
7987,sushi,2,sushi rolls,1,suspension,1
7990,suspicious,2,sustain,1,suture,1
7993,SVM,1,swallow,2,swamp,1
7996,swamping,1,swan,1,sway,1
7999,sweater,1,sweatpants,1,sweatshirt,1
8002,sweeps out,1,sweet and sour,1,sweet bean sauce,1
8005,sweet potato,2,sweet potato casserole,1,sweet potatoes,1
8008,sweet rice dumplings,1,sweet savory,1,sweet wormwood,1
8011,sweet-savory,2,sweetbreads,1,sweetened,1
8014,sweetheart,1,sweetie,1,swift,1
8017,swiftlet,1,swiftlet nest,2,swim brief,2
8020,swim cap,1,swim trunks,1,swimming ring,1
8023,swimsuit,1,swine,1,swine-flu,1
8026,swing,1,swing chair,1,swiss chard,1
8029,swordfish,1,SWOT,1,swung,1
8032,sycomore,1,Sydney Opera House,1,sylvan,1
8035,symbiosis,1,symbolizing,1,symphony,1
8038,symphony orchestra,1,symptoms,1,synchronized,1
8041,synchronized swimming,1,synchronous,1,synchronous orbit,1
8044,syncline,1,syndrome,2,synoptic,1
8047,synoptic chart,1,synthesizer,1,synthetic,1
8050,synthetic fibers,1,synthetic gems,1,Syracuse,1
8053,syrup,5,systematic,1,systemic,3
8056,T-bone,1,T-REX,1,T-shirt,1
8059,ta-ta,1,tabasco,2,Tabbouleh,1
8062,tabby,1,table clock,1,table lamp,1
8065,table runner,1,table salt,2,tablets,1
8068,tableware,3,taboo,1,tacos,1
8071,tactical,2,taekwondo,1,taekwons,1
8074,tahini,2,taichi,1,taiga,1
8077,taijitu,1,tailcoat,1,tailgate,1
8080,tailless,1,taiwan beauty snake,1,taiyaki,1
8083,Taj Mahal,1,take a shower,1,tam-tam,1
8086,tamari,1,tamarind,2,tampons,1
8089,tandoor,1,tandoori,1,tandoori chicken,1
8092,tangent,1,tangerine,2,tango,1
8095,tangy,5,tangy sauce,1,tangyuan,1
8098,tanin,1,tanins,1,tank,2
8101,tantalum,1,Taoism,1,tap shoes,1
8104,tape,2,Tape Measure,1,tapestry,1
8107,tapioca,2,tar,1,tariff,1
8110,taro,1,tars,1,tart,1
8113,tartar,1,tartar sauce,1,taste disorders,1
8116,tastes,1,tattan,1,tau,1
8119,taupe,1,taurids,1,taurine,1
8122,taurus,1,Taurus,1,tax evasion,1
8125,tax refund,1,tax return,1,taxation,1
8128,taylor,1,TBA,1,TBC,1
8131,TBD,1,TBF,1,TBH,2
8134,TCM,3,tea leaves,1,tea saucer,1
8137,tea urn,1,teacup,1,teak,1
8140,teapot,1,teaspoon,1,techincian,1
8143,technetium,1,technician,1,tectonic,1
8146,tectonic plate,1,tectonics,1,teleport,1
8149,teleported,1,telescope,1,television,1
8152,teller,1,Telltale,1,tellurium,1
8155,tempeh,1,temperate,1,temperature,2
8158,temple,1,temporature,2,Temporomandibular,1
8161,Temporomandibular Joint Disorder,1,tempurature,1,tencel,1
8164,tended to,1,tender,3,tenderloin,2
8167,tenderly,2,tenderness,1,tendon,1
8170,tennessee,1,tennessine,1,tenor,1
8173,tension,2,tension headache,1,tenured,1
8176,tequila,1,Tequila,1,terbium,1
8179,teriyaki,1,teriyaki chicken,1,teriyaki sauce,2
8182,terminology,3,Terminology,1,termite,1
8185,terrace,1,terracotta,1,terrain,1
8188,territorial,1,tertiary,1,tertiary explosives,1
8191,testes,1,testicles,1,tetracycline,1
8194,textbook,1,textual,1,texural,1
8197,TGIF,1,TGS,1,thai coconut wraps,2
8200,thallium,1,thank you,1,thanksgiving,1
8203,thawing,2,the cube of,2,The Elements,1
8206,the fog of,2,the fog of war,1,the last resort,1
8209,The Marauder's Map,1,the next era of,2,the odds of,1
8212,The Ode to Joy,1,the square of,1,the stance of,2
8215,the tip of the,1,theater,3,theatre,2
8218,theme park,1,Theodore von Karman,1,Theoretical Mechanics,1
8221,Theory of Relativity,1,therapie,1,therapies,1
8224,therapy,2,Theravada,1,therm,1
8227,thermal,1,thermal top,1,thermal underwear,1
8230,thermodynamics,1,thermometer,1,thermos,1
8233,thermosphere,2,thesis,1,thestral,1
8236,theta,1,Thiamin,1,thiamine,1
8239,thicket,1,thigh,2,thighs,1
8242,thin beef slice,1,thin pancakes,1,think tank,1
8245,third cosmic velocity,1,third-degree burn,1,thirty-second note,1
8248,thistle,2,Thomas Edison,1,thong,1
8251,thorium,1,thou,1,thou hast,1
8254,Thoughts Across Time,2,three-degree burn,1,three-prong plug,1
8257,threonie,1,threonine,1,thriftiness,1
8260,thrive,1,throat lozenges,1,throw,2
8263,throw blanket,1,throwback,1,throwback thursday,1
8266,thrush,2,thug,1,thulium,1
8269,thumb,2,thunder,1,thunderstorm,1
8272,thylacine,1,thyme,1,thyroid,2
8275,TIA,1,tiara,1,Tibet,1
8278,Tibetan,1,tibia,2,tick,1
8281,ticonderoga,1,tidal,2,tidal capture,1
8284,tidal force,1,tidal locking,2,tiffany,1
8287,tiger shark,1,tilde,1,tiller,1
8290,timbales,1,time derivative,1,time travel,1
8293,timeless,1,timolol,1,timpani,1
8296,timpanist,1,tin,2,Tinidazole,1
8299,tinnitus,1,tint,1,tiptoe,1
8302,tissue,2,tissues,1,Titan,1
8305,titanium,1,titanium dioxide,1,TMI,1
8308,TNP,2,TNT,2,to be fair,1
8311,toad,1,toadstools,1,toast with jam,2
8314,toasted bun,2,toaster,2,toaster oven,1
8317,tobramycin,2,toe nail,1,toe raise,2
8320,TOEFL,2,toenail,1,tofu,1
8323,toilet brush,1,toilet paper,1,toilet seat covers,1
8326,tolerance,1,toluene,2,Tom Marvolo Riddle,2
8329,Tom Riddle,1,tom yum,1,tomahawk,1
8332,tomanhawk,1,tomato sauce,1,tomatoes,1
8335,tomcat,1,tomography,1,toned,1
8338,tongs,2,tongue,2,tongue-in-cheek,1
8341,tonic,3,tonic water,2,tonifying,1
8344,tonkatsu,1,tonsil,1,toolbox,2
8347,toolsmith,1,tooth decay,1,tooth discoloration,1
8350,tooth misalignment,1,tooth sensitivity,1,tooth wear,1
8353,toothache,1,toothbrush,1,toothpaste,1
8356,toothpicks,1,topaz,2,topography,1
8359,topped with,1,toppings,1,torch,1
8362,torchflower,1,tornado,1,toro,1
8365,torque,1,Torque Wrench,1,tortilla,3
8368,tortilla chips,1,tortillas,3,tortoiseshell,1
8371,toss,1,tote bag,1,toto,1
8374,touching,1,tourmaline,1,tournament,1
8377,tow float,2,towed,1,towed artillery,1
8380,towel,3,towel blanket,1,tower,1
8383,towering figure,1,town,1,township,1
8386,township section,1,toxic,1,toy box,1
8389,Toyota,1,trachea,1,track,1
8392,track suit,1,trade,1,trade winds,1
8395,tradition,1,traditional attire,1,traditionalist,1
8398,traffic division,1,tragedy,3,tragic,1
8401,trail,1,train station,1,trait,1
8404,trajecton,1,trajectory,1,tranquil,2
8407,tranquility,1,trans fats,2,transcript,3
8410,transcriptions,1,transfer credits,1,Transfiguration,1
8413,transience,1,transit,1,transit visa,1
8416,transition,1,transition metal,1,translucent,2
8419,transmission,1,transmission fluid,1,transmuting,1
8422,transnatinoalism,1,transnationalism,1,transparent tape,1
8425,transplantation,1,transport aircraft,1,transportation,2
8428,transportation facilities,1,trash bag,1,trash bin,1
8431,trasured,1,trasured it,1,trauma,2
8434,trauma center,1,tray,2,treasured,1
8437,treasured it,1,treasury,1,treatment,1
8440,treaty,2,treble,1,treble clef,1
8443,tree nuts,1,trench,2,trenchant,1
8446,trepang,1,trex,1,triangle,1
8449,triassic,1,triassic period,2,triathlon,2
8452,triceps,1,triceratops,1,tricholoma,1
8455,Tricholoma,1,Tricholoma matsutake,1,Tricholoma Matsutake,1
8458,trick,1,trick you,1,tridacna,1
8461,tridacna shell,1,trigonometry,1,trillion,1
8464,trilobites,1,trim,2,trim nails,2
8467,trimester,1,trinitrophenol,1,Trinitrotoluene,1
8470,TriNitroToluene,1,trinitrotoluol,1,tripe,1
8473,triple jump,1,tritanopia,1,triumph,1
8476,troll,1,trombones,1,troop,1
8479,tropical,3,troposphere,2,trousers,1
8482,trout,1,truffle,2,truffles,1
8485,Trukic,1,trumpet,3,trumpet dress,1
8488,trumpet flower,1,trumpets,1,trumpte,1
8491,trunk,2,trunks,1,tryptophan,1
8494,tsavorite,1,Tsien Hsue-Shen,2,tsunami,2
8497,tsunamic,1,TTFN,2,TTYL,1
8500,tub,1,tubas,1,Tuber melanosporum,1
8503,tuck,1,tulip,2,tumbling,1
8506,tummy,1,tuna,4,tundra,3
8509,tungsten,1,tuple,1,turbine,1
8512,turbo,1,turbocharged engine,1,turkey,1
8515,Turkic,1,Turkiye,1,Turks,1
8518,turmeric,3,turn signals,1,turner,2
8521,turnips,1,turquoise,1,turtleneck,1
8524,tush,1,tusk,1,Tutankhamum,1
8527,Tutankhamun,1,tuxedo,1,TV stand,1
8530,TVP,1,twice-cooked pork,1,twice-cooked portk,1
8533,twig,1,twilight,3,twill,1
8536,twist,1,twisting,1,two hand curl,2
8539,two-prong,1,two-prong plug,2,two-stringed fiddle,1
8542,TY,1,typhoon,1,tyrannosaurus,1
8545,tyrannosaurus rex,1,tyrosine,1,tzatziki,2
8548,UAV,2,uber,1,udon,1
8551,UI,1,ulcer,1,ulcers,1
8554,ultimately,1,ultramarine,1,ultraviolet,2
8557,umami,1,umber,1,umbrella,1
8560,umibozu,1,unaware,1,unconscious,1
8563,undaring,1,underbelly,1,underbite,2
8566,undercurrent,1,undergo,2,underneath,1
8569,underscore,1,undershirt,1,underwear,1
8572,undocumented,1,undoubtedly,1,undulatus,1
8575,uneven,1,unhurriedly,1,unhygienic,1
8578,uni,1,unicorn,1,unionpay,1
8581,unique twist,1,United Arab Emirates,1,unity and togertherness,1
8584,universal graviation,1,universal gravitation,1,Universal Joint Wrench,2
8587,unmanned,1,unmanned aerial vehicles,1,unreal,1
8590,unreavel,1,unsalted butter,1,unsaturated,1
8593,unsaturated fats,2,untamed,1,Untermensch,1
8596,unveil,2,unwaveringly,1,upbeat,1
8599,uplift,1,upper belly,1,upper lip,1
8602,upperscore,1,upperwear,1,upsilon,1
8605,upslope,1,Ural,1,uranium,1
8608,uranus,1,Uranus,1,urban,2
8611,Urban,1,urban blues,1,Urban Heat Island,1
8614,urbanization,1,urchin,1,urea,1
8617,urea breath test,1,urinal,1,urine,1
8620,URL,1,urn,1,urology,1
8623,ursa,1,ursa major,1,ursa minor,1
8626,urticaria,1,Use tank or cylinder,1,USFDA,1
8629,UTC,1,utensils,2,uterus,1
8632,UVA,1,UVB,1,UX,1
8635,Uzbeks,1,V Brakes,2,V-Brake,1
8638,V8,1,vaccination,1,vaccine,1
8641,vacuum,2,vacuum cleaner,2,vacuum deposition,1
8644,vagina,1,valentine,1,valentine's day,1
8647,valine,1,value-added tax,1,vampire,1
8650,vampires,1,Van Allen Belts,1,vanadium,1
8653,vancomycin,2,vandalism,1,vanilla,1
8656,vanish,1,vanity,1,vapor,1
8659,variola,1,variola virus,1,vase,1
8662,VAT,1,vault,2,veela,2
8665,Vega,1,vegan,1,vegan burger,1
8668,vegetable bao,1,vegetable rolls,1,vegetables,1
8671,vegetarian,1,vegetarian wraps,2,veil,1
8674,veil of mist,1,vein,1,velociraptor,1
8677,velocity,1,velvet,4,velvet antler,1
8680,vena cava,1,vendor,1,Venice,1
8683,Venice Canals,2,venison,2,vent,1
8686,vent pipe,1,ventilate,1,ventilated,1
8689,venues,1,venus,1,Venus,1
8692,veranda,1,verb,1,verdant,3
8695,verdi,2,verdigris,2,vereal,2
8698,vergetarian,1,vermicelli,1,vermicular,1
8701,vermilion,2,Vernacular,1,vernier,1
8704,Vernier caliper,1,versa,1,versace,1
8707,versatile,1,verse,2,verses,1
8710,versige,1,vertebral,1,vertebral column,1
8713,vertical bar,1,very result,2,vessel,1
8716,vessels,2,vest,1,vestibule,1
8719,vestige,1,Veteran,1,veteran,1
8722,Veterans Day,1,vibe,1,vibrant,2
8725,vibrio cholerae,1,vice,2,vice admiral,1
8728,vice premier of the,1,vice president of the,1,vice principal,1
8731,vice versa,2,Vienna,1,Vienna State Opera,1
8734,vietnamese,1,vigorously,1,vine,1
8737,vinegar,3,vinegars,1,violas,1
8740,violet,1,violin,1,viper,1
8743,viperidae,1,virga,1,virgin,2
8746,virgin forest,1,virginia,1,virgo,1
8749,Virgo,1,viridian,1,virtue,3
8752,virtuoso,1,virulent,1,visa,1
8755,visa appeal,1,visa waiver,1,visa wwaiver,1
8758,viscount,2,viscountess,1,visual arts,1
8761,vitamins,1,vitis,1,vitreous,1
8764,vivacious,1,vivid,1,VMX,1
8767,vocal,1,vocalist,1,vodka,1
8770,volcanic ash,1,volcanism,1,volcano,1
8773,Voldemort,1,volumizing,1,voluntary,1
8776,volunteer work,1,vortex,1,vowel,1
8779,voyage,1,vrane,1,vulnerable,1
8782,vulture,1,wafers,1,waffles,1
8785,wagon,1,wagyu,2,wagyu beef,2
8788,waist,2,waistband,1,waiver,1
8791,wall art,1,wall clock,1,wall decal,1
8794,wall outlets,1,walnut,1,walnuts,2
8797,walrus,2,waltz,1,warbler,1
8800,wardrobe,2,warfare,2,warhead,1
8803,warlock,1,warlock and witch,1,warm front,1
8806,warmly,1,warp,1,warp drive,1
8809,warp drives,1,warped,2,warrant,1
8812,warrant officer,1,wasabi,2,wash face,1
8815,wash hair,2,washbasin,1,washer,1
8818,washing basin,1,washing machine,1,washing soda,1
8821,wasp,2,wasp stings,1,wasting,1
8824,water bottle,1,water cycle,1,water hyacinth,1
8827,water polo,1,water quality,1,water spout,1
8830,waterbed,1,waterborne,1,waterborne disease,1
8833,watercolor,1,watercolor brushes,1,watercolor paints,1
8836,watercress,1,waterfall,1,watermelon frost,1
8839,waterproof,1,waterproof shoes,1,Wave-Particle Duality,1
8842,wavy,1,wax,1,wax-coated,1
8845,waxed,1,waxing,1,waz,1
8848,WDYM,1,Weak Nuclear Force,1,weaponsmith,1
8851,weather forecast,1,weathered,2,wedding,1
8854,wedding suit,1,wedges,1,weed,1
8857,weed pollen,2,weeping,1,weeping willow,1
8860,Weierstrass,1,weight and balance,1,weight belt,1
8863,weightlifting shoes,1,weirdo,1,welcome light,1
8866,welding,2,welding mask,1,welfare,2
8869,wellbeing,1,welsh,1,werewolves,1
8872,Wernher von Braun,1,westerlies,1,wetlands,1
8875,wetsuit,1,whale,1,whale shark,1
8878,what the hell,1,wheat berries,1,wheat sheaves,1
8881,whey,1,whey protein powder,1,whimsical,1
8884,whip,1,whipped,2,whipped butter,1
8887,whipped cream,1,whirl,1,whisk,1
8890,whiskey,1,whisks,1,white atractylodes,1
8893,white button mushrooms,2,white cardamom,1,white dwarf,1
8896,white flour,1,white nylons,2,white peony root,1
8899,white pepper,1,white rice,1,white tea,1
8902,white truffle,2,white vinegar,1,white wine,1
8905,white wines,1,whole grains,1,whole kernel corn,1
8908,whole milk,1,whole note,1,whole rest,1
8911,whole wheat bread,1,whole wheat flour,1,wicker,1
8914,Wife Cake,1,WiFi,1,wikipedia,1
8917,Wilbur Wright,1,Wild Chrysanthemum,1,wild chrysanthemum,1
8920,wild rose,1,wildfire,1,William Boeing,2
8923,William Shakespeare,1,William Shockley,1,willing,1
8926,willow,2,willpower,1,wimp,1
8929,wind,1,wind chill,1,wind chime,1
8932,wind dircetion,1,wind direction,1,wind diretion,1
8935,wind rose,1,wind speed,1,windpipe,1
8938,windshield,1,windshield washer fluid,1,windspept,1
8941,windswept,5,wine,1,wine glass,1
8944,Wingardium Leviosa,1,wingman,1,winkle,1
8947,winsome,1,Winston Churchill,1,winter break,1
8950,Winter Hexagon,1,Winter Palace,1,wire brush,1
8953,wire cutter,1,wireless charging pad,1,wireless fidelity,1
8956,Wisconsin,1,wisdom tooth,1,wistful,1
8959,withdraw,1,withdrawal,2,withdrawn,1
8962,wither,1,witty,1,wizard and witch,1
8965,wok,2,wolfberry,2,wolfberry fruit,1
8968,wolframite,1,wood duck,1,wood screws,1
8971,wood sorrel,1,wooden fish,1,wooden pencils,1
8974,woodland,1,woodpecker,2,woodwind section,1
8977,woody,1,wool sweater,1,woolly,1
8980,workbook,1,workshop,1,worm,1
8983,wormholes,1,wormwood,1,worship,1
8986,wrap,1,wrap dress,2,wraps,1
8989,wrench,2,wrestling,1,wright,1
8992,Wright Brothers,1,wrist,1,wrist curl,1
8995,writting brush,2,writting bush,1,WTF,1
8998,WTH,1,wuji,1,WYA,1
9001,wzx-coated,1,xenon,1,xerostomia,1
9004,xi,1,xiao,1,xiaogu,1
9007,XP,1,XXL,1,xylene,1
9010,xylophone,1,yangqin,1,Yangtze River,1
9013,yardang,1,yearbook,2,yearbook quote,2
9016,yearn,1,yearningly,1,yeast,1
9019,yellow beef,1,yellow croaker,1,yellow curry,1
9022,Yellow River,1,Yellow Sea,1,yellow wine,1
9025,yeti,1,yin and yang,1,yoasobi,1
9028,yoghourt,1,yoghurt,2,yogurt,2
9031,yogurt bowls,1,yolk,2,YOLO,1
9034,ytterbium,1,yttrium,1,yueqin,1
9037,yulan,1,yunjin,1,Yuri Gagarin,1
9040,Zack,1,zeaxanthin,1,Zen,1
9043,zenith,1,zephyr,1,Zeroth Law,1
9046,zester,1,zeta,1,zha cai,1
9049,zhacai,1,zhong ruan,1,Zinc,1
9052,zinc,1,zinc gluconate,1,zinc lozenges,1
9055,zinc supplement,1,zipper,1,zircon,1
9058,zirconium,1,zither,2,zodiac,2
9061,zodiac constellations,2,zodiac stones,1,zongzi,1
9064,zongzi leaves,1,Zubenelgenubi,1,zucchini,3
9067,冒号,1,冠军,1,劳动节,1
9070,圣诞树,1,奶昔,1,护照,1
9073,毕竟,1,海苔,1,牛油果,1
9076,真空,1,马卡龙,1,