1,ginger,9,aroma,6,belly,6
4,crimson,6,crust,6,quinoa,6
7,aspirin,5,broth,5,cabinet,5
10,calf,5,caramel,5,chili,5
13,conventional,5,coral,5,glacier,5
16,marine,5,oriental,5,savory,5
19,sour,5,soy,5,syrup,5
22,tangy,5,windswept,5,amoxicillin,4
25,ankle,4,antibiotics,4,aromatic,4
28,balcony,4,ballet,4,basalt,4
31,bladder,4,bureau,4,chili powder,4
34,cider,4,cinnamon,4,cobalt,4
37,corn,4,cuisine,4,dim sum,4
40,dutch,4,eczema,4,espresso,4
43,facilities,4,floral,4,fragrance,4
46,glutinous,4,ibuprofen,4,ingredients,4
49,kettle,4,lavender,4,maneuver,4
52,marinated,4,matcha,4,mirage,4
55,nail,4,opera,4,oven,4
58,pharmacy,4,pillow,4,pitcher,4
61,plum,4,resonance,4,scallops,4
64,shrimp,4,silk,4,sour cream,4
67,spinach,4,stir-fried,4,tuna,4
70,velvet,4,accessories,3,acetaminophen,3
73,acetylsalicylic acid,3,acute,3,adhesive,3
76,agriculture,3,allergy,3,almonds,3
79,antihistamine,3,arch,3,artillery,3
82,aurora,3,aviation,3,azure,3
85,baguette,3,balm,3,barley,3
88,basil,3,basin,3,bass,3
91,berries,3,beverage,3,blazer,3
94,blouse,3,boldness,3,boreal,3
97,breed,3,brew,3,broccoli,3
100,burnt cake,3,cabbage,3,calcite,3
103,canary,3,canvas,3,carbonate,3
106,cardigan,3,cefixime,3,celestial,3
109,chilies,3,chiseled,3,chopsticks,3
112,chromium,3,cilantro,3,clinical,3
115,cloves,3,colon,3,comforter,3
118,condiments,3,conjecture,3,cooking utensils,3
121,coral reef,3,cosmic,3,couch,3
124,counselor,3,crispy,3,cruise,3
127,curl,3,curry,3,debris,3
130,decorative,3,delicate,3,denim,3
133,disinfectant,3,dispute,3,dissertation,3
136,divergence,3,dove,3,dutch oven,3
139,earl,3,eel,3,enchanting,3
142,ensemble,3,entailment,3,eradication,3
145,erosion,3,ethereal,3,ethnic,3
148,fatty acid,3,fertility,3,fertilizer,3
151,flatbread,3,flavor,3,flour,3
154,football and soccer,3,gluten,3,goggles,3
157,gracefully,3,grape,3,grasshopper,3
160,grill,3,grilled,3,ground lamb,3
163,grove,3,guacamole,3,hammer,3
166,harmonic,3,hazelnut,3,herbal,3
169,histamine,3,household,3,hummus,3
172,hyperbola,3,infantry,3,insulin,3
175,jasmine,3,Kepler's Laws of Planetary,3,ketchup,3
178,kidney,3,labor,3,latte,3
181,laundry,3,lettuce,3,lieutenant,3
184,linguistics,3,loaf,3,lobster,3
187,logistics,3,lounge,3,luminary,3
190,lush,3,macadamia nuts,3,mackerel,3
193,magenta,3,magpie,3,majestic,3
196,malaria,3,malt,3,mangrove,3
199,mattress,3,mayo,3,methane,3
202,migraine,3,minced,3,minister,3
205,mop,3,mustard,3,neutrino,3
208,nickel,3,nightstand,3,nourishing,3
211,nudge,3,numbing,3,organ,3
214,oyster,3,palm,3,pan-seared,3
217,pancreas,3,pasta,3,peacock,3
220,penicillin,3,peppercorns,3,perfumes,3
223,pigeon,3,potassium,3,potsticker,3
226,pregnancy,3,premium,3,procrastination,3
229,promotion,3,proton,3,quail,3
232,quinine,3,rack,3,rehabilitation,3
235,reputation,3,respiratory,3,RPG,3
238,saffron,3,salmon,3,salsa,3
241,sauces,3,scallion,3,scorpion,3
244,screw,3,seagull,3,seaman recruit,3
247,seasoned with,3,selenium,3,shimmer,3
250,smoothies,3,soup,3,soy sauce,3
253,sphinx,3,spoon,3,squat,3
256,squid,3,starlight,3,straptomycin,3
259,strike,3,stuffed,3,sulfur,3
262,systemic,3,tableware,3,TCM,3
265,tender,3,terminology,3,theater,3
268,tonic,3,tortilla,3,tortillas,3
271,towel,3,tragedy,3,transcript,3
274,tropical,3,trumpet,3,tundra,3
277,turmeric,3,twilight,3,verdant,3
280,vinegar,3,virtue,3,zucchini,3
283,2025,2,a touch of humor,2,abalone,2
286,abrasive,2,AC,2,accessory,2
289,acetosalicylic acid,2,acne,2,acrylic,2
292,acrylic brushes,2,advanced placement exams,2,aerospace capabilities,2
295,affair,2,affection,2,agency,2
298,air pollution,2,alabaster,2,Aldebaran,2
301,algebra,2,alkali,2,alkali metal,2
304,alkaline,2,alkaline earth metal,2,all purpose cleaner,2
307,allergic,2,allergies,2,almond,2
310,aloe vera,2,aluminium,2,Amazon Rainforest,2
313,amber,2,ammonium nitrate,2,ammunition,2
316,anemone,2,angular momentum,2,Antares,2
319,anticipated,2,antifreeze,2,apache,2
322,appeal,2,appendix,2,appetizer,2
325,appreciate,2,apron,2,arcade,2
328,Archimedes of Syracuse,2,Arctic,2,arctic,2
331,ardently,2,arena,2,Aristotle,2
334,armored corps,2,armpit,2,arrange from,2
337,arsenic,2,artemisia,2,artery,2
340,arthritis,2,Artificial Intelligence Infrastructure,2,asparagus,2
343,asteroid,2,asthma,2,astral,2
346,asymptote,2,Atlantis,2,ATM,2
349,atmosphere,2,Attendance without Graduation,2,audit,2
352,Aurora Borealis,2,autonomous region,2,avocado,2
355,Avtomat Kalashnikova,2,axiom,2,azithromycin,2
358,azure bluet,2,baby bellas,2,bachelor,2
361,backed goods,2,bacon,2,bald eagle,2
364,ballistic,2,balsamic,2,bamboo mattress pad,2
367,banner,2,banner pattern,2,baozi,2
370,bark,2,barn,2,baron,2
373,basilisk,2,bastion,2,bbq grill,2
376,bean paste,2,bean sauce,2,bean sprouts,2
379,bed sheet,2,bedding,2,bedside table,2
382,bedspread,2,beef chunks,2,beetles,2
385,beets,2,belly boiled,2,belt,2
388,benchmark assessment,2,bent,2,benzene,2
391,berberine,2,Betelgeuse,2,beverages,2
394,biodiversity,2,biology,2,biscuit,2
397,bismuth,2,black truffle,2,blackbird,2
400,blacksmith,2,blankets,2,bleach,2
403,blend,2,blend of,2,blender,2
406,blends,2,bloom,2,blossom,2
409,blush,2,bookshelf,2,bouillon,2
412,bouquet,2,boutique,2,boxers,2
415,braces,2,braised,2,braised port belly,2
418,breaded with,2,brewed,2,brewed into,2
421,briefs,2,brigadier,2,bronchitis,2
424,bronze,2,brook,2,broom,2
427,brush,2,bubble tea,2,bullfrog,2
430,burrito,2,burritos,2,buttocks,2
433,caffeine,2,calculus,2,caliper,2
436,calvin,2,cambrian period,2,camphor,2
439,candidate,2,canker sore,2,canopy,2
442,Capella,2,caramelized,2,caramelized crust,2
445,carb roe,2,carbohydrates,2,cardiovascular medications,2
448,caret,2,carnation,2,carp,2
451,cartridge,2,cascade,2,cashews,2
454,casserole,2,cat dander,2,cataract,2
457,catfish,2,Catholicism,2,cattle and cows,2
460,caucasian,2,cauliflower,2,cavalry,2
463,ceaseless,2,celery,2,cephalexin,2
466,cetirizine,2,chamomile,2,champagne,2
469,chanterelle mushrooms,2,char siu,2,charcoal,2
472,cheddar,2,Chengdu Aerospace Corporation,2,cherry grove,2
475,chewy,2,chicken bouillon,2,Chicken^ Hen^ Rooster and,2
478,chickpeas,2,chili paste,2,chime,2
481,chimichurri,2,chin,2,Chinese Flower Pepper,2
484,chinos,2,chloramphenicol,2,chlorine,2
487,choir,2,cholesterol,2,cholinergic ueticaria,2
490,chopped chili peppers,2,choreography,2,chorus,2
493,chronic,2,chrysanthemum,2,church,2
496,cinchona bark,2,cinema,2,cinnabar,2
499,citric acid,2,cleavage,2,clinic,2
502,cloister,2,closet,2,clover,2
505,coarse cereals,2,coat,2,coated,2
508,coated in,2,coated with,2,cobra,2
511,cockroach,2,cocoa,2,coconut,2
514,coconut rice,2,coffee table,2,cold-brewed,2
517,coleslaw,2,collision,2,Colloquial,2
520,colonel,2,Colosseum,2,comedy,2
523,common compounds,2,compass,2,compound,2
526,conceive,2,conception,2,confidence,2
529,conjunction,2,conservation,2,Conservation of Energy,2
532,conservatism,2,constellations,2,consult,2
535,contour,2,cool touch fabirc,2,cotton,2
538,counseling,2,countess,2,county,2
541,course,2,couscous,2,crab,2
544,crack,2,crack divisions,2,crackers,2
547,creative slump,2,cremini mushrooms,2,cretaceous,2
550,cretaceous period,2,crew,2,crib,2
553,cricket,2,crow,2,crowded teeth,2
556,crown,2,curricular,2,curry rice,2
559,curtain,2,curtains,2,cushion,2
562,custard,2,Cygnus,2,cymbals,2
565,daffodil,2,dairy,2,daisy,2
568,dandelion,2,debris flow,2,decorated,2
571,deer antler velvet,2,Degree Application,2,delta,2
574,dental,2,dental floss,2,departing in,2
577,department building,2,departmental bureau,2,deposition,2
580,depression,2,derived,2,dessert,2
583,detergent,2,dew,2,dexamethasone,2
586,dextrose,2,diabetes,2,diagnosis,2
589,Diaphragm Harmonica,2,diaspora,2,diesel,2
592,discipline,2,discourse,2,dish,2
595,disney resort,2,displacement assessment,2,distressed,2
598,disturb,2,diversity,2,do me a favor,2
601,domestic,2,dominant,2,Dragon Li,2
604,drama,2,dressing table,2,dried fruit snacks,2
607,dried kelp,2,dripstone,2,drizzle,2
610,drizzled,2,drones,2,drum kit,2
613,duck,2,duke,2,dustpan,2
616,duvet,2,dyspepsia,2,edible birds,2
619,Edsger Dijkstra,2,egg on my face,2,egg tart,2
622,egg white,2,Einstein-Rosen bridges,2,el nino,2
625,electives,2,electric blanket,2,electrolyte,2
628,electrolyte-rich,2,electron,2,embassy,2
631,enclose off,2,Enrico Fermi,2,enrollment,2
634,enthusiasm,2,EODAS,2,eon,2
637,epinephrine,2,episode,2,epoch,2
640,era,2,Erwin Schrodinger,2,erythromycin,2
643,escape velocity,2,essence,2,estimated,2
646,ETA,2,eternal,2,ethanol,2
649,ethic township,2,ethics,2,ethylene,2
652,evolution,2,examinee,2,exclusive,2
655,exosphere,2,expatriate,2,exposed,2
658,extracurricular activites,2,eyeblossom,2,eyelid,2
661,fabric,2,fabric softener,2,falcon,2
664,farro,2,fats,2,fencing,2
667,fermented,2,fermium,2,fern,2
670,ferret,2,ferrum,2,fertillizer,2
673,field trip,2,file carbinet,2,fillets,2
676,Fire Cake,2,fish fillets,2,fish sauce,2
679,five-step snake,2,fjord,2,flannel,2
682,flavors,2,fleece,2,flint,2
685,fluorite,2,FOMO,2,footless leggings,2
688,footstool,2,fork,2,formaldehyde,2
691,fossil,2,Foundational Education,2,Four Fundamental Forces,2
694,foxtail grass,2,fracture,2,fragmentation,2
697,french fries,2,fresh herb,2,Fresh Lemongrass,2
700,fried rice crust,2,frost,2,frying pan,2
703,fuck my life,2,fulfillment,2,funeral,2
706,fungus,2,garlic mayo,2,garnet,2
709,gastroenterology,2,gastrointestinal medications,2,gecko,2
712,gel,2,general,2,geostationary orbit,2
715,gestation,2,gingivitis,2,ginseng,2
718,girdle,2,glacial,2,glade,2
721,global warming,2,glory,2,glossy,2
724,glossy lipstick,2,gloves,2,glucose,2
727,glue gun,2,glutinous rice balls,2,gnome,2
730,gochujang,2,goji berry,2,golden crust,2
733,Golden Snitch,2,goosefoot,2,gorgeous,2
736,goubuli steamed buns,2,governor,2,gown,2
739,gradient,2,granite,2,granola,2
742,grant,2,grass nutmeg,2,gratitude,2
745,greenhouse effect,2,grenade,2,grenades fragments,2
748,grilled to,2,grilled vegetable wrap,2,grilled with,2
751,grocery store,2,ground,2,guarantee,2
754,guaranting,2,gum,2,gyudon,2
757,habitat,2,halo,2,ham,2
760,hammock,2,Harvard Style Grading,2,hawk,2
763,hawthorn,2,hawthorn slices,2,hazel,2
766,hazelnuts,2,head of county,2,heated windshield,2
769,helicopter,2,hemp,2,Henri Poincare,2
772,herb,2,herbal tea,2,herbs,2
775,hercules,2,Herrenrasse,2,hieroglyphs,2
778,high-explosive grenades,2,Hinduism,2,hip hop,2
781,histidine,2,hohmann transfer orbit,2,honor classes,2
784,hook,2,hook punch,2,hops,2
787,Horace Slughorn,2,hospatility,2,hot sauce,2
790,humble,2,hunt in packs,2,hydrochloride,2
793,hydrogen,2,hygiene,2,hypersonic,2
796,hypertension,2,hypotension,2,hypothesis,2
799,iceberg,2,iconic,2,IELTS,2
802,illuminated,2,illuminating,2,imagery,2
805,IMHO,2,immediate family,2,immigration,2
808,immunology,2,inclusive,2,index toe,2
811,inevitablity,2,inferiority,2,infrared,2
814,infrastructure,2,infusion,2,inorganic,2
817,insects,2,integrity,2,intensely,2
820,intercontinental,2,interdisciplinary,2,interplanetary escape velocity,2
823,intestines,2,investigation,2,investment,2
826,iodine,2,ionosphere,2,iris,2
829,iron,2,ironing board,2,Islam,2
832,Issac Newton,2,jade,2,jam,2
835,javelin,2,jeans,2,jelly,2
838,jet,2,John von Neumann,2,jujube,2
841,juniper,2,Kalashnikov,2,kale,2
844,kappa,2,Karman Line,2,kelp,2
847,kidneys,2,kindey,2,kingfisher,2
850,knit,2,knit fabirc,2,koi,2
853,Kremlin,2,kurtosis,2,lactose,2
856,Land Warfare Equipment,2,landform,2,landslide,2
859,lasagna,2,laundry detergent,2,lavender jam,2
862,leggings,2,leisure,2,leopard cat,2
865,levofloxacin,2,liaison,2,linen,2
868,linger,2,lithosphere,2,liver,2
871,lizard,2,LMAO,2,loach,2
874,lost their touch,2,lotus,2,lounge chair,2
877,loyalty,2,lozenges,2,luminary tree,2
880,luminous,2,lunar transfer orbit,2,Lyra,2
883,M78 Nebula,2,maackii,2,Machine Learning Systems,2
886,macronutrients,2,magnetic flux,2,maintenance,2
889,malachite,2,mallard,2,mandarin,2
892,mandarin duck,2,mandarin fish,2,manganese,2
895,mangoes,2,Marie Curie,2,marinated in,2
898,marquess,2,marquise,2,mason,2
901,maternity,2,matsutake,2,maxi dress,2
904,MDMA,2,meadow,2,measuring tape,2
907,medal,2,medicine,2,mediterranean,2
910,melanosporum,2,melon slice,2,mercury,2
913,merry,2,methamphetamine,2,methanol,2
916,meze platter,2,mica,2,micronutrients,2
919,microwave-safe containers,2,mineral,2,Minerva McGonagall,2
922,mint,2,miscellaneous,2,miso,2
925,mist,2,mites,2,mock,2
928,mojito,2,mole,2,molybdenum,2
931,monsoon,2,moonlight,2,morchella,2
934,morel,2,morphine,2,morphology,2
937,mosquitoes,2,moth,2,mouth organ,2
940,muffin head,2,mug,2,mulberry,2
943,multi-fruit,2,municipality,2,municipality directly under the,2
946,mussels,2,myna,2,mystical,2
949,nantional level principla,2,naphthalene,2,narcissus,2
952,narwhal,2,NATO,2,negotiations,2
955,neighborhood,2,neo^ meso and pale,2,neurosurgery,2
958,neurotransmitter,2,neutral,2,nitrogen,2
961,nobility,2,noble prize,2,nose clip,2
964,nostalgic,2,noun,2,numeric notation,2
967,Numerical Grading System,2,nutmeg,2,nutrients,2
970,nutrition,2,oatmeal,2,ocean acidification,2
973,octopus,2,olive,2,oliver,2
976,on occasion,2,optical,2,orbital,2
979,orbital speed,2,orchestra,2,orchestra pit,2
982,orchid,2,organic,2,outlet,2
985,overbite,2,oxidized,2,oxygen,2
988,oyster sauce,2,ozone,2,pain relievers,2
991,Palace of Versailles,2,paleocene,2,paleocene epoch,2
994,palm tree,2,pan-seared fish fillets,2,panties,2
997,papaya,2,parabola,2,parasol,2
1000,parent,2,parsley,2,particle,2
1003,patina,2,patrol,2,patty,2
1006,pavilion,2,peanuts,2,peas,2
1009,pecans,2,Pensieve,2,peony,2
1012,peppermint,2,pepperoni,2,perch,2
1015,percussion,2,permafrost thawing,2,permanent,2
1018,personnel,2,petroleum,2,phalaenopsis orchid,2
1021,phenomena,2,phi,2,phosphorus,2
1024,photon,2,piccolo,2,pickled,2
1027,pickled ginger,2,pike,2,pike units,2
1030,pillar,2,pillowcase,2,pine,2
1033,pine nuts,2,pistachios,2,plantain,2
1036,plastic,2,plateau,2,plates,2
1039,platinum,2,Plato,2,platter,2
1042,pliers,2,pneumonia,2,poached,2
1045,poached shrimp,2,podzol,2,poetic,2
1048,polar bear,2,polypropylene,2,popcorn,2
1051,poplar,2,poppy,2,pork,2
1054,pork bao,2,pork belly,2,pot,2
1057,pot soup,2,pratical lessons,2,prawn,2
1060,prebiotics,2,precision,2,precison,2
1063,prefecture-level city,2,pregnant,2,pregnent,2
1066,premium beef,2,preposition,2,preserved plums,2
1069,Prevention of Mother-to-Child Transmission,2,primer,2,Principal,2
1072,principal players,2,prism,2,probiotics,2
1075,Procyon,2,profound,2,progressive,2
1078,projectile,2,prom,2,prong,2
1081,propane,2,propelled,2,proposal,2
1084,propylene,2,prostate,2,protein,2
1087,proximity,2,pterosaur,2,pulmonology,2
1090,pumps,2,pungent,2,puree,2
1093,purslane,2,Pyramids of Giza,2,python,2
1096,quadruple therapy,2,Quantum Mechanics,2,quilt,2
1099,radiance,2,ramen,2,rapine economy,2
1102,rash,2,rattle,2,rattlesnake,2
1105,ray,2,RDX,2,reactionary,2
1108,recess,2,recruit,2,red wine,2
1111,reed membrane,2,refractive,2,refugee,2
1114,regarding,2,reindeer,2,remedies,2
1117,replenishment ship,2,resemble,2,residence,2
1120,residency abroad,2,resilience,2,resort,2
1123,respiratory medications,2,resplendent,2,retentive,2
1126,retreat,2,reveal,2,rhinoceros,2
1129,rice,2,rice balls,2,Rigel,2
1132,ripped,2,riptide,2,roasted,2
1135,roche limit,2,Rocky Mountains,2,rolling pin,2
1138,rubber,2,rug,2,rural,2
1141,russet,2,sable,2,Sagittarius,2
1144,salted egg white,2,salted egg yolk,2,sanctuary,2
1147,sandpaper,2,saturated fats,2,saucer,2
1150,savory black bean,2,scallion dip,2,scallions,2
1153,scarf,2,schist,2,schrodinger euqtion,2
1156,scissors,2,scotch,2,screwdriver,2
1159,screwdriver bit set,2,sea cucumber,2,seafood alfredo,2
1162,seaman,2,seat massage,2,seaweed,2
1165,seaweed sheets,2,sedge,2,sepia,2
1168,serene,2,sergeant,2,served with,2
1171,sesame,2,sesame glutinous rice balls,2,sesame oil,2
1174,Sha Qima,2,shale,2,shandong cuisine,2
1177,sharp-nosed viper,2,shears,2,shepherd,2
1180,shin,2,shortbread cookies,2,shovel,2
1183,shredded,2,sichuan peppercorns powder,2,side dishes,2
1186,silhouette,2,silicate,2,sill,2
1189,simmered,2,simplified notation,2,sink,2
1192,skewers,2,skillet,2,slang,2
1195,slate,2,smith,2,snacks,2
1198,sneak,2,snowy owl,2,soap,2
1201,sodium,2,sodium bicarbonate,2,sodium carbonate,2
1204,sodium silicate,2,soil fertility,2,solitary,2
1207,solitude,2,sorcery,2,souffle,2
1210,soup dumplings,2,South China Sea,2,soy milk,2
1213,spaghetti,2,spanish,2,sparrow,2
1216,spatula,2,special combo,2,spectral,2
1219,spectrum,2,speculation,2,speculative,2
1222,spice store,2,spicy-sweet,2,spiral,2
1225,spleen,2,splendid,2,spray,2
1228,Stanford Honor Code,2,staple foods,2,star anise,2
1231,Statistical Mechanics,2,steak,2,steamer,2
1234,steel,2,stem,2,stew,2
1237,stock,2,stock pot,2,stomach,2
1240,stool,2,storage cabinet,2,stratosphere,2
1243,strip,2,striped,2,subdistrict office,2
1246,subduction,2,sunscreen,2,superiority,2
1249,supply corps,2,surface strike,2,surge,2
1252,sushi,2,suspicious,2,swallow,2
1255,sweet potato,2,sweet-savory,2,swiftlet nest,2
1258,swim brief,2,syndrome,2,tabasco,2
1261,table salt,2,tactical,2,tahini,2
1264,tamarind,2,tangerine,2,tank,2
1267,tape,2,tapioca,2,TBH,2
1270,temperature,2,temporature,2,tenderloin,2
1273,tenderly,2,tension,2,teriyaki sauce,2
1276,thai coconut wraps,2,thawing,2,the cube of,2
1279,the fog of,2,the next era of,2,the stance of,2
1282,theatre,2,therapy,2,thermosphere,2
1285,thigh,2,thistle,2,Thoughts Across Time,2
1288,throw,2,thrush,2,thumb,2
1291,thyroid,2,tibia,2,tidal,2
1294,tidal locking,2,tin,2,tissue,2
1297,TNP,2,TNT,2,toast with jam,2
1300,toasted bun,2,toaster,2,tobramycin,2
1303,toe raise,2,TOEFL,2,toluene,2
1306,Tom Marvolo Riddle,2,tongs,2,tongue,2
1309,tonic water,2,toolbox,2,topaz,2
1312,tow float,2,tranquil,2,trans fats,2
1315,translucent,2,transportation,2,trauma,2
1318,tray,2,treaty,2,trench,2
1321,triassic period,2,triathlon,2,trim,2
1324,trim nails,2,troposphere,2,truffle,2
1327,trunk,2,Tsien Hsue-Shen,2,tsunami,2
1330,TTFN,2,tulip,2,turner,2
1333,two hand curl,2,two-prong plug,2,tzatziki,2
1336,UAV,2,ultraviolet,2,underbite,2
1339,undergo,2,Universal Joint Wrench,2,unsaturated fats,2
1342,unveil,2,urban,2,utensils,2
1345,V Brakes,2,vacuum,2,vacuum cleaner,2
1348,vancomycin,2,vault,2,veela,2
1351,vegetarian wraps,2,Venice Canals,2,venison,2
1354,verdi,2,verdigris,2,vereal,2
1357,vermilion,2,verse,2,very result,2
1360,vessels,2,vibrant,2,vice,2
1363,vice versa,2,virgin,2,viscount,2
1366,wagyu,2,wagyu beef,2,waist,2
1369,walnuts,2,walrus,2,wardrobe,2
1372,warfare,2,warped,2,wasabi,2
1375,wash hair,2,wasp,2,weathered,2
1378,weed pollen,2,welding,2,welfare,2
1381,whipped,2,white button mushrooms,2,white nylons,2
1384,white truffle,2,William Boeing,2,willow,2
1387,withdrawal,2,wok,2,wolfberry,2
1390,woodpecker,2,wrap dress,2,wrench,2
1393,writting brush,2,yearbook,2,yearbook quote,2
1396,yoghurt,2,yogurt,2,yolk,2
1399,zither,2,zodiac,2,zodiac constellations,2
1402,12-bar blues,1,2024,1,4th toe,1
1405,a dash of,1,a flavor,1,a lack of randomness,1
1408,a pivot,1,a sprinkle of,1,a stance of,1
1411,a stick of incense,1,a touch of,1,a touch of humer,1
1414,A-Pillar,1,abdomen,1,abominable,1
1417,Aboriginal Australians,1,Abraham Lincoln,1,Abrams,1
1420,abrasion,1,abrasive paper,1,abscissa,1
1423,absolute construction,1,absorb,1,abundance,1
1426,abyss,1,abyssal,1,acacia,1
1429,academic dismissal,1,academic subject,1,Academic Terminology,1
1432,academician,1,acai,1,acai berry,1
1435,accolade,1,accommodate,1,accompanied,1
1438,accompany,1,accomplish,1,accomplishment,1
1441,accordion,1,acetate,1,acetic,1
1444,acetic acid,1,acetone,1,acetorphine,1
1447,acetylcholine,1,acetylsalicylic,1,acid rain,1
1450,acid reflux,1,acidification,1,acinium,1
1453,acorn,1,acquaintances,1,Acquired Immunodeficiency Syndrome,1
1456,Acropolis,1,Acropolis of Athens,1,ACT,1
1459,actinides,1,actinium,1,action art,1
1462,action game,1,Action-Reaction Law,1,active noise cancellation,1
1465,actuated,1,actuator,1,Acubens,1
1468,acupuncture,1,Acura,1,acute angle,1
1471,acute care,1,acute urticaria,1,AD,1
1474,Ada Lovelace,1,adam's apple,1,adamantine,1
1477,adaptation,1,adaptive,1,adaptive cruise control,1
1480,addict,1,addiction,1,addictive,1
1483,additive,1,adelie penguin,1,adept,1
1486,adhere,1,adipose,1,adipose tissue,1
1489,adjacent,1,adjective,1,adjectives,1
1492,Adjustable Wrench,1,adjustment,1,administration,1
1495,administrative,1,administrative personnel,1,admiral,1
1498,admire,1,admired,1,admissions,1
1501,admissions and examinations,1,adoption,1,adorable,1
1504,adrenal,1,adrenaline,1,adularescence,1
1507,Advanced Combat Helmet,1,advection,1,adverb,1
1510,adverbial,1,adverbial clause,1,advisory,1
1513,adzuki,1,adzuki beans,1,aerial,1
1516,aerial vehicle,1,aeronautics,1,aerospace,1
1519,aesthetic,1,aesthetics,1,AFAIK,1
1522,affairs,1,affication,1,affiliate,1
1525,affiliated,1,affiliates,1,affiliation,1
1528,affiliations,1,affilicated,1,affilite,1
1531,affine,1,affine transform,1,affirming,1
1534,affliates,1,affordable,1,Afghanistan,1
1537,aficionado,1,AFK,1,Africa,1
1540,african,1,after-school programs,1,afterburner,1
1543,agate,1,age structure,1,agonist,1
1546,agricultural,1,AI Infra,1,aid,1
1549,AIDS,1,air conditioner,1,Air Conditioning,1
1552,Air Conditioning Refrigerant,1,air fresheners,1,air fryer,1
1555,air mattress,1,air purifier,1,air warfare,1
1558,air warfare equipment,1,airbags,1,airbases,1
1561,aircraft carrier,1,airily,1,airport,1
1564,airports and ports,1,aisance,1,ait,1
1567,AK-47,1,ALA,1,Alan Turing,1
1570,alanine,1,alas,1,albert einsein,1
1573,albert einstein,1,Albert Einstein,1,albumen,1
1576,Albus Dumbledore,1,alchemist,1,alchemistry,1
1579,alchemy,1,alcohol,1,alcoholic,1
1582,alcohols,1,alcove,1,alcubierre,1
1585,alcubierre drive,1,aldehydes,1,ale,1
1588,Alexander Fleming,1,Alexander the Great,1,alfalfa,1
1591,alfred nobel,1,alfredo,1,alien,1
1594,alienating,1,alkalies,1,all in all,1
1597,Allah,1,allegedly,1,allen,1
1600,Allen Wrench,1,allergen,1,allergens,1
1603,allergic rhinitis,1,allergy-resistant,1,alley,1
1606,allium,1,allosaurus,1,allowance,1
1609,allspice,1,alluvial,1,alluvial fan,1
1612,almandine,1,Alnilam,1,Alnitak,1
1615,Alohomora,1,alpha,1,alpha centauri,1
1618,Alpha Centauri,1,Alpherg,1,alpinia,1
1621,Alps,1,Altair,1,altar,1
1624,altera,1,alteration,1,altitude,1
1627,alto,1,altocumulus,1,altostratus,1
1630,altruism,1,alum,1,aluminum,1
1633,aluminum sulfate,1,alumni,1,alunite,1
1636,AMA,1,Amazon River,1,ambient,1
1639,ambient lighting,1,ambitions,1,ambulance,1
1642,ambulance station,1,amchur,1,american cockroach,1
1645,american football,1,americium,1,amethyst,1
1648,amine,1,amino,1,amino acid,1
1651,amlodipine,1,ammonia,1,ammonites,1
1654,Amoxicillin,1,ampersand,1,amphetamine,1
1657,amphibians,1,amphibious,1,amphibious assault ship,1
1660,amphitheatre,1,amplitude,1,amuse,1
1663,amusement,1,amusement park,1,Anabaptism,1
1666,anaconda,1,analytic geometry,1,anaphylaxis,1
1669,anatomical,1,ANC,1,ancestral,1
1672,ancestral home,1,anchor bolt,1,Andes,1
1675,andesite,1,andromeda,1,Andromeda,1
1678,Andromedids,1,anemometer,1,anesthesia,1
1681,anesthetics,1,angelfish,1,angle,1
1684,angle bisector,1,angle brackets,1,angle of depression,1
1687,angle of elevation,1,anglo-saxons,1,angular velocity,1
1690,animated,1,anion,1,anionic,1
1693,anise,1,ankle boots,1,ankle socks,1
1696,ankylosaurus,1,anna sui,1,annihilation,1
1699,Anno Domini,1,annua,1,anole,1
1702,anomalocaris,1,antacid,1,antagonist,1
1705,Antarctic,1,antarctic,1,Antarctic Ice Sheet,1
1708,anthem,1,anthracite,1,anti-allergy,1
1711,anti-diarrheal,1,anti-inflammatory,1,anti-narcotics,1
1714,anti-narcotics police,1,anti-personnel mines,1,anti-tank mines,1
1717,antibiotic,1,antibody,1,anticipate,1
1720,anticline,1,antidepressants,1,antifeminist,1
1723,antifungal,1,antigen,1,antihistamines,1
1726,antimalarial,1,antimalarial drug,1,antimatter,1
1729,antimicrobial,1,antimony,1,antioxidants,1
1732,antiquity,1,Antiretroviral Therapy,1,antler,1
1735,anus,1,anvil,1,anvil cloud,1
1738,anxiety disorder,1,aorta,1,AP shell,1
1741,apatite,1,apatosaurus,1,APC,1
1744,aperitive,1,apertif,1,apertif wine,1
1747,aperture,1,apex,1,apex predator,1
1750,aphthous ulcer,1,apostle,1,apostrophe,1
1753,apparatus,1,appetite,1,appetizing,1
1756,apple cider,1,apple cider vinegar,1,appliance,1
1759,Applied Sciences,1,apply skincare,1,apply skincare products,1
1762,appoint,1,appointment,1,appraisal,1
1765,appraise,1,appreciation,1,apprentice,1
1768,approval,1,apricot,1,apricots,1
1771,April Fool's Day,1,aptitude,1,aqua,1
1774,aquadom,1,aquamarine,1,Aquarius,1
1777,aquatic,1,Aquila,1,AR,1
1780,Arabian Desert,1,arabs,1,arbor,1
1783,arcadian,1,archaic,1,archean eon,1
1786,archetypal,1,Archimedes,1,arctic fox,1
1789,arctic hare,1,Arctic Ocean,1,Arcturus,1
1792,arder,1,argentinian,1,argentum,1
1795,arginine,1,argon,1,arial,1
1798,Aries,1,Arithmacy,1,Arithmancy,1
1801,arithmetic mean,1,arithmetic progression,1,arithmetic sequence,1
1804,arithmetic series,1,arleigh,1,arleigh burke,1
1807,armani,1,armchair,1,Armenians,1
1810,armhole,1,armor,1,armor-piercing shell,1
1813,armored,1,armored personnel carrier,1,armorer,1
1816,armour,1,army,1,army^ navy^ air force,1
1819,aroma system,1,arrange,1,arrangement,1
1822,arranger,1,array,1,arrogance,1
1825,artemisinin,1,arthal,1,arthals,1
1828,arthropleura,1,arthrosynovitis,1,articulation,1
1831,artificial,1,Artificial Tears,1,artillery shell,1
1834,artistic director,1,artistic swimming,1,arugula,1
1837,aryans,1,asafetida,1,asafoetida,1
1840,ASAP,1,ascend,1,ascorbic,1
1843,ascorbic acid,1,ascribe,1,asethetic,1
1846,ash,1,Asia,1,asian swamp eel,1
1849,ask me anything,1,ASL,1,asparagine,1
1852,asparagus fern,1,aspartic acid,1,aspen,1
1855,asperatus,1,Aspirated,1,ass off,1
1858,ass-hide gelatin,1,assault,1,assault ship,1
1861,assembly,1,assessment,1,assignment,1
1864,association,1,assort,1,assorted,1
1867,assortment,1,assumption,1,assurance,1
1870,astatine,1,asterisk,1,asterism,1
1873,asteroid belt,1,astragali,1,astronauts,1
1876,astronomers,1,astronomical,1,astronomical phenomena,1
1879,astronomical telescope,1,Astronomy,1,Astronomy Tower,1
1882,astrophysics,1,asylum,1,asynchronous,1
1885,at sign,1,ATC,1,ATF,1
1888,ATGM,1,atheist,1,Athens,1
1891,athletic,1,athletic shoes,1,atlantic,1
1894,Atlantic,1,Atlantic Ocean,1,atmospheric escape,1
1897,atoll,1,atorvastatin,1,atrium,1
1900,atropine,1,attendance,1,attire,1
1903,attitude,1,attorney,1,attractivae,1
1906,attractive,1,attributive,1,attributive clause,1
1909,attrition,1,atypicality,1,aucklan,1
1912,aucklan dia,1,Audi,1,auditorium,1
1915,aura,1,aureate,1,Auriga,1
1918,Aurora Australis,1,aurum,1,austere,1
1921,Austral,1,austral,1,Australia,1
1924,australis,1,Austria,1,auto-dimming rearview mirror,1
1927,autoimmune,1,automated parking,1,automatic emergency braking,1
1930,autonomous,1,autonomous county,1,auxiliary,1
1933,ava,1,Avada Kedavra,1,Aviation,1
1936,Aviation Industry Corporation of,1,Aviation Turbine Fuel,1,avionics,1
1939,avocado oil,1,avocados,1,awning,1
1942,axial tilt,1,azelastine,1,azhdarchid,1
1945,azide,1,Azkaban,1,Azuki,1
1948,Azuki Bean Paste,1,azurite,1,B Vitamins,1
1951,B-Pillar,1,ba,1,BA and BS degree,1
1954,babe,1,baby's breath,1,baccalaureate,1
1957,bachata,1,Bachelor of Arts,1,Bachelor of Science,1
1960,Bachelor's Button,1,Bachelor's Degree,1,back flip,1
1963,back of the hand,1,back paini,1,back-to-school night,1
1966,backboard,1,backed sweet potato,1,backing vocalist,1
1969,backlog,1,backpack,1,backslash,1
1972,backup camera,1,bacon bits,1,bad breath,1
1975,badlands,1,badminton racquet,1,bagman,1
1978,baguette sandwiches,1,bait,1,baiter,1
1981,baked goods,1,baking sheet,1,baking soda,1
1984,Bali,1,ball gown,1,ball lightning,1
1987,ball peen,1,ballet flats,1,ballistic missile,1
1990,balloon,1,balloon flower,1,ballpoint,1
1993,ballpoint pens,1,ballroom,1,balsam,1
1996,balsamic vinegar,1,baltic,1,baltic peoples,1
1999,balzer,1,bamboo pit,1,bamboo rayon,1
2002,bamboo steamer,1,bamboo worm,1,band,1
2005,band and choir,1,banded,1,banded krait,1
2008,bandwagon,1,Bang & Olufsen,1,banger,1
2011,bangs,1,banjo,1,bankrupt,1
2014,banned from,1,banquet,1,banquet dishes,1
2017,banshee,1,bao,1,baobab,1
2020,baozza,1,bar,1,bar and pub,1
2023,bar stool,1,barbecue grill,1,barbeue,1
2026,barchan,1,bard,1,barite,1
2029,baritone,1,barium,1,barium sulfate,1
2032,Barley Malt,1,barn owl,1,barn swallow,1
2035,barnyard,1,barnyard grass,1,barometer,1
2038,baroness,1,baronet,1,baronetess,1
2041,bars,1,bars^ beam and vault,1,bart,1
2044,baru nuts,1,base makeup,1,baseball cap,1
2047,bases,1,basic copper carbonate,1,basil leaves,1
2050,basket,1,basmati rice,1,bass clarinet,1
2053,bass clef,1,bass drum,1,bass guitar,1
2056,basses,1,bassist,1,bassoons,1
2059,baste,1,basting,1,basting brush,1
2062,bath mats,1,bath towels,1,bathing suit,1
2065,bathrobe,1,bathroom cleaner,1,bathtub,1
2068,batteries,1,battle arena,1,battleship,1
2071,bauxite,1,baw,1,bawu,1
2074,bay,1,Bay,1,bay leaves,1
2077,Bayerische Motoren Werke,1,BBQ Pork Bun,1,BBQ ribs,1
2080,BCD,1,BCE,1,be flattered to,1
2083,bead,1,beam balance,1,beam balance^ scale and,1
2086,bean bag,1,bean bag chair,1,beanie,1
2089,beans,1,bear,1,bear paw,1
2092,Beater,1,beauty blendeer,1,beauty blender,1
2095,bechamel,1,bed bug,1,bed cover,1
2098,bed guard,1,bed linens,1,bed rail,1
2101,bedpan,1,bee pollen,1,bee stings,1
2104,beech,1,beef bouillon,1,beef jerky,1
2107,beef patty,1,beef pho,1,beef short ribs,1
2110,beef stew,1,beehive,1,beer,1
2113,beet,1,beet greens,1,beetle,1
2116,beetroot,1,begets,1,beggar,1
2119,begonia,1,beige,1,belfry,1
2122,Belgium,1,bell pepper,1,bell peppers,1
2125,bellas,1,Bellatrix,1,belly button,1
2128,belly dance,1,belt loops,1,benches,1
2131,beneath,1,Benjamin Franklin,1,beretta,1
2134,Bering Strait,1,berkelium,1,Bernhard Riemann,1
2137,bert,1,beryl,1,beryllium,1
2140,best man,1,beta,1,betelgeuse,1
2143,betray,1,beverage menu,1,bezel,1
2146,BFF,1,bianzhong,1,bibimbap,1
2149,bicarbonate,1,biceps,1,big bang,1
2152,Big Dipper,1,big toe,1,bighead carp,1
2155,bikini,1,bile,1,Bill Gates,1
2158,binders,1,biodiesel,1,biography,1
2161,Biological Protection Gear,1,Biology,1,biomedical,1
2164,biomedical engineering,1,biosphere,1,biotics,1
2167,Biotin,1,biotin,1,biotite,1
2170,birch,1,bird flu,1,bird's nest,1
2173,birth rate,1,birthstones,1,birthwort,1
2176,biscuit jar,1,bismuth subsalicylate,1,bituminous,1
2179,bituminous coal,1,biwa,1,bizarre,1
2182,black apron,1,black bean,1,black beans,1
2185,black bear,1,black belt,1,black carp,1
2188,black cattle,1,black hawk,1,black hole,1
2191,black ink,1,black mamba,1,black nylons,1
2194,black pepper,1,black powder,1,black sesame paste,1
2197,black swan,1,black tea,1,black tie,1
2200,black widow,1,blackberries,1,blade,1
2203,Blaise Pascal,1,blanch,1,blanched,1
2206,blast furnace,1,blasting cap,1,bleeding gums,1
2209,blended,1,blending,1,blens,1
2212,blinds,1,blip,1,bliss,1
2215,blissful,1,blister,1,blizzard,1
2218,blonde,1,blood cessels,1,blood vessels,1
2221,Bloody Mary,1,Blotts,1,blowing gum,1
2224,blown away,1,Bludger,1,Blue Cheese,1
2227,blue harp,1,blue notes,1,blue whale,1
2230,blue-ringed octopus,1,blueberries,1,bluefin tuna,1
2233,blueshift,1,bluet,1,bluff,1
2236,blurred,1,blurred vision,1,BMI,1
2239,BMW,1,bo,1,boar,1
2242,board a flight,1,boardshorts,1,Bobbi,1
2245,bobby,1,bobby-trapped,1,Body Armor,1
2248,body board,1,body wash,1,BodyArmor,1
2251,bodysuit,1,Bohai Bay,1,Bohai Sea,1
2254,bohrium,1,boiled dumpling,1,boiled egg,1
2257,boiler,1,bold,1,bold and spicy flavor,1
2260,Bolsheviks,1,bolster,1,bolt,1
2263,bolt and nut,1,bolter,1,bomb,1
2266,bomber,1,Bombing,1,bongos,1
2269,bonjour,1,bonne,1,bonne nuit,1
2272,bonsoir,1,boo,1,bookcase,1
2275,bookshop,1,bookstore,1,boomerang,1
2278,bootcut,1,Bootes,1,borax,1
2281,Bordeaux,1,bore,1,Borealis,1
2284,borealis,1,boric acid,1,borne,1
2287,borneol,1,boron,1,borrow,1
2290,Bose,1,bottle,1,bouncing,1
2293,boundless,1,bow and arrow,1,bow shock,1
2296,bowel,1,bower,1,bowl,1
2299,boxer briefs,1,boxes and loges,1,boxing,1
2302,boxing day,1,boyish,1,bra,1
2305,brachiopods,1,brachiosaurus,1,Bradley,1
2308,Brahmanism,1,Brahminism,1,brail nuts,1
2311,braised prawns,1,brake fluid,1,brands,1
2314,brandy,1,braoness,1,brass,1
2317,brass section,1,bravo,1,Brazilian Churrasco,1
2320,BRB,1,bread,1,breaded with panko,1
2323,breast,1,breast cancer,1,breathtaking,1
2326,breathtakingly,1,breed registry,1,breeze,1
2329,brewed with,1,brewing,1,brewing stand,1
2332,Brian Kernighan,1,bridal,1,bridal gown,1
2335,bridesmaid,1,Bridgestone,1,bridle,1
2338,Brie,1,brie,1,Brie Cheese,1
2341,brigadier general,1,bright,1,British Museum,1
2344,broil,1,bromine,1,bronchial,1
2347,bronchial tube,1,bronde,1,brontosaurus,1
2350,bronze ware,1,bronzer,1,brooks,1
2353,broomstick,1,brotherhood,1,brow,1
2356,brow makeup,1,browing,1,browings,1
2359,brown bear,1,brown rice,1,brown sugar,1
2362,brownies,1,bruise,1,brush pen,1
2365,brush teeth,1,brushed with,1,brushes,1
2368,bruting,1,bryozoans,1,BTW,1
2371,bucket,1,bucket hat,1,buckwheat,1
2374,buckwheat hull,1,buckwheat pillow,1,Budapest,1
2377,Buddha,1,Buddha Jumps Over the,1,Buddhism,1
2380,buddhist temple,1,buddyfight,1,budesonide,1
2383,budgerigar,1,buff,1,buffet,1
2386,building block,1,buildplates,1,buildup,1
2389,bulb,1,bulgur,1,bullet,1
2392,bulrush,1,bumble,1,bumblebee,1
2395,Bun,1,bun,1,buoyancy,1
2398,buoyancy compensator device,1,bureaucracy,1,burger sauce,1
2401,burgers,1,Burgundy,1,Burj Khalifa,1
2404,Burma,1,burmese,1,burn,1
2407,burn out,1,burning glass,1,burnt,1
2410,burnt flatbread,1,Burrow,1,bursting,1
2413,bursting with,1,bursting with flavor,1,bus stop,1
2416,business suit,1,bust,1,butcher,1
2419,butte,1,butter,1,butterflyfish,1
2422,buttes,1,buttock,1,button mushrooms,1
2425,Buzz Aldrin,1,buzzard,1,BYOD,1
2428,C4,1,Cable-actuated Disc Brakes,1,cabochon,1
2431,cactus,1,cadbury,1,cadence,1
2434,Cadillac,1,cadmium,1,caesium,1
2437,caffein,1,caffeinated,1,Cairo,1
2440,Calcium,1,calcium,1,calcium carbonate,1
2443,calcium chloride,1,calcium fluoride,1,calcium gluconate,1
2446,calcium hydroxide,1,calcium supplement,1,calendar,1
2449,calf raise,1,calibrated,1,califonium,1
2452,californium,1,caliper brakes,1,calligraphic,1
2455,calligraphy,1,calligraphy ink,1,Callisto,1
2458,calore,1,calori,1,calorie,1
2461,caltrop,1,calves,1,Calvinism,1
2464,calymene,1,camaraderie,1,cambrian,1
2467,Camelopardalis,1,camouflage,1,can opener,1
2470,canada goose,1,canal,1,cancer,1
2473,Cancer,1,candid,1,candidd,1
2476,candied,1,candied hawthorn skewers,1,candle holder,1
2479,canellini beans,1,canine,1,canine teeth,1
2482,Canis Major,1,Canis Minor,1,canister,1
2485,canker,1,cannabis,1,cannellini,1
2488,canola,1,canola oil,1,Canopus,1
2491,cantonese,1,cantonese cuisine,1,canyon,1
2494,cap,1,capabilities,1,capers,1
2497,capillaries,1,capital gains,1,capitol,1
2500,cappuccino,1,capri,1,Capricornus,1
2503,capris,1,Capstone,1,capstone project,1
2506,capsule,1,capsules,1,captain,1
2509,Captain Nemo,1,car brands,1,car rental,1
2512,caramel flan,1,carat,1,caraway,1
2515,carb,1,carbine,1,carbon,1
2518,carbon cycle,1,carbon dioxide,1,carbon footprint,1
2521,carbon ink,1,carbon monoxide,1,carbon monoxide detector,1
2524,Carbonated,1,carboniferous,1,cardamom,1
2527,cardiology,1,cardiothoracic,1,cardiothoracic surgery,1
2530,cardiovascular,1,cardstock,1,caregiver,1
2533,caressing,1,cargo pants,1,Carina,1
2536,Carl Friedrich Gauss,1,carmine,1,carnivoran,1
2539,carnivore,1,carpenter,1,carpet,1
2542,carrots,1,cartels,1,cartesian,1
2545,cartidge,1,cartographer,1,cartography,1
2548,cartoon,1,Cartridge,1,cartridge case,1
2551,cartridges,1,carving,1,casanova,1
2554,cascading,1,casein,1,cashew,1
2557,cashmere,1,casing,1,casserole dish,1
2560,Cassiopeia,1,Castor,1,casual,1
2563,Cat Aficionado Association,1,Cat Fanciers Association,1,cat hair,1
2566,cat's eye,1,catapult,1,catatonic,1
2569,categories,1,cater to,1,caterpillar,1
2572,caterpillar fungus,1,Cathedral,1,Catholic,1
2575,cation,1,cationic,1,CATOBAR,1
2578,cattail,1,cattle,1,Cattle,1
2581,cattle^ cow^ bull and,1,caucasoid race,1,Cauchy,1
2584,Cauldron,1,cauldron,1,caulk,1
2587,cault,1,causal,1,cautious,1
2590,caviar,1,cavie,1,cavities,1
2593,cayenne,1,cayenne pepper,1,CE,1
2596,cease,1,ceasefire,1,ceaselessly,1
2599,cedar,1,cefaclor,1,cefixime capsules,1
2602,cefpodoxime,1,cefuroxime,1,celadon,1
2605,celerity,1,cellos,1,cellulose,1
2608,celsius,1,celtic peoples,1,celts,1
2611,cement,1,cementation,1,cenment,1
2614,cenozoic,1,cenozoic era,1,census,1
2617,centaru,1,centaur,1,Centaurus,1
2620,center console,1,center stack,1,centipede,1
2623,central nerve system,1,centrifugal,1,centrifugal force,1
2626,centripetal,1,centripetal force,1,Cepheus,1
2629,ceramic,1,ceramic braces,1,cereal,1
2632,cerebral,1,cerium,1,cerulean,1
2635,cetirizine hydrochloride,1,CFO,1,cha-cah,1
2638,cha-cha,1,chai,1,chai tea,1
2641,chainmail,1,chaise,1,chaise longue,1
2644,chalcopyrite,1,chalkboard,1,chameleon,1
2647,champion,1,championed,1,chandelier,1
2650,chanel,1,chanterelle,1,chaos,1
2653,chaos theory,1,chapel,1,chaplain,1
2656,char,1,Char Siu Bao,1,char siu bao,1
2659,char-girlled,1,char-grilled,1,character traits,1
2662,chard,1,charge density,1,charitable,1
2665,Charles Darwin,1,Chaser,1,chateau,1
2668,chatoyancy,1,Cheddar Cheese,1,cheddar cheese,1
2671,chee,1,cheeba,1,cheek,1
2674,cheerful,1,cheerlead,1,cheerleaders,1
2677,cheerleading,1,cheerleading suqad,1,cheese,1
2680,cheese plant,1,cheese puffs,1,cheeseburger,1
2683,chemical fertilizer,1,Chemical Protection Gear,1,chemistry,1
2686,Chemistry,1,chemotherapy,1,cherished,1
2689,cherries,1,chess club,1,chesseballs,1
2692,chestnut,1,chestnuts,1,Chevrolet,1
2695,Chevy,1,chi,1,chia,1
2698,chia seeds,1,chiba,1,chiba shop,1
2701,chic,1,chick,1,chicken breast,1
2704,chicken couillon,1,chicken nuggets,1,chicken powder,1
2707,chicken stock cubes,1,chicken thighs,1,chickpea,1
2710,chiffon,1,chilblains,1,childish,1
2713,chili peppers,1,chili sauces,1,chill,1
2716,chime bells,1,china jute,1,china rose,1
2719,chinatown,1,Chinese Arborvitae,1,Chinese Breads,1
2722,Chinese brush,1,Chinese Crispy Flatbread,1,chinese duck,1
2725,Chinese Firecake,1,chinese flute,1,Chinese Herbal Medicines,1
2728,Chinese Li Hua,1,chinese lute,1,chinese noodles,1
2731,Chinese Pancackes,1,Chinese Pancakes,1,chinese parasol tree,1
2734,Chinese Parsley,1,chinese peony,1,chinese rose,1
2737,chinese sturgeon,1,Chinese Valentine's Day,1,chirping,1
2740,chisel,1,chloride,1,chloroquine,1
2743,chocolate bars,1,cholera,1,cholinergic,1
2746,cholinergic urticaria,1,chongyang festival,1,chopped,1
2749,chops,1,Christian,1,Christian Era,1
2752,Christianity,1,christmas,1,Christmas Eve,1
2755,christmassy,1,Christopher Columbus,1,chromatic,1
2758,chromosphere,1,chronology,1,Chronology Protection Conjecture,1
2761,chum,1,churning,1,churning out,1
2764,Churrasco,1,chutney,1,chutoro,1
2767,cichorium,1,cinchona,1,cinima,1
2770,cinnamon sticks,1,ciprofloxacin,1,circular,1
2773,circular opening,1,circular orbit,1,circumference,1
2776,cirrhosis,1,cirrocumulus,1,cirrostratus,1
2779,cirrus,1,cirsium,1,citizenship,1
2782,citric,1,citrulline,1,citrus,1
2785,city hall,1,civics,1,clam,1
2788,clams,1,clang,1,clarified,1
2791,clarified butter,1,clarinet,1,clarinets,1
2794,clarithromycin,1,Clarithromycin,1,claritin,1
2797,classic,1,classical,1,Classical Electromagnetism,1
2800,Classical Mechanics,1,classical physics,1,clauses,1
2803,claw,1,claw hammer,1,claws,1
2806,clay,1,clay pots,1,cleaning cloth,1
2809,cleaning dupplies,1,cleaning spray,1,cleaning supplies,1
2812,cleanser,1,clear sky,1,clearance,1
2815,cleats,1,clef,1,clergyman,1
2818,cleric,1,cliff,1,climate change,1
2821,climbing hop,1,clindamycin,1,cline,1
2824,clinical engineering,1,clinical laboratory,1,cloak,1
2827,cloal,1,clory,1,clothes hanger,1
2830,clothes moth,1,clothes rack,1,clothespin,1
2833,cloud cover,1,clown,1,clownfish,1
2836,clump,1,clutch,1,clutter,1
2839,clycine,1,CMB,1,CME,1
2842,Co. Ltd,1,coa,1,coal stove,1
2845,coalbed,1,coarse,1,coarse salt,1
2848,coarse sea salt,1,coarse ssalt,1,coaster,1
2851,coaster brakes,1,coat of arms,1,coat rack,1
2854,coated tongue,1,coating,1,cob,1
2857,cobalamin,1,coca-cola,1,cocaine,1
2860,cockatoo,1,cocklebur,1,cocktail,1
2863,cocktail dress,1,cocoa beans,1,cocoa powder,1
2866,coconut water,1,cod,1,coelacanth,1
2869,coexist,1,coffee beans,1,coffee mug,1
2872,coffee pot,1,coffee talbe,1,coin flip,1
2875,coin toss,1,coking coal,1,Cola,1
2878,colander,1,cold,1,cold brew,1
2881,cold brew coffee,1,cold front,1,cold snap,1
2884,cold sore,1,coldslaw,1,collaboration,1
2887,collapse,1,collar,1,collard,1
2890,collard greens,1,collateral,1,college building,1
2893,college cuilding,1,college entrance exam,1,Colloquial Expressions,1
2896,Colloquial language,1,Colloquialisms,1,colonial,1
2899,colonialism,1,colored pencils,1,colosseum,1
2902,column dress,1,coma,1,comb hair,1
2905,Combat Knife,1,combat support,1,Combination Wrench,1
2908,come alive with,1,come up,1,comedian,1
2911,comet,1,comet halley,1,comet nucleus,1
2914,comet tail,1,comma,1,commander,1
2917,commencement,1,commencement ceremony,1,commendable,1
2920,commentary,1,commercial,1,commisoned,1
2923,commiss,1,commisse,1,commission,1
2926,commissioned,1,commissoned,1,committee,1
2929,common cold,1,common conditions,1,common divisor,1
2932,common era,1,Common Era,1,common factor,1
2935,common language,1,common nails,1,common sowthistle,1
2938,communism,1,communist,1,community center,1
2941,community ecology,1,compaction,1,Company Limited,1
2944,compasses,1,compassion,1,compassionate,1
2947,compensator,1,compete with,1,competition,1
2950,competitive exclusion principle,1,complement,1,completion,1
2953,complicated,1,comply,1,composed,1
2956,composite,1,composition,1,composition books,1
2959,compost,1,composter,1,compound aucklan dia and,1
2962,compound fracture,1,comprehension,1,Comprehensive Exam,1
2965,Compressed Natural Gas,1,computed tomography,1,concave lens,1
2968,conceal,1,concealer,1,conceit,1
2971,conceptualism,1,concertmaster,1,concession,1
2974,concession stand,1,conch,1,conchoidal,1
2977,concierge,1,concierge service,1,concrete,1
2980,concurrent,1,concyclic,1,conda,1
2983,condensed,1,condensed milk,1,conditionally essential amino acids,1
2986,conditioner,1,condradiction,1,conductor,1
2989,conduit,1,condult,1,conferment,1
2992,conferral,1,confidential,1,Confucius,1
2995,confusion,1,congas,1,congee,1
2998,Congo River,1,congress,1,congruent,1
3001,conical,1,conical section,1,conifers,1
3004,conjection,1,conjuction,1,conjugate,1
3007,conjunctivitis,1,conosultant,1,conscious,1
3010,conscription,1,consequently,1,conservation of energy,1
3013,Conservation of Mass,1,conservation of momentum,1,Conservation of Momentum,1
3016,Conservative Party,1,conservative party,1,conservatives,1
3019,consonant,1,constellation,1,constipation,1
3022,constructive,1,consular,1,consular visa interview,1
3025,consulat,1,consulate,1,consult on,1
3028,consultant,1,contact,1,contact lens,1
3031,contemporary,1,contemptible,1,continent,1
3034,continental,1,continental drift,1,contour line,1
3037,contouring,1,contrabasses,1,contracts,1
3040,contradiction,1,contrails,1,controller,1
3043,contusion,1,convenience,1,convenience store,1
3046,convenient,1,convent,1,conventional oven,1
3049,converage,1,converge,1,convergence,1
3052,convergent,1,convergent evolution,1,convergent series,1
3055,convert to,1,convex lens,1,convolution,1
3058,cooker,1,cookie jar,1,coolant,1
3061,cooling blanket,1,cooling mat,1,cooling rack,1
3064,cooling racks,1,coolmax,1,cooper,1
3067,cooperation,1,coordinate geometry,1,COPD,1
3070,copernicium,1,coplanar,1,coplanar orbit,1
3073,copper,1,copper carbonate,1,copse,1
3076,coptic,1,coptis,1,Coptis Chinensis,1
3079,copying paper,1,cor anglais,1,corcery,1
3082,CORDIC,1,cords,1,corduroy,1
3085,cordyceps,1,cordyceps sinensis,1,core Curriculum,1
3088,coriander,1,coriander seeds,1,corm,1
3091,cormorant,1,corn oil,1,corn poppy,1
3094,corn snake,1,corn tortillas,1,Cornbread,1
3097,cornbread,1,cornflower,1,cornichons,1
3100,cornmeal,1,corona,1,coronal,1
3103,coronal hold,1,coronal hole,1,coronal mass ejection,1
3106,coronary,1,coronary artery disease,1,corparation,1
3109,corporal,1,corporation,1,corps,1
3112,correct grip,1,correction fluid,1,correction tape,1
3115,Corticosteroid,1,cortisol,1,corundum,1
3118,cosmetic,1,cosmetic case,1,cosmic expansion,1
3121,Cosmic Microwave Background,1,Cosmic Microwave Background Radiation,1,cosmic ray,1
3124,cosmic string,1,cosmological,1,cosmological constant,1
3127,cosmological principle,1,cosplay,1,costume,1
3130,costumes,1,cosy time,1,cottage,1
3133,cottage cheese,1,cotton blanket,1,cotton sheet,1
3136,cotton swabs,1,couch potato,1,coucou,1
3139,cough,1,cough syrup,1,Coulomb's Law,1
3142,council,1,counicl,1,counsel,1
3145,count and countess,1,counter air,1,counterfeit,1
3148,countness,1,country,1,county magistrate,1
3151,county section,1,county section level principal,1,county-level city,1
3154,courthouse,1,Couscous,1,coutch,1
3157,couture,1,covellite,1,coverage,1
3160,covergent series,1,coverlet,1,cozy time,1
3163,crab meat,1,crab nebula,1,crab roe,1
3166,crabgrass,1,cracked tooth,1,cracker,1
3169,cradle,1,cranberries,1,cranberry,1
3172,cranberry juice,1,crane,1,cranked,1
3175,crappie,1,crayfish,1,crayons,1
3178,creak,1,creaking,1,credit,1
3181,credit union,1,creeper,1,creme brulee,1
3184,cremini,1,cremson,1,crepe,1
3187,crepuscular,1,crew dragon,1,crew socks,1
3190,crinoids,1,crippled,1,cripsy,1
3193,crisp,1,crispy flatbread,1,crispy on the outside,1
3196,crispy rice,1,critical,1,critical phenomena,1
3199,croaker,1,crochet,1,crocodiles,1
3202,croissant,1,crooked,1,crooked teeth,1
3205,crop top,1,cropped jeans,1,crossbite,1
3208,crossbow,1,croton seed,1,crowded,1
3211,crowfoot,1,crowfoot grass,1,crucian carp,1
3214,crucian crap,1,Crucio,1,cruelty,1
3217,cruise missile,1,cruiser,1,crushed,1
3220,crushed peanuts,1,crust pizza,1,crux,1
3223,crystal,1,crystal methamphetamine,1,Crystalline,1
3226,crystalline,1,CSS,1,CT,1
3229,CTO,1,cuckoo,1,cucumber,1
3232,cucumbers,1,cuffs,1,culet,1
3235,culinary,1,cult,1,cum laude,1
3238,cumin,1,cumin seeds,1,cumulonimbus,1
3241,cumulus,1,cunning,1,cunning^ ruthlessness^ and boldness,1
3244,cuprite,1,cuprum,1,cups,1
3247,curative,1,curd,1,curiosity,1
3250,curium,1,curly,1,curly brackets,1
3253,currencies,1,current density,1,curriculum,1
3256,Curriculum,1,curry powder,1,curses and countercurse,1
3259,curve,1,curved,1,custom,1
3262,customization,1,customize,1,customs,1
3265,cuticle,1,cutie,1,cutlass,1
3268,cutlassfish,1,cutlery,1,cutlet,1
3271,cutting board,1,cutting-edge,1,cyber warfare,1
3274,cyberloaf,1,cycad,1,cyclone,1
3277,cyclotrimethylenetrinitramine,1,cycshadow,1,cygnus,1
3280,cylinder,1,cyprus,1,cyrillic,1
3283,cyrillization,1,cysteine,1,czechs,1
3286,daigu,1,daikon,1,daikon radish,1
3289,daily,1,daily prophet,1,daily value,1
3292,dairy fats,1,dame,1,dance shoes,1
3295,dance sneakers,1,dancers,1,dander,1
3298,Dante Alighieri,1,dantian,1,Danube River,1
3301,danxia,1,darjeeling,1,dark energy,1
3304,dark matter,1,dark red^ deep red,1,darmstadtium,1
3307,DAS,1,dashboard,1,datasets,1
3310,date,1,dating,1,David Hilbert,1
3313,David Patterson,1,dawn,1,dawn redwood,1
3316,dayquil,1,dazzling,1,Dead Sea,1
3319,Dean,1,Dean's List,1,death rate,1
3322,Deathly Hallows,1,debate,1,debate club,1
3325,debated,1,decaf,1,decaf coffee,1
3328,decaffeinated,1,decal,1,decay,1
3331,declarative sentence,1,decongestant,1,decorated christmas tree,1
3334,decoration,1,decorative light,1,decorative ligth,1
3337,decorative shelf,1,dedicated,1,dedication,1
3340,deduction,1,deep bite,1,deep fryer,1
3343,Deep UV,1,deep-fried,1,deep-fried to crispy prefectino,1
3346,deep-fried to crispy prefection,1,deep-fried to golden prefection,1,deepDream.py,1
3349,deer antler,1,DEF,1,defense,1
3352,defensive,1,defensive counter air,1,Deflagration,1
3355,defroster,1,defrosting,1,degradation,1
3358,degree audit,1,Degree Conferral,1,dehumidifier,1
3361,Deimos,1,deinagkistrodon,1,deity,1
3364,deliberately,1,delicacy,1,deliciosa,1
3367,delightful,1,deliverables,1,dell,1
3370,deltas,1,dementor,1,Democratic Party,1
3373,demodulator,1,demographic,1,demographics,1
3376,demonize,1,Deneb,1,Deneb Algedi,1
3379,Dennis Richie,1,Dennis Ritchie,1,dense,1
3382,dental issues,1,dental issus,1,dentistry,1
3385,denudata,1,deodorant,1,department,1
3388,department store,1,departmental,1,departmental bureau level deputy,1
3391,departmental bureau level principal,1,dependent,1,deportation,1
3394,deposit,1,depositional,1,deprecated,1
3397,deputy,1,deputy governor,1,dermatitis,1
3400,dermatology,1,dermis,1,desert,1
3403,desertification,1,designed for air superiority,1,desk calendar,1
3406,desperate,1,desperately,1,dessert plate,1
3409,desserts,1,destroyer,1,deterioration,1
3412,deterministic,1,Detonation,1,detonation,1
3415,detonator,1,deuteranopia,1,deviate,1
3418,deviated,1,deviated septum,1,devil,1
3421,Devil's Ivy,1,devonian,1,dew point,1
3424,dewa,1,diabetes medications,1,diacritics,1
3427,diagnostic,1,Diagon,1,Diagon Alley,1
3430,diagonal pilers,1,diagonal pliers,1,diamond dust,1
3433,diarrhea,1,diarrheal,1,diastema,1
3436,diatomite,1,dice,1,diced,1
3439,die-hard,1,diesel electric,1,Diesel Exhaust Fluid,1
3442,diesel-electric,1,Diet,1,diet,1
3445,Diet Cola,1,Dietart,1,dietary,1
3448,dietary fiber,1,dietetics,1,differential,1
3451,differential equation,1,diffuser,1,diffuser sticks,1
3454,diffusion,1,digestive,1,digestive system,1
3457,dignity,1,Dihydroartemisinin,1,dike,1
3460,dilates,1,diligence,1,dilophosaurus,1
3463,dimetrodon,1,dimmed,1,dimming,1
3466,dining chair,1,dining room,1,dining table,1
3469,dinner jacket,1,dinner plate,1,dinosaur,1
3472,Diophantus,1,Diophantus of Alexandria,1,Dior,1
3475,diorite,1,dioxide,1,dip,1
3478,dip pens,1,diploma,1,dipping,1
3481,dipping sauce,1,dips,1,directly proportional to,1
3484,director of bureau,1,director of department,1,disarray,1
3487,disc,1,disc brakes,1,discharge,1
3490,disciplinary,1,discipline categories,1,discord,1
3493,discoverer,1,discrimination,1,discus,1
3496,discus throw,1,disgust,1,dish soap,1
3499,dishes,1,dishwasher,1,disinfectant wipes,1
3502,disinfector,1,dismissal,1,disneyland,1
3505,disorder,1,disparaging,1,dispatch,1
3508,dispatchers,1,dispenser,1,displacement,1
3511,display cabinet,1,dissertatioin,1,dissolve,1
3514,distant galaxy,1,distilled vinegar,1,distinction,1
3517,distinction^ merit and pass,1,distressed jeans,1,distributed,1
3520,district,1,disturbing,1,divergent evolution,1
3523,divergent series,1,diverging,1,divider,1
3526,divider tabs,1,divine,1,diving board,1
3529,divorce,1,diwali,1,DIY,1
3532,dizi,1,dmitri mendeleev,1,Dmitri Mendeleev,1
3535,do me a fever,1,dobok,1,Doctor of Medicine,1
3538,Doctor of Philosophy,1,Doctoral Degree,1,doctorate,1
3541,Dodge,1,dodo,1,dog dander,1
3544,dog hair,1,dojang,1,dojo,1
3547,dolantin,1,dollar sign,1,dolomite,1
3550,Dolores Umbridge,1,dolphin,1,domestic cat,1
3553,dominance,1,dong quai,1,dongpo pork,1
3556,doormat,1,Doppler Effect,1,Doraemon,1
3559,doreamon,1,dorphin,1,dotted note,1
3562,doubanjiang,1,double basses,1,double bind,1
3565,double boiler,1,double stuffed,1,double underscores,1
3568,doutch,1,down,1,down as a nouns,1
3571,down comforter,1,down jacket,1,downpour,1
3574,downslope,1,downy,1,doxycycline,1
3577,drab,1,dracaena,1,draco,1
3580,Draconids,1,dracula,1,draft beer,1
3583,drag abuse,1,dragon boat festival,1,drake,1
3586,draught,1,drawer,1,drawing pads,1
3589,dreamily,1,dreamy,1,dress,1
3592,dress rehearsal,1,dried basil,1,dried sweet potato,1
3595,drift,1,drill,1,drizzle^ shower^ rain and,1
3598,drona,1,dropout,1,droput,1
3601,drought,1,drug abuse,1,drug lords,1
3604,drug mules,1,drug rehabilitation center,1,drug smuggler,1
3607,drug trafficker,1,drug trafficking cartels,1,drug trafficking rings,1
3610,drum set,1,drumlin,1,drummer,1
3613,drums,1,dry cough,1,dry eye,1
3616,dry lightning,1,dry mouth,1,dry-erase,1
3619,dry-erase markers,1,dryer,1,drying rack,1
3622,drywall,1,dual enrollment,1,dual entollment,1
3625,duality,1,Dubai,1,dubnium,1
3628,duchess,1,duct,1,duffle,1
3631,duke and duchess,1,dulcimer,1,dumbbell,1
3634,dumbbell circle,1,dumpling,1,dumplings,1
3637,dune,1,dunes,1,durability,1
3640,dusk,1,dusky,1,dust mites,1
3643,dust ruffle,1,dust storm,1,dutch cheese,1
3646,duties,1,duty-free,1,dwarf,1
3649,dye,1,dyeing,1,dynamite,1
3652,dysprosium,1,EAA,1,earl grey,1
3655,earmuffs,1,earnest,1,earplugs,1
3658,Earth,1,earth science,1,earthenware,1
3661,earthenware pot,1,earthworm,1,earthy,1
3664,east asians,1,East Capitol Street,1,East China Sea,1
3667,easter,1,Easter Island,1,easterlies,1
3670,easygoing,1,easygonging,1,easygoning,1
3673,echo,1,eclipse,1,ecological balance,1
3676,ecological footprint,1,ecological niche,1,ecology,1
3679,economics,1,ecosystem,1,ecru,1
3682,ecstasy,1,edamame,1,eden,1
3685,edge ruler,1,edible,1,edible insects,1
3688,edifice,1,Edmund Hillary,1,educational stages,1
3691,eerie,1,eerir,1,effervescent,1
3694,effort,1,effortlessly,1,egg custard,1
3697,egg custard tart,1,egg sac,1,eggplant,1
3700,eggs is eggs,1,eggshell,1,egoism,1
3703,egotistic,1,egret,1,egypt,1
3706,Eiffel Tower,1,eighth note,1,einsteinium,1
3709,ejection,1,elapse,1,elasmosaurus,1
3712,elastane,1,elbow,1,elderflower,1
3715,elderly,1,elderly care,1,Electric Blinds,1
3718,electric curtains,1,electric drill,1,electric field,1
3721,electric guitar,1,electric headter,1,electric heater,1
3724,electric kettle,1,electric motor,1,electrix flux,1
3727,Electro-Optical Distributed Aperture System,1,Electro-Optical Targeting System,1,Electrodynamics,1
3730,Electrolyte,1,Electromagnetic Force,1,Electromagnetism,1
3733,electrum,1,elegant,1,elephant seal,1
3736,elevates,1,elf,1,elite force,1
3739,elite troops,1,Elizabeth,1,Elizabethan,1
3742,Elizabethe,1,ellipse,1,ellipsis,1
3745,elliptical,1,elliptical orbit,1,Elliptical Orbits,1
3748,elm,1,Elon Musk,1,ELS,1
3751,em dash,1,emanation,1,embedding,1
3754,embeddings,1,embellish,1,ember,1
3757,emblem,1,embroidered,1,emedastine,1
3760,emerald,1,emergency department,1,emergency light,1
3763,emergency ligth,1,emergency medical center,1,emigrant,1
3766,emigration,1,emigration rate,1,Emirates,1
3769,emit,1,empathy,1,emperor penguin,1
3772,emphasis,1,Emporium,1,EMR,1
3775,en,1,en dash,1,Enceladus,1
3778,enchanted,1,enchantment,1,enchated,1
3781,enclose off this area,1,enclose ofo,1,encore,1
3784,encountered,1,encyclopaedia,1,encyclopedia,1
3787,end of day,1,endive,1,endocrinology,1
3790,endorphins,1,endoscopy,1,endurance,1
3793,enduring,1,energetic,1,enfolding,1
3796,engine oil,1,engineering corps,1,English as a Second,1
3799,English Channel,1,english horn,1,english language arts,1
3802,english restoration,1,enhanced,1,enigma,1
3805,enigmatic,1,enlighten,1,enoki,1
3808,enoki mushrooms,1,enriched,1,ensemble member,1
3811,ensign,1,ENT,1,entanglement,1
3814,enterprise,1,entertainment,1,entertainment center,1
3817,Enthusiast,1,enthusiast,1,entrepreneur,1
3820,entropy,1,Entropy Increase Principle,1,entry permit,1
3823,envelop,1,enverlop,1,environmental science,1
3826,enzyme,1,EOD,1,eon^ era^ period^ epoch,1
3829,eopch,1,EOTS,1,ephemerally,1
3832,epidermis,1,epinephrine auto-injector,1,episodic,1
3835,epistola,1,epsilon,1,epsom salt,1
3838,epson salt,1,equator,1,equatorial,1
3841,equatorial counter,1,equatorial counter current,1,equestrian,1
3844,equicalence,1,equilibrium,1,equivalence,1
3847,erbium,1,erhu,1,Ernest Lawrence,1
3850,erode,1,eroded,1,escape sequence,1
3853,escitalopram,1,ESL,1,essential,1
3856,essential amino acids,1,essential nutrients,1,essential oil,1
3859,establish,1,establishment,1,estuary,1
3862,eta,1,eternity,1,ethane,1
3865,ethic,1,ethical,1,ethical integrity,1
3868,ethics committee,1,ethiopsite,1,ethnic group,1
3871,eucalyptus,1,Euclid,1,Euclid of Alexandria,1
3874,Europa,1,Europe,1,europium,1
3877,eustoma,1,EUV,1,eva,1
3880,evacuation,1,evaporated,1,evaporated milk,1
3883,evaported milk,1,evasion,1,eve,1
3886,evening gown,1,everlasting,1,everyday language,1
3889,eviction,1,evidence,1,evokes,1
3892,evolutionary,1,evolutionary ecology,1,ewe,1
3895,examiee,1,examier,1,examine,1
3898,examiner,1,excelling,1,excels in,1
3901,excels in math,1,exclamation,1,exclamation mark,1
3904,exclamation point,1,exclamatory,1,exclamatory sentence,1
3907,exclusion,1,execution ability,1,exemption,1
3910,exhaust,1,exhaust system,1,exhibit,1
3913,expanse,1,expansion anchor,1,expatriation,1
3916,Expecto Patronum,1,experience points,1,expertise,1
3919,expilicit,1,expiry,1,explosive,1
3922,explosives,1,exquisitely,1,extend through,1
3925,extended family,1,extensiion cords,1,extension cord,1
3928,extension cords,1,exterior,1,external,1
3931,extincition,1,extinction,1,extra virgin olive oil,1
3934,extracurricular,1,extraordinarily,1,extraversion,1
3937,exudes,1,eye drops,1,eyebrow,1
3940,eyebrow pencil,1,eyelash curler,1,eyelashes,1
3943,eyelid primer,1,eyeliiner brush,1,eyeliner,1
3946,eyeliner brush,1,eyepatch,1,eyeshadow brush,1
3949,facade,1,face primer,1,faceting,1
3952,facets,1,facial cleanser,1,facial contouring,1
3955,facilate,1,facilite,1,facilites,1
3958,facilitie,1,facilities management,1,faculty building,1
3961,faculty builidng,1,fahrenheit,1,faint,1
3964,fair enough,1,fair-play,1,fairness,1
3967,fairy,1,fake goods,1,fake it,1
3970,falafel,1,falconf,1,fallow,1
3973,false eyelashes,1,faltered,1,falvor,1
3976,falx,1,fame,1,familial,1
3979,familial bond,1,fan,1,fanciers,1
3982,fangs,1,fanny,1,fanny pack,1
3985,fantasied,1,fap,1,fappable,1
3988,FAQ,1,Faraday's Law of Electromagnetic,1,farce,1
3991,fast,1,fasteners,1,fateland,1
3994,fatigue,1,fatso,1,fatty,1
3997,fatty acid salts,1,Faux Leather,1,faux pas,1
4000,fava,1,fava beans,1,FBI,1
4003,federal,1,fedora,1,feefee,1
4006,feet,1,feldspar,1,fella,1
4009,fellowship,1,felt tip pens,1,feminine,1
4012,feminism,1,feminist,1,femur,1
4015,fen,1,fence,1,fennel,1
4018,fennel seeds,1,fenugreek,1,ference,1
4021,fermented tofu,1,ferminine hygiene products,1,fermions,1
4024,ferns,1,Ferrari,1,ferrous gluconate,1
4027,fertiliser,1,fertility clinic,1,fertilliser,1
4030,fervently,1,Feta,1,feta,1
4033,Feta Cheese,1,feta cheese,1,fettuccine,1
4036,feud,1,feuding,1,fever,1
4039,fever blister,1,fever flister,1,fexofenadine,1
4042,ff Spiked Running Shoes,1,fiber,1,fiberfill,1
4045,Fibonacci,1,fibrous,1,ficus elastica,1
4048,fiddle,1,field hockey,1,fig jam,1
4051,figerprints,1,fighter aircraft,1,figs,1
4054,figurative,1,filament,1,file cabinet,1
4057,file folder,1,filet,1,filet mignon,1
4060,filing,1,filing cabinet,1,filling,1
4063,film studies,1,filtered water,1,final exam,1
4066,fine sea salt,1,finger tip,1,fingernail,1
4069,fingerprints,1,finno-ugri,1,finno-ugric,1
4072,finns,1,fins,1,fir,1
4075,fire pit,1,fire rainbow,1,fire whirl,1
4078,fire-resistant,1,firearms,1,firecake,1
4081,firecracker,1,firmament,1,first cosmic velocity,1
4084,first lieutenant,1,first person shooter,1,first violins,1
4087,first-degree burn,1,fiscal,1,fish bladder,1
4090,fish maw,1,fish tank,1,fisrt aid kit,1
4093,fitness center,1,fitness enthusiasts,1,fitted sheet,1
4096,five-spice powder,1,flake,1,flake salt,1
4099,flaker,1,flaky,1,flaming,1
4102,flamingo,1,flammable,1,flan,1
4105,flank,1,flanker,1,flanks,1
4108,flannel sheet,1,flannelette,1,flare,1
4111,flash drought,1,flash flood,1,flashlight,1
4114,flatfish,1,Flathead Screwdriver,1,flattered,1
4117,flavonoids,1,flavored,1,flavorful,1
4120,flavour,1,flavourful,1,flavouring,1
4123,flaxseed oil,1,flaxseeds,1,flea,1
4126,fleabane,1,fleam,1,fleet,1
4129,fleet admiral,1,fleeting,1,flerovium,1
4132,fletcher,1,fletching,1,flexed,1
4135,flexible ruler,1,flexible rulers,1,flip,1
4138,flippers,1,flirt,1,floatation,1
4141,floate,1,flood,1,floor cleaner,1
4144,floor lamp,1,floor mat,1,Florence,1
4147,flotation,1,flounder,1,Flourish,1
4150,flourish,1,Flower Pepper,1,flower pot,1
4153,flowerpot,1,flu,1,flue,1
4156,fluffy,1,fluid,1,fluidly,1
4159,fluorescence,1,fluoresvence,1,Fluoride,1
4162,fluorine,1,fluoxetine,1,fluoxetinie,1
4165,flush,1,flusher,1,flutes,1
4168,fluvial,1,flux,1,fly,1
4171,fly tower,1,FML,1,foam,1
4174,fog,1,fog bow,1,fog lights,1
4177,Foie,1,Foie Gras,1,folate,1
4180,Folate,1,folders,1,folding chair,1
4183,folic acid,1,folk dance,1,follicle,1
4186,follow friday,1,Fomalhaut,1,FOMMO,1
4189,food allergens,1,food chain,1,food storage container,1
4192,food web,1,football pitch,1,footboard,1
4195,foothill,1,footless,1,footpad,1
4198,footwear,1,foraging,1,foraging behavior,1
4201,Forbidden City,1,forearm,1,forecast,1
4204,foreign languages,1,forensic,1,forget-me-not,1
4207,forgiveness,1,forks,1,forlorn,1
4210,Formal language,1,formatice,1,formatice assessment,1
4213,formatino,1,formation,1,formative,1
4216,forsythia,1,forward slash,1,forward-thinking,1
4219,foster parent,1,fostering,1,foundation,1
4222,fountain,1,fountain pens,1,four eyes,1
4225,four leaf clovers,1,four-leaf clover,1,foxtail,1
4228,foxtrot,1,FPS,1,fragmentation grenade,1
4231,fragrance system,1,fragrances,1,Francis Crick,1
4234,francium,1,frastrating,1,fraternity,1
4237,freackles,1,freak,1,Freash,1
4240,Freckles,1,freckles,1,freestyle swimming,1
4243,fremented,1,French Baguette,1,french freis,1
4246,french horns,1,french press,1,frenemy,1
4249,frescoe,1,frescoes,1,fresh ginger,1
4252,fresh lime,1,fresheners,1,friction,1
4255,fridge,1,fridge container,1,fried egg,1
4258,fried rice,1,fried spring rolls,1,Friedrich Nietzsche,1
4261,fries and dips,1,frigate,1,frigid,1
4264,fringe,1,frog,1,front flip,1
4267,front split,1,frontal,1,frontier,1
4270,frostbite,1,fructose,1,frugality,1
4273,fruit cups,1,fruit fly,1,fruit leather,1
4276,fruit salad,1,fruit-filled dessert,1,Fruity,1
4279,frunk,1,frunk and trunk,1,frustrating,1
4282,fryer,1,frying,1,ft,1
4285,fuchsia,1,fuel-burning,1,full score,1
4288,full stop,1,fungal,1,fungi,1
4291,fungicide,1,fur,1,fur coat,1
4294,furniture,1,furniture outlet,1,furniture store,1
4297,fuse,1,fuselage,1,futuristic,1
4300,fuze,1,FYI,1,gadolinium,1
4303,gaily,1,gala,1,gala dress,1
4306,galangal,1,galaxy,1,galbi jjim,1
4309,gale,1,Galileo Galilei,1,gall,1
4312,gall bladder,1,gallbladder,1,gallium,1
4315,gals,1,galzed,1,gamboge,1
4318,gambol,1,game meat,1,gamma,1
4321,gamma ray,1,gamma ray burst,1,gamma-ray burst,1
4324,gangs,1,gank,1,Ganymede,1
4327,garbage can,1,garlic,1,garlic powder,1
4330,garlic press,1,garnish,1,garnished,1
4333,garnished with,1,garten,1,Gasoline,1
4336,gastral,1,gastric,1,gastritis,1
4339,gastroenteritis,1,gastrointestinal,1,gatifloxacin,1
4342,Gatorade,1,Gauss's Law for Electricity,1,Gauss's Law for Magnetism,1
4345,gaze,1,gear oil,1,geek,1
4348,gel pens,1,gel pillow,1,gelatin,1
4351,gem,1,gemini,1,Gemini,1
4354,geminids,1,Geminids,1,gemstone,1
4357,gender,1,gender-specific,1,General Relativity,1
4360,generous,1,genetic,1,genital,1
4363,genitals,1,gentamicin,1,gentry,1
4366,geode,1,geographical,1,geographical terms,1
4369,geography,1,geologist,1,geomagnetic,1
4372,geomagnetic field,1,geometry,1,Georgians,1
4375,geostationary,1,geosynchronous orbit,1,geranium,1
4378,GERD,1,geriatrics,1,german cockroach,1
4381,germanic,1,germanic peoples,1,germanium,1
4384,get no credit in,1,geup,1,GG,1
4387,GGWP,1,ghee,1,ghoul,1
4390,giant squid,1,gift tax,1,giganotosaurus,1
4393,gilded,1,Gilderoy Lockhard,1,Gilderoy Lockhart,1
4396,gill,1,gills,1,gin,1
4399,ginger scallion dip,1,ginger tea,1,gingivits,1
4402,ginkgo,1,ginkgoale,1,ginkgoales,1
4405,giorgio,1,Givenchy,1,glacial period,1
4408,glacier melting,1,glacier retreat,1,glaciers,1
4411,Glasgow,1,glass cleaner,1,glasses,1
4414,Glaucoma,1,glaze,1,glazed,1
4417,glazed with,1,gleam,1,GLHF,1
4420,glide,1,glide vehicle,1,gliding,1
4423,glimmer,1,glimmering,1,glipizide,1
4426,glisten,1,glistening,1,glitter,1
4429,gloaming,1,globemaster,1,globular,1
4432,globular cluster,1,glock,1,gloden crust,1
4435,glorify,1,glucocorticoids,1,gluconate,1
4438,glue,1,glue stick,1,glutamate,1
4441,glutamic acid,1,glutamine,1,gluten-free,1
4444,glycine,1,glyptodon,1,GMAT,1
4447,GMT,1,gneiss,1,goal posts,1
4450,Gobi,1,goblet,1,goblin,1
4453,gochujaing,1,gochujiang,1,goji,1
4456,gold,1,gold ingot,1,gold nugget,1
4459,golden crispness,1,Golden Dunes^ Olden Tunes,1,golden eagle,1
4462,golden perfection,1,goldfish,1,golf course,1
4465,gone,1,gong,1,gongs,1
4468,Goodman,1,google,1,goose,1
4471,goose bumps,1,Gordon Moore,1,gospel,1
4474,gossamer,1,gossil,1,gossip,1
4477,gothic,1,Gottfried Wilhelm Leibniz,1,gouchujiang,1
4480,gourd,1,gourd flute,1,governor of province,1
4483,govt,1,GPA,1,GPS,1
4486,grabage can,1,Grace Hopper,1,graceful,1
4489,grad,1,grade level,1,grade point average,1
4492,grades,1,grades and assessment,1,grading report,1
4495,grading system,1,graduation,1,graduation thesis,1
4498,graham,1,graham crackers,1,grains,1
4501,gramp,1,granulate,1,granulated,1
4504,granulated sugar,1,grape juice,1,grape leaves,1
4507,grapefruit,1,grapeseed,1,grapessed,1
4510,grappling,1,graptolites,1,grass carp,1
4513,grater,1,gravitation,1,gravitational,1
4516,gravitational constant,1,Gravitational Force,1,gravitational lensing,1
4519,gravitational wave,1,gravity assist,1,GRB,1
4522,GRE,1,Great Barrier Reef,1,Great Lakes,1
4525,great white shark,1,gredient,1,gredients,1
4528,gree onions,1,Greece,1,greek,1
4531,Greek alphabet,1,Greek Life,1,greek salad,1
4534,Greek Yogurt,1,green bean paste,1,green beans,1
4537,green flash,1,green onion,1,green onions,1
4540,Green Party,1,green pepper,1,green room,1
4543,green tea,1,greenhand,1,greeting,1
4546,Gregor Mendel,1,gress,1,grey,1
4549,grief,1,griefing,1,griffin,1
4552,grill pan,1,grilled bread,1,grilled chicken,1
4555,grilled chicken breast,1,grills,1,grind,1
4558,grind hard,1,grind hard and smart,1,grinder,1
4561,grinding,1,grindstone,1,Gringotts,1
4564,grip,1,groats,1,grocery,1
4567,groin,1,groomsman,1,grotto,1
4570,ground beef,1,ground black pepper,1,ground cinnamon,1
4573,ground coffee,1,ground cumin,1,ground ginger,1
4576,ground support,1,ground white pepper,1,ground-level,1
4579,Ground-Level Projection Lights,1,groundb,1,groundbreaking,1
4582,groundhog,1,groundwater,1,grouper,1
4585,Gryffindor,1,gu,1,gu zheng,1
4588,guanjun,1,guarante,1,guaranteeing,1
4591,guardianship,1,guided missile,1,guilt,1
4594,guinea pig,1,guitar,1,guitarist,1
4597,gull,1,gullet,1,gum issues,1
4600,gum recession,1,gunslinger,1,guoba,1
4603,guotie,1,guqin,1,gute nacht,1
4606,guts,1,guy,1,guyana,1
4609,guyot,1,gydon,1,gym,1
4612,gymnasium,1,gymnastics,1,GYN,1
4615,gynecology,1,gypsophila,1,gypsum,1
4618,gyrfalcon,1,gyro,1,H. pylori,1
4621,haber,1,habitable,1,habitable zone,1
4624,haboob,1,hafnium,1,hags,1
4627,hail,1,hair conditioner,1,hair dryer,1
4630,hair follicle,1,hair gel,1,hair shampoo,1
4633,hair spray,1,hairline fracture,1,halal,1
4636,half note,1,half-and-half,1,halibut,1
4639,halides,1,halite,1,halitosis,1
4642,Halley's Comet,1,halloween,1,Hallows,1
4645,halter,1,Ham,1,Hamal,1
4648,hammer throw,1,hammerhead shard,1,hammerhead shark,1
4651,Hammurabi,1,hamster,1,hand grenade,1
4654,hand saw,1,hand tools,1,hand towels,1
4657,handcuffs,1,handful,1,handouts,1
4660,handspring,1,handstand balance,1,handwriting supplies,1
4663,hanger,1,hangers,1,hanukkah,1
4666,happen to be,1,happy valley,1,happy vally,1
4669,Har Gow,1,Haram,1,harbor,1
4672,hardwood,1,hardwood flooring,1,hare,1
4675,harem pants,1,harissa,1,Harman Kardon,1
4678,Harmonic Law,1,harmonic series,1,harmonica,1
4681,harmoniously,1,harp,1,Harry Potter,1
4684,hash,1,hashins,1,hashish,1
4687,hashtag,1,hassium,1,hast,1
4690,hat,1,hat stand,1,hat tip,1
4693,HAV,1,Hawaii,1,hawks and eagles,1
4696,hawthorn skewers,1,hawthorn slice,1,hazard,1
4699,haze,1,HBV,1,HCV,1
4702,HE shell,1,headache,1,headband,1
4705,headboard,1,headgear,1,headlights,1
4708,headliner,1,health insurance,1,health points,1
4711,healthcare,1,heart failure,1,heartburn,1
4714,Heat Island Effect,1,heat wave,1,heater,1
4717,heating blanket,1,heavenly,1,heavy cream,1
4720,hebal medicines,1,hedge,1,hedgehog,1
4723,heel,1,heels,1,heighten,1
4726,Heisenberg Uncertainty Principle,1,Helicobacter pylori,1,heliodor,1
4729,heliopause,1,heliosphere,1,heliotrope,1
4732,heliotroper,1,helitropter,1,helium,1
4735,hello,1,Hello World,1,hells,1
4738,helm,1,helmet,1,helpfulness,1
4741,helthcare,1,hem,1,hematite,1
4744,hematology,1,hen,1,Hendrik Lorentz,1
4747,Henry Cavendish,1,hepatitis,1,herb-infused,1
4750,herbal infusions,1,herbal remedies,1,herbal tes,1
4753,herbicide,1,Herbology,1,Herbst Maneuver,1
4756,Hercules,1,heresy,1,Hermione Granger,1
4759,heroin,1,herring,1,herring gull,1
4762,hershey,1,hesitation,1,heuristic,1
4765,hewlett packard,1,Hexagon,1,hexogen,1
4768,Hezbollah,1,hichiriki,1,HID,1
4771,hidebound,1,high explosive shell,1,high heels,1
4774,high jump,1,high moral,1,high school,1
4777,high-fiber,1,High-Intensity Discharge Headlights,1,higher mathematics,1
4780,highlighter,1,highlighters,1,highness,1
4783,highway patrol office,1,HIIT,1,hiking,1
4786,hill,1,hill myna,1,himalayan,1
4789,Himalayas,1,Hindu,1,hip,1
4792,hip-hop,1,Hippocrates,1,hippogriff,1
4795,hips,1,hit-and-run,1,HIV,1
4798,hives,1,HMI,1,HND,1
4801,hockey stick,1,Hogsmeade,1,Hogsmedae,1
4804,Hogwarts,1,hoisin,1,hoisin sauce,1
4807,hole punch,1,holiday,1,holmium,1
4810,holocene epoch,1,Holographic,1,Holographic Weapon Sight,1
4813,holy,1,holy shit,1,homage,1
4816,Homer,1,homeroom teacher,1,Homunculus,1
4819,honey,1,honeysuckle,1,honor roll,1
4822,honors program,1,hoodie,1,hooks,1
4825,hop,1,hop vine,1,hopfield,1
4828,hopping,1,hops vine,1,horizon,1
4831,horizontal impaction of wisdom,1,hormone,1,hormones,1
4834,hornet,1,horns,1,horsehead fiddle,1
4837,horseshoe,1,horseshoe crabs,1,hostile,1
4840,hot dogs,1,hot pants,1,hot peppers,1
4843,hotel,1,house fly,1,House-elf,1
4846,household items,1,housekeeping,1,Howard Florey,1
4849,howitzer,1,HP,1,HP^ MP^ and XP,1
4852,HTML,1,HTTP,1,huaqiao,1
4855,huaren,1,Hufflepuff,1,hukou,1
4858,hull,1,hulled,1,hulled barley,1
4861,hulusi,1,Human Immunodeficiency Virus,1,humanism,1
4864,humanitarian,1,Humanities,1,humbug,1
4867,humidifier,1,humidity,1,humility,1
4870,hummingbird,1,humorous,1,humorously,1
4873,humpback whale,1,hunan cuisine,1,hungarians,1
4876,hurricane,1,hustle,1,HVAA,1
4879,hwamei,1,hyacinth,1,hyaluronate,1
4882,hydragea,1,hydrangea,1,hydraulic,1
4885,Hydraulic Disc Brakes,1,Hydraulic Power Steering,1,hydraulics,1
4888,hydrocarbon,1,hydrochloric,1,hydrochloric acid,1
4891,hydrocortisone,1,hydrofluoric,1,hydrofluoric acid,1
4894,hydrogen cloud,1,hydrogen peroxide,1,hydrologic,1
4897,hydrologic cycle,1,hydrosphere,1,hydroxide,1
4900,hydroxides,1,hyerthyroidism,1,hygienic,1
4903,hygrometer,1,hyoshigi,1,hypersonic cruise missile,1
4906,Hypersonic Cruise Missile,1,Hypersonic Glide Vehicle,1,hyperthyroidism,1
4909,hyphen,1,hypnotic,1,hypoallergenic,1
4912,hypochlorite,1,hypothetical,1,hypothyroidism,1
4915,I had egg on,1,Iberico,1,Iberico Ham,1
4918,IBS,1,ice age,1,ice desert,1
4921,Ice Sheet,1,ice sheet,1,ice storm,1
4924,iced tea,1,ichthyosaurus,1,ICU,1
4927,ICYMI,1,ideology,1,IDK,1
4930,idolatry,1,idp,1,IEP,1
4933,IFV,1,IG,1,igneous,1
4936,igneous rock,1,igniter,1,ignorance,1
4939,IKR,1,illegitimate,1,illuminate,1
4942,IMAO,1,imitation,1,Immanuel Kant,1
4945,immature,1,immeasurable,1,immersive,1
4948,immigraton rate,1,immobilization,1,immune,1
4951,immunoglobulin,1,impact driver,1,impacted,1
4954,impacted wisdom tooth,1,impaling,1,impart,1
4957,imparting,1,impartion,1,imperative,1
4960,imperative sentence,1,Imperio,1,imperious,1
4963,impetuous,1,implication,1,implications,1
4966,implies,1,impregnation,1,impression,1
4969,imprint,1,improvisation,1,in pursuit of,1
4972,in the pond of,1,Inc.,1,incandescent,1
4975,incarnate,1,incarnation,1,incense,1
4978,inception,1,incessantly,1,incisive,1
4981,incline,1,incline curl,1,inclusino,1
4984,inclusinon,1,inclusion,1,income tax,1
4987,incomplete,1,inconsistencies,1,incorporated,1
4990,indecent,1,independence day,1,independent suspension,1
4993,index finger,1,Indian,1,Indian Ocean,1
4996,indicator lights,1,indicum,1,Indigenous,1
4999,indigestion,1,indigo,1,indium,1
5002,Individual Soldier,1,Individual Soldier Equipment,1,Individualized,1
5005,Individualized Education Program,1,indo-europeans,1,Indonesia,1
5008,industrious,1,industriousness,1,inertia,1
5011,inevitability,1,infectant,1,infection,1
5014,infectious,1,infectivity,1,infector,1
5017,inferential,1,inferior,1,inferiority complex,1
5020,Inferno,1,infinite,1,Infiniti,1
5023,infinitive,1,infinitive phrarse,1,infinitive phrase,1
5026,inflammations,1,inflammatory,1,inflatable,1
5029,inflatable ring,1,influenza,1,Informal language,1
5032,infotainment,1,infra,1,Infrared,1
5035,infrared camera,1,Infrastructure,1,infused,1
5038,infused with,1,infused with humanism,1,infusion center,1
5041,inhaled,1,inhaling,1,inheritance,1
5044,inheritance tax,1,Inhibitor,1,inigredients,1
5047,initensity,1,initiating explosives,1,ink bottles,1
5050,ink cartridges,1,inlay,1,inn,1
5053,inner core,1,innerspring,1,innocent,1
5056,inorganic acid,1,inorganic compounds,1,inquisitive,1
5059,inquistive,1,inscription,1,inseam,1
5062,insect,1,insecticide,1,insection,1
5065,inseption,1,insoluble,1,insomnia,1
5068,instagram,1,instant coffee,1,instant noodles,1
5071,instant oats,1,instant pot,1,instep,1
5074,institution,1,institutional,1,instructors,1
5077,instrument,1,instrument panel,1,Instrumental Part,1
5080,insufficient,1,insurance,1,integral,1
5083,intelligence,1,intelligence analysts,1,intensity,1
5086,intensive,1,Intercept,1,interceptor,1
5089,intercontinental ballistic missile,1,intercourse,1,interest group,1
5092,interior,1,interjection,1,intermission,1
5095,internal medicine,1,International Workers' Day,1,interplanetary medium,1
5098,interpret,1,interpretation,1,interpretation service,1
5101,interpreted,1,interrad,1,interrogative,1
5104,interrogative sentence,1,intersection,1,interstellar medium,1
5107,intestinal,1,intestine,1,intoxicating,1
5110,introversion,1,Inuyasha,1,invaded,1
5113,invasion,1,invasive,1,inversely,1
5116,inverstors,1,inverted sentence,1,investigate,1
5119,Investigator,1,investors,1,invisibility cloak,1
5122,inviting one to linger,1,invoke,1,Io,1
5125,Iodine,1,iodine solution,1,IR,1
5128,IR Sensor,1,Iraq,1,iridescence,1
5131,iridescent,1,iridescently,1,iridium,1
5134,irish,1,IRL,1,iron board,1
5137,iron Chloride,1,iron oxide,1,Iron Sights,1
5140,iron supplement,1,ironic,1,ironies,1
5143,ironization,1,irony,1,irradiation,1
5146,irrevocabe,1,irrevocable,1,irrevocably,1
5149,irritable,1,irritation,1,irs,1
5152,Islamism,1,island,1,isobar,1
5155,isoheight,1,isohyet,1,isoleucine,1
5158,isoline,1,isopropanol,1,isostasy,1
5161,isotherm,1,isotopes,1,Israel,1
5164,Istanbul,1,italians,1,iternal,1
5167,ivory,1,ivy,1,IWB,1
5170,IYKYK,1,IYKYL,1,Jack Kilby,1
5173,jadeite,1,jagged,1,jagged peaks,1
5176,Jaguar,1,jailed,1,jame,1
5179,jame time,1,James Clerk Maxwell,1,James Gosling,1
5182,James Watson,1,jammers,1,Jane Austen,1
5185,Japanese Black Cattle,1,japanese hop,1,japes,1
5188,jar opener,1,jargon,1,jasmine rice,1
5191,javelin throw,1,jaw,1,jaw harp,1
5194,jay,1,jay smoke,1,jazz dance,1
5197,jealousy,1,jeet kune do,1,jeggings,1
5200,jellyfish,1,jeon,1,jerk,1
5203,jerky,1,Jerusalem,1,jet fuel,1
5206,jet stream,1,jetliner,1,jewish,1
5209,jews,1,jiagu,1,jiaozi,1
5212,JIC,1,jigsaw,1,jinghu,1
5215,Jiuzhaigou Valley,1,JK,1,JKD,1
5218,jogger,1,joggers,1,jogging,1
5221,joggle,1,Johannes Kepler,1,John Hennessy,1
5224,joint,1,joke shop,1,jones,1
5227,Joule's Law,1,journalism,1,journals,1
5230,JSON,1,jubilant,1,Judaism,1
5233,judo,1,judogi,1,jug,1
5236,juice concentrate,1,juicer,1,juiciness,1
5239,jujbe,1,jujubes,1,Julius Caesar,1
5242,jumpsuit,1,junior high school,1,Jupiter,1
5245,jurassic,1,jurassic period,1,juris,1
5248,Juris Doctor,1,jute,1,Kal Marx,1
5251,kanamycin,1,karaage,1,karat,1
5254,Karl Marx,1,karst,1,Kaus Australis,1
5257,kayak,1,kayaking,1,kebabs,1
5260,kefir,1,Kepler,1,kernel,1
5263,kernle,1,ketamine,1,kettle cooked,1
5266,keyboard,1,keyboardist,1,keyless entry,1
5269,khaki,1,kickboard,1,kidey,1
5272,kidneies,1,kidney beans,1,kidney stones,1
5275,killer whale,1,kimberlite,1,kimchi,1
5278,kimichi,1,kimono,1,kinder,1
5281,kindergarten,1,kinematics,1,king cobra,1
5284,king crab,1,kinship,1,KIT,1
5287,kitchen sink,1,kitchen tools,1,kiwi,1
5290,klein,1,knee joint,1,knee-high boots,1
5293,knee-high socks,1,knife,1,knight and dame,1
5296,knit sweater,1,knives,1,knockoff,1
5299,Knockturn Alley,1,knuckle,1,Kobe,1
5302,Kobe beef,1,kofta,1,kokyu,1
5305,kombucha,1,Kopi Luwak,1,koran,1
5308,kosher salt,1,koto,1,kouqin,1
5311,krispies,1,krypton,1,kudzu,1
5314,Kuiper belt,1,kukri,1,kung pao chicken,1
5317,Kwao Krueang,1,kyokpa,1,Kyoto,1
5320,La Marseillaise,1,la nina,1,laba festival,1
5323,label,1,label makers,1,labor day,1
5326,Labour Party,1,labour party,1,labourer,1
5329,lace,1,laceration,1,lactose-free,1
5332,ladder,1,ladybird,1,ladybug,1
5335,lager,1,lagoon,1,lamb,1
5338,lamb chops,1,lamb kebabs,1,lambda,1
5341,Lamborghini,1,lamborgni,1,lamborgnini,1
5344,lambs quarters,1,lamda,1,lame,1
5347,lamentable,1,lamentalbe,1,laminae,1
5350,laminate,1,laminate flooring,1,laminography,1
5353,lamp,1,lance,1,lancend,1
5356,lancent,1,lancer,1,lancet,1
5359,lancome,1,land mine,1,Land Rover,1
5362,land use,1,land warfare,1,landing visa,1
5365,landmark,1,landmine,1,lane keeping assist,1
5368,languid,1,languidly,1,lantern,1
5371,lantern festival,1,lanthanides,1,lanthanum,1
5374,laotiao,1,Laozi,1,lapis,1
5377,Lapis Lazuli,1,lapis lazuli,1,lapis llazuli,1
5380,larch,1,large intestine,1,larynx,1
5383,lasana,1,laser-run,1,lassi,1
5386,lateral,1,latern festival,1,latex,1
5389,latex gloves,1,latex pillow,1,latin,1
5392,latin american,1,latin dance,1,latins,1
5395,latitude,1,lattice,1,latticework,1
5398,latvians,1,laughing gas,1,laundry basket,1
5401,laurel,1,laurel leaves,1,laver,1
5404,Law of Acceleration,1,Law of Inertia,1,law of universal gravitation,1
5407,lawn,1,lawn bags,1,lawn mower,1
5410,lawrencium,1,Laws of Thermodynamics,1,Lawsuit,1
5413,laxative,1,layman,1,lazer,1
5416,lazuli,1,LBD,1,lead,1
5419,lead iodide,1,lead vocalist,1,leaf bags,1
5422,Leaky,1,Leaky Cauldron,1,leap to,1
5425,leather seats,1,lecithin,1,lectern,1
5428,LED,1,leech,1,leeks,1
5431,legacy,1,legal officers,1,legendary,1
5434,legislator,1,legumes,1,leica,1
5437,leika,1,lemon balm,1,lemon juice,1
5440,lemon wedges,1,lemonade,1,Lemongrass,1
5443,lemons,1,lengthened,1,lens,1
5446,lensing,1,lenticular,1,lenticular cloud,1
5449,lentils,1,leo,1,LEO,1
5452,Leo,1,Leo Tolstoy,1,Leonardo da Vinci,1
5455,Leonhard Euler,1,Leonids,1,leopard,1
5458,leopard gecko,1,leprechaun,1,lespedeza,1
5461,lesson plan,1,let alone,1,lethal,1
5464,lethality,1,letter grades,1,lettuce wraps,1
5467,leucine,1,level,1,Levofloxacin,1
5470,lewd,1,lexicon,1,Lexus,1
5473,LHS,1,liberal,1,liberal arts,1
5476,Liberal Democrats,1,Libra,1,lice,1
5479,lidocaine,1,lieutenant colonel,1,lieutenant general,1
5482,lieutenant governor,1,life jacket,1,life ring,1
5485,lifebuoy,1,lifesaver,1,liftgate,1
5488,ligament,1,ligatures,1,light blue^ pale blue^,1
5491,light bulbs,1,light cream,1,light it,1
5494,light pillar,1,lighthearted,1,lighthouse,1
5497,lighting rod,1,lighting strike,1,lignin,1
5500,lilac,1,lily,1,lily bulb,1
5503,limber,1,limbs,1,lime,1
5506,limes,1,limestone,1,Lincoln,1
5509,linen sheet,1,linens,1,lingual,1
5512,lionfish,1,lip balm,1,lip gloss,1
5515,lip tint,1,lipstick,1,liquefied,1
5518,Liquefied Natural Gas,1,Liquefied Petroleum Gas,1,liquid,1
5521,liquid foundation,1,liquor,1,liquorice,1
5524,lisianthus,1,lisinopril,1,lit it,1
5527,literature,1,lithium,1,lithium-ion,1
5530,lithospher,1,lithuanians,1,little finger,1
5533,littoral,1,littoral combat ship,1,liuqin,1
5536,liver disease,1,livermorium,1,livestock,1
5539,livestock and poultry,1,living room,1,LMBO,1
5542,LMK,1,loadout,1,loaf pan,1
5545,loaves,1,Lockheed Martin,1,locust,1
5548,loess,1,logcat,1,loges,1
5551,logograms,1,LOL,1,lomefloxacin,1
5554,lone,1,lone wolf,1,long distance running,1
5557,long jump,1,long nose pliers,1,long pants,1
5560,long underwear top,1,longevity,1,longitude,1
5563,longtitude,1,longue,1,loom,1
5566,loopy,1,loose,1,loose powder,1
5569,lope,1,loratadine,1,Lord Voldemort,1
5572,Lorentz Transformation,1,lost their torch,1,lota,1
5575,lotus leaves,1,lotus seeds,1,Louis Pasteur,1
5578,loupe,1,louse,1,Louvre Museum,1
5581,love without limit,1,lovely,1,loveseat,1
5584,lovingly,1,low earth orbit,1,low-fat,1
5587,low-sugar,1,lower belly,1,lower lip,1
5590,lower midrange,1,lowerwear,1,loyal,1
5593,LSD,1,Lu Wafers,1,lucky bamboo,1
5596,Ludwig Boltzmann,1,Ludwig van Beethoven,1,lue,1
5599,luggage,1,luke,1,lukewarm,1
5602,luminescence,1,luminous pearl,1,Lumos,1
5605,Lumos Maxima,1,lunar eclipse,1,lunar orbit,1
5608,lung,1,lungs,1,luo,1
5611,lupin,1,Lupin,1,luster,1
5614,lustrous,1,lute,1,lutein,1
5617,lutetium,1,Lutheranism,1,luxurious,1
5620,luxury,1,lychee,1,lychee pork,1
5623,lychees,1,lycoris radiata,1,lycra,1
5626,lyocell,1,lysergic acid diethylamide,1,lysine,1
5629,M1 Abrams,1,MAC,1,macadamia,1
5632,macadamias,1,macaron,1,macaroon,1
5635,macaroons,1,macaw,1,macchiato,1
5638,mace,1,machine screws,1,macrobiology,1
5641,macronutrient,1,Magazine,1,magistrate,1
5644,magna cum laude,1,magnesite,1,Magnesium,1
5647,magnesium,1,magnesium chloride,1,magnesium sulfate,1
5650,magnesium supplement,1,magnestie,1,magnetic,1
5653,magnetic field,1,magnetic reconnection,1,magnetite,1
5656,magnetopause,1,magnetosphere,1,magnetotail,1
5659,magnolia,1,Mahatma Gandhi,1,Mahayana,1
5662,maid,1,maid of honor,1,main course,1
5665,main dish,1,main group elements,1,main sequence star,1
5668,main sequence start,1,maintenance crew,1,maitake,1
5671,maitake mushrooms,1,maize,1,major,1
5674,major and minor,1,major general,1,makeup,1
5677,makeup bag,1,makeup remover,1,makup bag,1
5680,Malacca Strait,1,malachinte,1,malagao,1
5683,maldon,1,malocclusion,1,malt beverage,1
5686,maltose,1,mammal,1,mammals,1
5689,mammatus,1,mammatus cloud,1,mammoth,1
5692,man-made fiber,1,mana,1,mana point,1
5695,mandarin chinese,1,mandate,1,mandolin,1
5698,manganese dioxide,1,mango,1,mango lassi,1
5701,manoeuvre,1,manover,1,mansion,1
5704,manta ray,1,mantissa,1,mantle,1
5707,mantou,1,maple syrup,1,mapo tofu,1
5710,marathon,1,Marauder,1,marble,1
5713,marbled,1,marchioness,1,margin,1
5716,marguerite perey,1,marigold,1,marijuana,1
5719,marimba,1,marine corps,1,Mark Zuckerberg,1
5722,marquis,1,marry,1,Mars,1
5725,marshes,1,Martin Luther King Jr,1,martini,1
5728,mascara,1,Mashed,1,mashed,1
5731,mashed potatoes,1,masher,1,Masjid,1
5734,masking tape,1,mass,1,mass index,1
5737,mass wasting,1,Mass-Energy Equivalence,1,massage,1
5740,mast cell,1,Master of Arts,1,Master of Science,1
5743,master sergeant,1,Master's Degree,1,mastery,1
5746,mastodon,1,matcha latte,1,maternity insurance,1
5749,mathematics,1,Mathematics,1,mating behavior,1
5752,matouqin,1,mats,1,Matsutake,1
5755,matte,1,matte lipstick,1,matter-antimatter annihilation,1
5758,mattress pad,1,mattress topper,1,mauve,1
5761,maw,1,Max Planck,1,maxillofacial,1
5764,Maxima,1,Maxwell's Equations,1,mayonnaise,1
5767,mayor of prefecture-level city,1,Mazda,1,meal,1
5770,meal moth,1,meander,1,measuring cups,1
5773,measuring spoons,1,Meat Pie,1,meat pies,1
5776,meatballs,1,Mecca,1,mechanical,1
5779,mechanical pencils,1,Mechanics,1,mecilum,1
5782,medding,1,medical,1,medical affairs,1
5785,medical corps,1,medical evacuation,1,medical records,1
5788,medication,1,Mediterranea,1,Mediterranean,1
5791,Mediterranean Sea,1,megalodon,1,megan,1
5794,meganeura,1,megatherium,1,meitnerium,1
5797,melancholic,1,melanin,1,mellow,1
5800,melodiously,1,melody,1,membrane,1
5803,Memorial,1,Memorial day,1,memory foam pillow,1
5806,memory footprint,1,mendelevium,1,meniscus,1
5809,menstruation,1,mentorship,1,Mercedes-Benz,1
5812,merci,1,Mercury,1,mercury chloride,1
5815,mercury choloride,1,mercury sulfide,1,merit,1
5818,mermaid dress,1,merpeople,1,mesas,1
5821,mesocyclone,1,mesosphere,1,mesozoic,1
5824,message,1,metal,1,metal braces,1
5827,metamorphic,1,metamorphic rock,1,metamorphism,1
5830,metamucil,1,metaphor,1,metasequoia,1
5833,meteor,1,meteor shower,1,meteor showers,1
5836,meteoroid,1,meteoroids,1,meteorological,1
5839,meteors,1,metformin,1,methamphetamine hydrochloride,1
5842,methionine,1,Methodism,1,methylcytosine,1
5845,meticulous,1,metronidazole,1,Metronidazole,1
5848,meza,1,meze,1,Michael Faraday,1
5851,Michelangelo Buonarroti,1,Michelin,1,microclimate,1
5854,micrometer,1,micronutrient,1,microwave,1
5857,mid-autumn festival,1,mid-calf,1,mid-calf boots,1
5860,middle easterners,1,middle finger,1,middle school,1
5863,middle toe,1,midi dress,1,midrange,1
5866,midterm exam,1,mignon,1,migrant,1
5869,migrate,1,migration,1,miinced,1
5872,Mikhail Kalashnikov,1,mild,1,mildly,1
5875,militants,1,military,1,military aviation,1
5878,military polic,1,military police,1,milk tea,1
5881,milkshake,1,milkshakes,1,milky way,1
5884,millenniums,1,millet,1,millipede,1
5887,mime,1,mimosa,1,minaret,1
5890,minced meat,1,mindset,1,mine,1
5893,mineral water,1,Minerva McGonagll,1,mingled,1
5896,mingled with,1,mini dress,1,mini shorts,1
5899,minion,1,ministerial,1,ministerial level deputy,1
5902,ministerial level principal,1,ministry,1,mink,1
5905,mink coat,1,mint leave,1,mint leaves,1
5908,Mintaka,1,miocene epoch,1,miotics,1
5911,mipmap,1,mirin,1,mirror,1
5914,miscellany,1,miso broth,1,misogynist,1
5917,miss friday,1,missionary,1,Mississippi River,1
5920,mistletoe,1,mitigating,1,Mitsubishi,1
5923,mittens,1,mixing bowls,1,MLSys,1
5926,MMORPG,1,MOBA,1,mochi,1
5929,mock strawberry,1,mocktails,1,modal,1
5932,modem,1,moderate,1,modern,1
5935,modern pentathlon,1,modest,1,modulator,1
5938,modulatory,1,Mogolian,1,mohs scale,1
5941,moisturizer,1,molasses,1,mold,1
5944,mold spores,1,molecule,1,mollusks,1
5947,molten,1,molybdenite,1,molybdentie,1
5950,momentum,1,monastery,1,money tree,1
5953,Mongolia,1,Mongolian,1,mongoloid race,1
5956,Mongols,1,monocle,1,monodrama,1
5959,monolithic,1,monosodium,1,monosodium glutamate,1
5962,monotonic,1,monovalent,1,monoxide,1
5965,monstera,1,monstera deliciosa,1,monument,1
5968,monumental,1,mood,1,moon,1
5971,moon dog,1,moon guitar,1,moondust,1
5974,Moons,1,moonstone,1,moor,1
5977,mop and bucket,1,moraine,1,moral,1
5980,morality,1,more or less,1,morel mushrooms,1
5983,morning glory,1,morning suit,1,mosasaurus,1
5986,moscovium,1,Moscow,1,mosquito,1
5989,mosquito net,1,moss,1,moste,1
5992,moste potente potions,1,motel,1,mothball,1
5995,motion,1,motion sickness pill,1,Mount Fuji,1
5998,Mount Kilimanjaro,1,Mount Vesuvius,1,mounting,1
6001,mourn,1,mouth sores,1,mouthwash,1
6004,mouthwash cup,1,movie theater,1,moxifloxacin,1
6007,Mozzarella,1,Mozzarella Cheese,1,MRI,1
6010,MSG,1,mu,1,muffin,1
6013,muffin tin,1,muggle,1,mugwort,1
6016,Muhammad,1,mules,1,multidisciplinary,1
6019,multiplantary,1,multiplayer online battle arena,1,multiverse,1
6022,multivitamin,1,mum,1,mummy,1
6025,mung,1,mung bean,1,mung bean paste,1
6028,mung bean paster,1,municipal,1,murmur,1
6031,murmuring,1,musaceous,1,muscovite,1
6034,muse,1,mushrooms,1,musical,1
6037,muskmelon,1,mustard greens,1,mustard seeds,1
6040,mustart,1,mute swan,1,muted,1
6043,mutual,1,mutual support,1,mutualism,1
6046,muyu,1,mydriatics,1,myopia,1
6049,mysterious,1,mysteriously,1,mystery,1
6052,naan,1,naan bread,1,nabla,1
6055,nachos,1,nadir,1,nails,1
6058,nantional level principal,1,napkin,1,naproxen,1
6061,narcotics,1,narcotics control bureau,1,narcotine,1
6064,narrative,1,narrator,1,narwhal tusk,1
6067,NASA,1,nasal septum,1,nasal spray,1
6070,nasal sprays,1,nasi goreng,1,Nasi Lemak,1
6073,nasitis,1,naso-ocular,1,national anthem,1
6076,national emblem,1,national flag,1,national level deputy,1
6079,Native Americans,1,native gold,1,native silver,1
6082,natron,1,natural fibers,1,Natural Sciences,1
6085,natural selection,1,naturalization,1,Naturally Aspirated Engine,1
6088,nautiloid,1,nautiloids,1,Nautilus,1
6091,nautilus,1,naval,1,naval air force,1
6094,naval aviation,1,naval special warfare,1,naval warfare,1
6097,naval warfare equipment,1,navel,1,navigation system,1
6100,navy beans,1,NBD,1,nebula,1
6103,nebulae,1,necessitates,1,nectarines,1
6106,needle,1,needle nose pliers,1,negroid,1
6109,negroid race,1,neigh,1,Neil Armstrong,1
6112,Nelson Mandela,1,neo^ meso and paleo,1,neo-conservatism,1
6115,neodymium,1,neon,1,Nepal,1
6118,Nepel,1,nephew,1,nephrology,1
6121,neptune,1,Neptune,1,neptunium,1
6124,nerd,1,nerf,1,net force,1
6127,netherlands,1,neurology,1,neuromodulatory,1
6130,neutron,1,neutron star,1,nevertheless,1
6133,New Year's Eve,1,newbie,1,Newton's Laws of Motion,1
6136,Niachin,1,Niacin,1,niacin,1
6139,Niagara Falls,1,niche,1,Nicolaus Copernicus,1
6142,nicotine,1,nicotinic,1,nicotinic acid,1
6145,nicotinylsalicylic acid,1,niece,1,Niels Bohr,1
6148,nigger,1,Night Vision Goggles,1,nightclub,1
6151,nightingale,1,nihonium,1,Nikola Tesla,1
6154,Nile River,1,nimbostratus,1,nimitz,1
6157,Nintendo,1,niobium,1,nipping,1
6160,nipple,1,Nissan,1,nitric,1
6163,nitric acid,1,nitrites,1,nitro,1
6166,nitrogen dioxide,1,Nitroglycerin,1,nitrous,1
6169,nitrous oxide,1,nitwit,1,no credit,1
6172,no problem,1,no-show socks,1,nobelium,1
6175,noble,1,noctilucent,1,nocturnal,1
6178,nominate,1,nominative,1,nominative clause,1
6181,non-dairy,1,nonpoint,1,nonsense,1
6184,NOOB,1,noodles,1,noon,1
6187,norepinephrine,1,norfloxacin,1,nori,1
6190,North America,1,north pole,1,northern^ southern^ eastern and,1
6193,nose plug,1,nostalgia,1,notoginseng,1
6196,Notre-Dame de Paris,1,noviolate,1,NP,1
6199,NSFW,1,nu,1,nucleus,1
6202,nugget,1,nuggets,1,number of degrees,1
6205,number sign,1,Numbered Musical Notation,1,numerary,1
6208,nunnery,1,nursing,1,nursing departement,1
6211,nursing home,1,nurturing,1,nut,1
6214,nutrition facts,1,nutritional,1,nutter,1
6217,nylons,1,nystrom,1,oak,1
6220,oar,1,oat milk,1,oats,1
6223,OB,1,obesity,1,object clause,1
6226,objectionable,1,Objective Testing,1,oblique,1
6229,obliquity,1,oboes,1,obscene,1
6232,obscurity,1,obsidian,1,obstetrics,1
6235,obstruct,1,obstructive,1,obtuse,1
6238,obtuse angle,1,occidental,1,occluded,1
6241,occupational,1,occupational disease,1,occupational health,1
6244,ocean,1,ocean sunfish,1,ocean trench,1
6247,Oceania,1,oceanic,1,ochre,1
6250,ocular,1,odds,1,ode,1
6253,ODE,1,oeffervescent,1,oelek,1
6256,offal,1,office supplies,1,officinarum,1
6259,offspring,1,oganession,1,oganesson,1
6262,Ohm's Law,1,oil or fat,1,oil pastels,1
6265,oil shale,1,old-line,1,olive oil,1
6268,olives,1,olivine,1,olivinie,1
6271,olopatadine,1,omega,1,omeprazole,1
6274,omicron,1,omitted,1,oncology,1
6277,onion rings,1,onyx,1,oolong,1
6280,oolong tea,1,oort cloud,1,OOTD,1
6283,OOTN,1,opalescent,1,opaque,1
6286,open bite,1,open hourse,1,open house,1
6289,opera house,1,opera venues,1,opera violin,1
6292,ophiopogon,1,ophiopogon root,1,ophthalmology,1
6295,opined,1,opium,1,opportunities and threats,1
6298,opposition,1,optical telescope,1,optimism,1
6301,optimistic,1,opulent,1,oral,1
6304,Oral Cancer,1,oral health,1,oral surgery,1
6307,orbit,1,orbital debris,1,orbital decay,1
6310,orbital resonance,1,orbital velocity,1,orbits,1
6313,orbits the sun,1,orca,1,orchard,1
6316,orchestra level,1,orchestra section,1,Orchestral Score,1
6319,ordinary,1,ordinate,1,ordination,1
6322,ordovician,1,ordovician period,1,ore veins,1
6325,oregano,1,organic acid,1,organic compounds,1
6328,organic fertilizer,1,orientation,1,oriented,1
6331,oriole,1,orion,1,Orionids,1
6334,ornate,1,ornithine,1,orogeny,1
6337,orphanage,1,orthodontic,1,Orthodontics,1
6340,orthodox,1,orthography,1,Orville Wright,1
6343,Oryon,1,OSFA,1,osmium,1
6346,osprey,1,osteoarthritis,1,ostrich,1
6349,OTOH,1,otolaryngology,1,otoro,1
6352,ototoxicity,1,otter,1,ottoman,1
6355,outer core,1,outerwear,1,outlets,1
6358,outlined,1,outreach,1,outseam,1
6361,oval,1,ovaries,1,oven-roasted,1
6364,ovens,1,over-the-knee socks,1,overcapacity,1
6367,overcast,1,overlap,1,overseas Chinese,1
6370,overworld,1,ovo,1,owe,1
6373,Owlery,1,Ox,1,ox,1
6376,Ox Tripe,1,ox tripe,1,oxeye,1
6379,oxeye daisy,1,oxides,1,Oyasumi,1
6382,Oyasuminasai,1,oyster mushrooms,1,oysters,1
6385,ozone layer,1,Pacific,1,pacific,1
6388,Pacific Ocean,1,pacific saury,1,pacific suary,1
6391,pad thai,1,padding,1,paddle,1
6394,paddlefish,1,paddles,1,pagan,1
6397,paint,1,paints,1,paixiao,1
6400,pajamas,1,pal,1,Palace,1
6403,palazzo,1,pale,1,pale red,1
6406,paleo,1,paleoclimatology,1,paleoecology,1
6409,paleogene,1,paleogene period,1,paleontology,1
6412,paleozoic era,1,palette,1,palindrome,1
6415,palladium,1,palliative,1,palliative care,1
6418,palsy,1,pan-fried,1,pan-fried dumpling,1
6421,Pan-Fried Dumplings,1,pan-seare,1,Panama Canal,1
6424,pancakes,1,pangaea,1,panic,1
6427,panick,1,panicking,1,panini,1
6430,panko,1,panorama,1,panoramic,1
6433,panoramic sunroof,1,pans,1,pantain,1
6436,Pantheon,1,panther,1,pantomime,1
6439,Pantothenic,1,pantothenic,1,Pantothenic Acid,1
6442,pantothenic acid,1,pantry,1,panzer,1
6445,paper clips,1,paper towels,1,paperclip,1
6448,papilio,1,Papilio blumei,1,Papilio maackii,1
6451,paprika,1,paracetamol,1,paradox,1
6454,parakeet,1,parameters,1,paramount,1
6457,paraphernalia,1,parasaurolophus,1,parasites,1
6460,parasitic,1,parasitism,1,parasol tree,1
6463,parastic,1,parchment,1,pardner,1
6466,parent-teacher collaboration,1,parent-teacher conference,1,parenthese,1
6469,parentheses,1,parenthesis,1,parka,1
6472,parking orbit,1,parlance,1,parley,1
6475,parliament,1,Parmesan,1,Parmesan Cheese,1
6478,parody,1,parrot,1,parrotfish,1
6481,parsnips,1,parson,1,parterre,1
6484,partial,1,partial differential equation,1,participle,1
6487,participle phrase,1,particle board,1,particles,1
6490,particulate,1,particulate matter,1,partly cloudy,1
6493,partridge,1,parts of speech,1,party,1
6496,parure,1,passiionate,1,passionate,1
6499,passive,1,passive voice,1,passport,1
6502,pastels,1,pastor,1,pastries,1
6505,pastry,1,pastry cutter,1,patchwork,1
6508,pathology,1,patriot,1,patriot missile,1
6511,patronage,1,Pauli Exclusion Principle,1,paviliion,1
6514,paw,1,pay scales,1,payment,1
6517,pdozol,1,peace dove,1,peacoat,1
6520,peafowl,1,peanut,1,peanut oil,1
6523,peanut sauce,1,peanutanut,1,pear puree,1
6526,pearl barley,1,pearl oyster,1,pearls,1
6529,pearly,1,pears,1,peasant,1
6532,peat,1,pecan pie,1,pecanpie,1
6535,pedagogy,1,pedal,1,pedal brakes,1
6538,pedal breaks,1,pedator,1,pediatrics,1
6541,pedicure,1,peek,1,peel,1
6544,peeler,1,peen,1,Pegasus,1
6547,pegasus,1,peking duck,1,pelargonium,1
6550,pelican,1,pen ink,1,penceil erasers,1
6553,pencil erasers,1,pendulum,1,penecil,1
6556,penetrate,1,penguin,1,penguini,1
6559,peninsula,1,penis,1,penne,1
6562,pension,1,pentagon,1,pentathlon,1
6565,pentatholon,1,pep pill,1,pepitas,1
6568,peppers,1,pepsi,1,peptic,1
6571,peptic ulcer disease,1,percale,1,percale sheet,1
6574,perceive,1,percentage,1,percentage grades,1
6577,perceptron,1,perchloric acid,1,percussion section,1
6580,percussionist,1,peregrine falcon,1,perfection,1
6583,performance art,1,peri-peri sauce,1,peridot,1
6586,perilla,1,period or full stop,1,periodontitis,1
6589,periwinkle,1,permafrost,1,permanent markers,1
6592,permanganate,1,permeability,1,permian,1
6595,permit,1,permits,1,permittivity,1
6598,peroxide,1,perpetual,1,perpetually,1
6601,perpetuity,1,perplexity,1,perseids,1
6604,Perseids,1,Perseus,1,perseus,1
6607,perseverance,1,personal care,1,perspectives,1
6610,pest,1,pesticide,1,petals,1
6613,Peter Pettigrew,1,petite,1,petrel,1
6616,petrol,1,petty,1,petty officer,1
6619,pewter,1,pg cartoon,1,phacops,1
6622,phanerozoic,1,phanerozoic eon,1,phantasm,1
6625,phantom,1,pharaohs,1,pharynx,1
6628,pheasant,1,phenomenon,1,phenylalanine,1
6631,philharmonic,1,philharmonic orchestra,1,phillips,1
6634,Phillips Screwdriver,1,philosopher,1,philosopher's stone,1
6637,Philosophy,1,philtrum,1,phlebotomy,1
6640,phlebotomy lab,1,Phobos,1,phoenix,1
6643,Phoenix Claws,1,phoning it in,1,phosphate rock,1
6646,phosphorescence,1,phosphoric,1,phosphoric acid,1
6649,Phosphorus,1,photo frame,1,photosphere,1
6652,phthos,1,phylogenetic tree,1,physical education,1
6655,physics,1,Physics,1,pi,1
6658,pianist,1,pick-me-up,1,pickled peppers,1
6661,pickled turnips,1,pickup truck,1,picric,1
6664,picric acid,1,pie dish,1,piercing,1
6667,Pierre de Fermat,1,pig^ swine^ sow^ boar,1,piglet,1
6670,pikes,1,piling up,1,pillow towel,1
6673,pilots,1,pine taiga,1,pineapple,1
6676,ping-pong paddle,1,pinhead,1,pink eye,1
6679,pink salt,1,pinky toe,1,pinpick,1
6682,pinprick,1,pinto,1,pinto beans,1
6685,pioneer,1,pious,1,pipa,1
6688,pipe wrench,1,Pirelli,1,Pisces,1
6691,Piscis Austrinids,1,Piscis Austrinus,1,pistol,1
6694,pit,1,pit viper,1,pita,1
6697,pita bread,1,pitch,1,pitchblenda,1
6700,pitchblende,1,pity,1,pivit,1
6703,pivot,1,pixie,1,placket,1
6706,plaid,1,plane tree,1,planetary nebula,1
6709,planetary ring,1,Planets,1,planners,1
6712,plant extracts,1,plant-based,1,plantain herb,1
6715,plantary,1,planter,1,planus,1
6718,plasma,1,plasmodium,1,plasterboard,1
6721,plastic surgery,1,plata,1,plate,1
6724,plate tectonics,1,platina,1,play-of-color,1
6727,playhouse,1,pleated,1,pleistocene epoch,1
6730,plesiosaur,1,plesiosaurus,1,pliocene epoch,1
6733,PLMK,1,plover,1,PLS,1
6736,plug cover,1,plum blossom,1,plum sauce,1
6739,plumbum,1,plums,1,plunge,1
6742,plush,1,plush toy,1,pluto,1
6745,Pluto,1,plutonium,1,plywood,1
6748,PLZ,1,PM,1,pocket,1
6751,poetic devices,1,POF,1,poignant,1
6754,poison,1,poisonous,1,poisonus,1
6757,poland,1,polar,1,polar easterlies,1
6760,polar solvent,1,polar sovent,1,polar vortex,1
6763,polaris,1,polariscope,1,pole vault,1
6766,Polenta,1,polenta,1,poles,1
6769,police department,1,police station,1,polished,1
6772,political spectrum,1,polka,1,pollen,1
6775,pollution,1,Pollux,1,polo,1
6778,polo shirt,1,polonia,1,polonium,1
6781,polyanion,1,polycation,1,polyester,1
6784,polyester^ spandex^ elastane and,1,polyethylene,1,polymath,1
6787,polymyxin,1,polyphenols,1,polystyrene,1
6790,polyvinyl,1,polyvinyl chloride,1,pomade,1
6793,pomegranate juice,1,pomegranates,1,pomfret,1
6796,pommel,1,pommel horse,1,Pompeii,1
6799,pond,1,poomsae,1,pope,1
6802,poplin,1,poppy seeds,1,poppy-seed oil,1
6805,population,1,population and community,1,population census,1
6808,population density,1,populus euphratica,1,porate,1
6811,porated,1,pore,1,poria,1
6814,pork chops,1,pork tenderloin,1,porkchop,1
6817,Porsche,1,portfolios,1,portico,1
6820,portobello mushrooms,1,possess,1,possession,1
6823,post-it,1,pot ash,1,pot cheese,1
6826,pot smoker,1,Potassium,1,potassium chloride,1
6829,potassium nitrate,1,potassium permanganate,1,potato masher,1
6832,potatoes,1,potente,1,potential,1
6835,potential energy,1,pothead,1,pothos,1
6838,pots,1,pots and pans,1,pots noodles,1
6841,Potsticker,1,pouch,1,poultry,1
6844,pound sign,1,poverty,1,povidone,1
6847,povidone iodine,1,powder,1,powder foundation,1
6850,power drill,1,power outlet,1,power strip,1
6853,power strips,1,power windows,1,Powerade,1
6856,PPI,1,PPL,1,PPT,1
6859,practical lessons,1,practice sheets,1,pragmatics,1
6862,praised,1,praseodymium,1,prawn crackers,1
6865,preach,1,preacher,1,precedented,1
6868,precent sign,1,precession,1,precious,1
6871,precipitation,1,precise,1,predation,1
6874,predator,1,predicate,1,predicative,1
6877,predicative clause,1,prefecture,1,prefecture-level,1
6880,prefeture-level city,1,pregant,1,pregnance,1
6883,preliminary,1,premier of the state,1,premium tonic foods,1
6886,prepared mustard,1,Presbyterian,1,prescription,1
6889,presence,1,preservatives,1,president of the state,1
6892,pressed powder,1,pressure cooker,1,presto,1
6895,presumed,1,pretzel,1,prey,1
6898,prickly,1,priest,1,prim,1
6901,primary,1,primary explosives,1,primates,1
6904,prime,1,Principal Investigator,1,printed paper,1
6907,printer,1,printer paper,1,priority,1
6910,prismarine,1,prisoner,1,proactivity,1
6913,probation,1,probiotic,1,probiotic yogurt,1
6916,procincial level principal,1,procuratorate,1,productive cough,1
6919,profoundly,1,profusely,1,progress,1
6922,progressing,1,progression,1,project,1
6925,projection,1,projector,1,proline,1
6928,prologue,1,prolonged,1,prom dress,1
6931,promenade,1,promethium,1,prominence,1
6934,prominent,1,promising,1,pronoun,1
6937,proof,1,propaganda,1,propagule,1
6940,propan,1,propanol,1,propellant,1
6943,property tax,1,prophet,1,propolis,1
6946,proportional,1,proportional to,1,propotypes,1
6949,prosciutto,1,prosecco,1,prostaglandins,1
6952,prostate cancer,1,protactinium,1,protanopia,1
6955,protective gear,1,protein shakes,1,proteins,1
6958,proterozoic,1,proterozoic eon,1,protest,1
6961,Protestant,1,Protestantism,1,protine,1
6964,proton pump inhibitor,1,prototypes,1,protractor,1
6967,protruding,1,protruding teeth,1,protrusion,1
6970,provident,1,province,1,provincial,1
6973,provincial level deputy,1,provincial level principal,1,proxima centauri,1
6976,prune,1,prune juice,1,pruning shears,1
6979,prunus,1,prunus serrulata,1,PSAT,1
6982,pseudoephedrine,1,psi,1,psoriasis,1
6985,psychiatry,1,psychology,1,psychrometer,1
6988,pteranodon,1,pteridophyta,1,PU,1
6991,PU Leather,1,public affairs officer,1,puce,1
6994,pudding,1,puerilism,1,puff,1
6997,puffball,1,puffer,1,puffer jacket,1
7000,pufferfish,1,puffs,1,pugstar,1
7003,pulled pork,1,pullover,1,pulmonary,1
7006,pulsar,1,pumice,1,pumpkin seeds,1
7009,punch,1,puncture,1,puncture vine,1
7012,pup,1,pupae,1,pupil,1
7015,purifier,1,Puritanism,1,pursuits,1
7018,push up,1,pusher,1,PVE,1
7021,pVP,1,pyramid,1,pyranometer,1
7024,pyridoxine,1,pyrite,1,pyroxene,1
7027,Pythagoras,1,Pythagoras of Samos,1,Pythagorean,1
7030,Q-tips,1,qinghao,1,qingming festival,1
7033,qixi festival,1,qpa,1,quadom,1
7036,quadrant,1,quadruple,1,Quaffle,1
7039,quaild,1,Quakerism,1,Quantum Entanglement,1
7042,quantum state,1,quantum tunneling,1,quarantine,1
7045,quarter note,1,quarters,1,quarto,1
7048,quartz,1,quasa,1,quasar,1
7051,quasi,1,quaternary period,1,quaters,1
7054,queen ant,1,queen bee,1,question mark,1
7057,quetzalcoatlus,1,quick packaging and takeaway,1,Quidditch,1
7060,quill,1,quilt cover,1,quilted,1
7063,Quinine bimuriate,1,quinine HCL,1,quinine sulfate,1
7066,quiver,1,quizzes,1,quotation mark,1
7069,rabbit stew,1,races,1,racist,1
7072,racket,1,racks,1,racquet,1
7075,radiant,1,radiate,1,radiation belt,1
7078,radiator,1,radical,1,radio telescope,1
7081,radiometric,1,radiometric dating,1,radios,1
7084,radiosonde,1,radiotherapy,1,radish,1
7087,radishes,1,radium,1,radius,1
7090,radon,1,rag-rug,1,raid,1
7093,raider,1,rain forest,1,raincoat,1
7096,raindrop,1,ram,1,ramadan,1
7099,Ramadan and Eid al-Fitr,1,rapine,1,rapturous,1
7102,rash guard,1,raspberries,1,rat snake,1
7105,rationalizing substitution,1,ratios,1,rattan,1
7108,Ravenclaw,1,rayon,1,razor blades,1
7111,razors,1,rea,1,reading comprehension,1
7114,realgar,1,realism,1,really a pity,1
7117,reaper,1,reappraisal,1,rear,1
7120,rearview,1,rearview camer,1,rearview mirror,1
7123,reassignment,1,receptacles,1,receptor,1
7126,recession,1,recliner,1,reclining,1
7129,recluse,1,Recognizing Textual Entailment,1,recompense,1
7132,reconnaissance,1,reconnaissance aircraft,1,reconnoissance,1
7135,reconnoissance aircraft,1,recover,1,recreation,1
7138,recruite,1,recruiters,1,recruitment,1
7141,rectifying,1,rectum,1,Recycled Fiber,1
7144,red bean paste,1,Red Bean Paste,1,red coral,1
7147,Red Dot Sight,1,red giant,1,red ink,1
7150,red sorrel,1,red spider lily,1,Red Square,1
7153,red-banded,1,red-crowned,1,red-crowned crane,1
7156,red-tailed hawk,1,rediology,1,redneck,1
7159,redshift,1,redwood,1,reed,1
7162,reef,1,reefer,1,refillable pen,1
7165,refined,1,refined grains,1,refining,1
7168,refired,1,reflecting,1,reflecting telescope,1
7171,reflection,1,reflux,1,refract,1
7174,refracting,1,refracting telescope,1,refractometer,1
7177,refreshing,1,Refrigerant,1,refrigerator,1
7180,refund,1,refusal,1,regarded as,1
7183,regarding of,1,regarding to,1,regardless of,1
7186,reggiano,1,regrading,1,regrading of,1
7189,regrading to,1,regular,1,regular cola,1
7192,regulations,1,regulatiosn,1,regulator,1
7195,Regulus,1,rehab center,1,rehearsal,1
7198,rehearse,1,reigniting,1,reincarnation,1
7201,reinfection,1,reinforcement,1,rejoice,1
7204,relative clause,1,relaxed,1,relevance,1
7207,relevision,1,relievers,1,religious,1
7210,relinquished,1,relive,1,reluctant,1
7213,Remembrall,1,reminiscent,1,remnants,1
7216,remote batteries,1,remote contro,1,remote control,1
7219,Remus Lupin,1,rendang,1,Rene Descartes,1
7222,renewable,1,renewable energy,1,rental,1
7225,rententive,1,repatriation,1,repetition,1
7228,replenishment,1,report card,1,reposition,1
7231,representative,1,reproductive,1,reptiles,1
7234,Republican Party,1,reputational,1,resembling,1
7237,reserve,1,reserve force,1,reside on,1
7240,residence permit,1,residency,1,resident,1
7243,resident alien,1,resides at,1,resilient,1
7246,resin,1,resinous,1,resistant,1
7249,resolute,1,resolutely,1,resolve,1
7252,resource room,1,resove,1,respecting,1
7255,respiratory medicine,1,resplendently,1,restitution,1
7258,restoration,1,resurrection,1,retain,1
7261,retard,1,retina,1,retirement fund,1
7264,retrieve,1,retrieving,1,retrograde,1
7267,retrograde motion,1,retrograde orbit,1,returnee,1
7270,retweet,1,reunification,1,revealer,1
7273,reverence,1,reverend,1,reverie,1
7276,reversal,1,revived,1,rhenium,1
7279,rheumatoid,1,rheumatoid arthritis,1,rheumatology,1
7282,rhine,1,rhinitis,1,rhino,1
7285,rho,1,rhodium,1,rhubarb,1
7288,rhythm,1,rib,1,ribbonfish,1
7291,ribeye,1,Riboflaviin,1,Riboflavin,1
7294,riboflavin,1,ribs,1,rice bowl,1
7297,Rice Cracker,1,rice krispies,1,rice noodles,1
7300,rice rolls,1,rice spatula,1,rice vinegar,1
7303,rice wine,1,Richard Feynman,1,riddle,1
7306,ridge,1,rifle,1,rift,1
7309,right angle,1,rigor,1,rigorous,1
7312,rill,1,rim,1,rim brakes,1
7315,ring finger,1,rings,1,ripped apart,1
7318,ripped jeans,1,ripped open,1,ripple,1
7321,risotto,1,river flows in you,1,rivet,1
7324,riveting,1,roast,1,roast beef,1
7327,roast chicken,1,roasted duck,1,roasted sweet potato,1
7330,roasted vegetables,1,roasting,1,roasting pan,1
7333,rob me,1,robbing me,1,robes,1
7336,robin,1,robot vacuum,1,rock carving,1
7339,rock pigeon,1,rock sugar,1,rocket launcher,1
7342,Rocket Propelled Grenade,1,Rockwell,1,rods,1
7345,roe,1,roentgenium,1,ROFL,1
7348,rolled,1,rolled oats,1,rollerball pens,1
7351,Roman Forum,1,romanization,1,romanizationi,1
7354,romantic,1,Rome,1,romper,1
7357,Ron Weasley,1,Ronald Weasley,1,roof rack,1
7360,roof rails,1,rooibos,1,rooibos tea,1
7363,room divider,1,rooster,1,root beer,1
7366,rosa chinensis,1,rosacea,1,Rosalind Franklin,1
7369,rose,1,rose bush,1,rose wines,1
7372,rosemary,1,rotisserie,1,rotunda,1
7375,Rou Huoshao,1,roulette,1,Rover,1
7378,rowan,1,rowing,1,roxithromicin,1
7381,RSVP,1,rubber glovers,1,rubber gloves,1
7384,rubber plant,1,Rubeus Hagrid,1,rubidium,1
7387,ruby,1,rudder,1,ruffle,1
7390,rugby,1,rum,1,rumored,1
7393,run out of juice,1,runner,1,running shoes,1
7396,runs in families,1,rural China,1,ruthenium,1
7399,rutherfordium,1,ruthlessness,1,rutilated,1
7402,rutilated quartz,1,rye,1,rye flour,1
7405,saber,1,saber-toothed,1,sachets,1
7408,sack,1,Sadalsuud,1,saddle,1
7411,safety whistle,1,sagittarius,1,Sahara Desert,1
7414,saharan,1,sailor,1,Saint Petersburg,1
7417,Saiph,1,salad dressing,1,salad plate,1
7420,salami,1,salicin,1,salicin acid,1
7423,salicylate,1,salicylic acid,1,salience,1
7426,saline,1,salted butter,1,salted duck egg,1
7429,salut,1,salute,1,samarium,1
7432,samba,1,sambal,1,sambal oelek,1
7435,Samos,1,sampler,1,sancturay,1
7438,sand pit,1,sandal,1,sandalwood,1
7441,sanitary,1,sanitary pads,1,sanitation,1
7444,sanitizing,1,sanitizing compound,1,sanxian,1
7447,Sanya,1,sap,1,sapphire,1
7450,SAR,1,sarcastic,1,sardines,1
7453,sashimi,1,SAT,1,satay,1
7456,satay noodles,1,satay sauce,1,sateen,1
7459,sateen sheet,1,satellite,1,Satellite Communication,1
7462,satellite imagery,1,satellite radio,1,satellite system,1
7465,satin,1,satire,1,saturated,1
7468,Saturn,1,sauce bottle,1,saucepan,1
7471,Saudi Arabia,1,sauerkraut,1,saury,1
7474,sausage,1,sausages,1,saute,1
7477,saute pan,1,savvy,1,saw,1
7480,saw blade,1,sawfish,1,sax,1
7483,saxophone,1,scalable,1,scallion oil,1
7486,scallion pancake,1,scallop,1,scandals,1
7489,scandinavians,1,scandium,1,scarlet,1
7492,scarring,1,scattered,1,scattered disk,1
7495,scenary,1,scent,1,scented,1
7498,scented candles,1,schisandra,1,scholar,1
7501,Scholarly language,1,scholars,1,scholarship,1
7504,scholarships,1,school counselor,1,school year,1
7507,schrodinger equation,1,science,1,science and engineering,1
7510,Science^ Technology^ Engineering^ and,1,sciense,1,scintillation,1
7513,scoop,1,scoreboard,1,scorpius,1
7516,Scorpius,1,scotch tape,1,scottish,1
7519,scrambled,1,scrambled eggs,1,scrapes,1
7522,scratch,1,Screw micrometer,1,screws,1
7525,scripture,1,scrub,1,scrub brushes,1
7528,scrumming,1,sea anemone,1,sea bass,1
7531,sea hare,1,sea level rise,1,sea lion,1
7534,sea otter,1,sea salt,1,sea snail,1
7537,sea stack,1,sea star,1,sea urchin,1
7540,seaborgium,1,seafood,1,seahorse,1
7543,seal,1,seal pup,1,seaman apprentice,1
7546,seamless,1,seamount,1,seams,1
7549,seanut,1,seared,1,seared in,1
7552,seasonal forest,1,seasonal variation,1,seasoned,1
7555,seasoned salt,1,second cosmic velocity,1,second lieutenant,1
7558,second violins,1,second-degree burn,1,secretions,1
7561,security lock,1,sedative,1,sedimentary,1
7564,sedimentary rock,1,seduce,1,seedy,1
7567,seiche,1,seismic,1,seismic hazard,1
7570,Selenium,1,self-assurance,1,self-control,1
7573,self-discipline,1,self-propelled,1,self-propelled howitzer,1
7576,selfish,1,semester,1,semi-major axis,1
7579,semicolon,1,seminar,1,seminarium,1
7582,semitic peoples,1,senator,1,senbei,1
7585,sentence components,1,sentiment,1,septum,1
7588,sequined,1,serbs,1,serenely,1
7591,Sergei Korolev,1,serine,1,serology,1
7594,serpens,1,serpent,1,sertraline,1
7597,served in,1,servicing kit,1,serving spoon,1
7600,sesame shaobing,1,sesmae glutinous rice balls,1,setting,1
7603,setting off,1,setting powder,1,setting spray,1
7606,settle,1,settles it,1,Severus Snape,1
7609,sexist,1,shaft,1,shake it,1
7612,shakers,1,Shakespeare,1,shakuhachi,1
7615,shallow,1,shallow river,1,shambles,1
7618,shamisen,1,shampoo,1,Shandong Crepe,1
7621,Shandong Pancake,1,shaobing,1,shaoxing wine,1
7624,shark fin,1,sharpnel,1,shatted,1
7627,shattered,1,shave,1,sheath dress,1
7630,sheaves,1,sheen,1,Sheep^ Ewe^ Ram and,1
7633,sheet,1,sheet music,1,sheets,1
7636,shelf organizer,1,shell,1,shellfish,1
7639,sheng,1,Shenyang Aircraft Corporation,1,sherry,1
7642,shida,1,shiitake,1,shiitake mushrooms,1
7645,Shintoism,1,shoe box,1,shoe rack,1
7648,shootdown,1,shopping bag,1,shore,1
7651,short ribs,1,short sleeve,1,shortbread,1
7654,shorty,1,shot down,1,shoulder,1
7657,shoulder joint,1,show jumping,1,shower,1
7660,shower curtain,1,shower gel,1,shrapnel,1
7663,shredded cabbage,1,shredded pork,1,Shrimp Dumpling,1
7666,shrubby,1,shrubby plant,1,shrubland,1
7669,shuttle,1,shuttlecock,1,sibling,1
7672,Sichuan Basin,1,sichuan cuisine,1,sichuan pepper,1
7675,Sichuan Peppercorns,1,sichuan peppercorns,1,sick,1
7678,Siddhartha Gautama,1,side split,1,side-looking,1
7681,siderite,1,siege,1,sienna,1
7684,sieve,1,sigma,1,signal corps,1
7687,sihouette,1,Sikhism,1,silent data corruption,1
7690,silicate minerals,1,silicon,1,silicon dioxide,1
7693,silk comforter,1,silk satin,1,silk sheet,1
7696,silken,1,silkworm,1,silkworm pupae,1
7699,silkworm pupage,1,silkworms,1,silurian,1
7702,silver,1,silver carp,1,silver nitrate,1
7705,silverfish,1,simmerec,1,simmered in,1
7708,simmering,1,simulants,1,simuth,1
7711,sinensis,1,singlet,1,sinian,1
7714,sinkhole,1,sinophone,1,sinusitis,1
7717,sirius,1,Sirius,1,Sirius Black,1
7720,sit the exam,1,sixteenth note,1,sixteeth note,1
7723,sixty-for note,1,sixty-four note,1,sixty-fourth note,1
7726,skag,1,skag jones,1,skate,1
7729,skate shoes,1,skateboarding shoes,1,sketch,1
7732,sketchbooks,1,skewered,1,ski,1
7735,skim,1,skim milk,1,skimming,1
7738,skinny,1,skirt,1,skull,1
7741,Sky Lounge Panoramic Roof,1,slacks,1,slash,1
7744,slate grey,1,slavic,1,slavic peoples,1
7747,sleep medicine,1,sleep sack,1,sleeplessness,1
7750,sleepwear,1,sleet,1,sleeve,1
7753,slick,1,slip,1,slopes,1
7756,slotted,1,Slotted Screwdriver,1,slotted spoon,1
7759,slug,1,slump,1,Slytherin,1
7762,small intestine,1,smallpox,1,smartweed,1
7765,SMDH,1,smear,1,smearcase,1
7768,SMH,1,smilodon,1,smithing,1
7771,smithing table,1,smog,1,smoke detector,1
7774,smoky quartz,1,smoothie,1,smothered,1
7777,snack shop,1,snail,1,snake plant,1
7780,snake platn,1,snakehead fish,1,snap,1
7783,SNAP,1,snapchat,1,snare,1
7786,snare drum,1,sneaker,1,sneakers,1
7789,sneakoscope,1,sniper,1,Sniper Scope,1
7792,Snitch,1,snorkel,1,snow crab,1
7795,snow owl,1,snow squall,1,snowman,1
7798,snowy slopes,1,snuggling up,1,so long,1
7801,soap dispenser,1,sober,1,social commentary,1
7804,Social Sciences,1,social security,1,social studies,1
7807,social welfare,1,Socialist Party,1,sociology,1
7810,socket,1,socket cover,1,Socket Wrench,1
7813,socks,1,Socrates,1,soda water,1
7816,sodas,1,Sodium,1,sodium azide,1
7819,sodium chloride,1,sodium fluoride,1,sodium hyaluronat,1
7822,sodium hyaluronate,1,sodium hypochlorite,1,sofa,1
7825,soft drinks,1,softener,1,soil degradation,1
7828,soil erosion,1,sojourner,1,sol,1
7831,solace,1,solar eclipse,1,solar flare,1
7834,solar wind,1,soldering,1,Soldering Iron,1
7837,sole,1,solemn,1,soluble,1
7840,soluble fiber,1,solute,1,solvent,1
7843,somersault,1,song thrush,1,sonic boom,1
7846,sonnet,1,soothing,1,soothing tea,1
7849,soprano,1,sorcerer,1,sore,1
7852,sore tongue,1,sorority,1,sorrel,1
7855,sorting hat,1,SOS,1,soul,1
7858,soup bowl,1,soup pot,1,soup spoon,1
7861,sour wine,1,sourdough,1,South America,1
7864,southeast asians,1,southern crabgrass,1,soviet,1
7867,sow,1,sowthistle,1,soy lecithin,1
7870,soy oil,1,soya,1,soya oil,1
7873,soybean,1,soybean oil,1,space engineering,1
7876,spaced teeth,1,spaghetti bolognese,1,spandex,1
7879,spanish mackerel,1,spare,1,spare ribs,1
7882,spark,1,sparking,1,sparkling,1
7885,sparkling water,1,sparkling wines,1,sparring,1
7888,spatulas,1,spear,1,special administrative region,1
7891,special education,1,special forces,1,Special Relativity,1
7894,specialist,1,species diversity,1,species richness,1
7897,spectacles,1,specter,1,spectre,1
7900,spectroscope,1,speedo,1,speedos,1
7903,spelling,1,sperm whale,1,sphalerite,1
7906,Spica,1,spice jar,1,spices,1
7909,spicy broth,1,spicy fried chicken,1,spicy kick,1
7912,spider plant,1,spiked,1,Spiked Running Shoes,1
7915,spikes,1,spine,1,spinosaurus,1
7918,spiral notebooks,1,spirulina,1,split,1
7921,split peas,1,splling,1,sponge,1
7924,sponges,1,spoons,1,spores,1
7927,sports jacket,1,spouse,1,spout,1
7930,sprain,1,sprain and strain,1,sprawling,1
7933,spray bottle,1,spray gun,1,spread,1
7936,spreading,1,spring,1,spring break,1
7939,spring onion,1,spring rolls,1,spring rools,1
7942,spring water,1,springform,1,springform pan,1
7945,springtail,1,springy,1,sprinkle,1
7948,sprinkler,1,sprinting,1,sprout,1
7951,spruce,1,spurred,1,sputnik,1
7954,sputnik moment,1,SQL,1,squab,1
7957,squall,1,squall line,1,square brackets,1
7960,squeegee,1,squeegee mop,1,squeezing,1
7963,SR-71,1,Sri Lanka,1,sriracha,1
7966,srmor-piercing shell,1,SSBN,1,stady abord,1
7969,staff notation,1,staff officers,1,staff sergeant,1
7972,stalk,1,stall,1,stall margin,1
7975,stance,1,standard notation,1,standardized breed,1
7978,standardized test,1,standing mirror,1,staple,1
7981,stapler,1,staplers,1,staples,1
7984,starfish,1,Starlight Headliner,1,starling,1
7987,starry,1,Starry Sky Roof,1,Stars^ Planets and Moons,1
7990,starship,1,starting blocks,1,state legislator,1
7993,state representative,1,state senator,1,stationary front,1
7996,stationery,1,Statue,1,Statue of Liberty,1
7999,stature,1,stay strong^ stay positive,1,steamed bread,1
8002,steamed broccoli,1,Steamed Bun,1,steamed bun,1
8005,steamed buns,1,Steamed Chicken Feet,1,steamed dumplings,1
8008,Steamed Plaiin Bun,1,Steamed Plain Bun,1,steamed rice,1
8011,steel security door,1,steel-cut oats,1,steeply,1
8014,steering,1,steering wheel,1,stegosaurus,1
8017,Steinway & Sons,1,stell-cut,1,stellar,1
8020,stellar evolution,1,stellar wind,1,STEM,1
8023,stemed rice,1,Stephen Hawking,1,Steve Jobs,1
8026,stew pot,1,stibium,1,stick foundation,1
8029,sticky notes,1,stilettos,1,still water,1
8032,stillness,1,stimulant,1,stimulate,1
8035,stimulus,1,stingray,1,stinky tofu,1
8038,stir-fried noodles,1,stirrup,1,stirrup socks,1
8041,stockings,1,stomah,1,stonefish,1
8044,Stonehenge,1,storage bag,1,storage box,1
8047,storage tank,1,storgae cabinet,1,stork,1
8050,storm petrel,1,stout,1,stove,1
8053,STOVL,1,straddle,1,straddle split,1
8056,straight edge rulers,1,strain,1,strainer,1
8059,strains,1,strait,1,Strait of Gibraltar,1
8062,strategic,1,stratocumulus,1,stratospheric,1
8065,stratus,1,straw,1,straw hat,1
8068,strawberries,1,strawberry,1,stray,1
8071,streamlet,1,street office,1,strengths and weaknesses,1
8074,stretching,1,stretching back to,1,strike-slip,1
8077,striking,1,string section,1,stringray,1
8080,stripping,1,strips,1,strive,1
8083,stroke,1,Strong Nuclear Force,1,strontium,1
8086,student government,1,study abroad,1,stuffed animal,1
8089,stuffed chicken,1,stun,1,stuns with,1
8092,sturgeon,1,SU-27,1,sub-plot,1
8095,subdistrict,1,subject and object,1,subject clause,1
8098,subjects and courses,1,subjunctive,1,subjunctive mood,1
8101,sublime,1,submarine,1,submarine warfare,1
8104,subordinate,1,subsalicylate,1,subsequent,1
8107,subsequently,1,subsidence,1,subsonic,1
8110,substantial,1,substitution,1,subtle,1
8113,subtly,1,subtropical,1,subway station,1
8116,succinate,1,succulent,1,sucrose,1
8119,suede,1,Suez Canal,1,sulconazole,1
8122,sulfa drug,1,sulfate,1,sulfur dioxide,1
8125,sulfuric,1,sulfuric acid,1,sulphites,1
8128,sumac,1,summa cum laude,1,Summarization,1
8131,summative,1,summative assessment,1,summer break,1
8134,summer triangle,1,summer weight blanket,1,sun dog,1
8137,sun-synchronous orbit,1,sunburn,1,sunflower seeds,1
8140,sunglasses,1,sunroof,1,sunspot,1
8143,suona,1,supercell,1,supercruise,1
8146,supernova,1,supernova explosion,1,supernumerary,1
8149,superstition,1,supersymmetry,1,supplicate,1
8152,supplicatino,1,supplication,1,supply chain,1
8155,supreme,1,surf,1,surface warfare,1
8158,surfshark,1,surge protectors,1,surgery,1
8161,surreal,1,survival of the fittest,1,sushi rolls,1
8164,suspension,1,sustain,1,suture,1
8167,SVM,1,swamp,1,swamping,1
8170,swan,1,sway,1,sweater,1
8173,sweatpants,1,sweatshirt,1,sweeps out,1
8176,sweet and sour,1,sweet bean sauce,1,sweet potato casserole,1
8179,sweet potatoes,1,sweet rice dumplings,1,sweet savory,1
8182,sweet wormwood,1,sweetbreads,1,sweetened,1
8185,sweetheart,1,sweetie,1,swift,1
8188,swiftlet,1,swim cap,1,swim trunks,1
8191,swimming ring,1,swimsuit,1,swine,1
8194,swine-flu,1,swing,1,swing chair,1
8197,swiss chard,1,swordfish,1,SWOT,1
8200,swung,1,sycomore,1,Sydney Opera House,1
8203,sylvan,1,symbiosis,1,symbolizing,1
8206,symphony,1,symphony orchestra,1,symptoms,1
8209,synchronized,1,synchronized swimming,1,synchronous,1
8212,synchronous orbit,1,syncline,1,synoptic,1
8215,synoptic chart,1,synthesizer,1,synthetic,1
8218,synthetic fibers,1,synthetic gems,1,Syracuse,1
8221,systematic,1,T-bone,1,T-REX,1
8224,T-shirt,1,ta-ta,1,Tabbouleh,1
8227,tabby,1,table clock,1,table lamp,1
8230,table runner,1,tablets,1,taboo,1
8233,tacos,1,taekwondo,1,taekwons,1
8236,taichi,1,taiga,1,taijitu,1
8239,tailcoat,1,tailgate,1,tailless,1
8242,taiwan beauty snake,1,taiyaki,1,Taj Mahal,1
8245,take a shower,1,tam-tam,1,tamari,1
8248,tampons,1,tandoor,1,tandoori,1
8251,tandoori chicken,1,tangent,1,tango,1
8254,tangy sauce,1,tangyuan,1,tanin,1
8257,tanins,1,tantalum,1,Taoism,1
8260,tap shoes,1,Tape Measure,1,tapestry,1
8263,tar,1,tariff,1,taro,1
8266,tars,1,tart,1,tartar,1
8269,tartar sauce,1,taste disorders,1,tastes,1
8272,tattan,1,tau,1,taupe,1
8275,taurids,1,taurine,1,taurus,1
8278,Taurus,1,tax evasion,1,tax refund,1
8281,tax return,1,taxation,1,taylor,1
8284,TBA,1,TBC,1,TBD,1
8287,TBF,1,tea leaves,1,tea saucer,1
8290,tea urn,1,teacup,1,teak,1
8293,teapot,1,teaspoon,1,techincian,1
8296,technetium,1,technician,1,tectonic,1
8299,tectonic plate,1,tectonics,1,teleport,1
8302,teleported,1,telescope,1,television,1
8305,teller,1,Telltale,1,tellurium,1
8308,tempeh,1,temperate,1,temple,1
8311,Temporomandibular,1,Temporomandibular Joint Disorder,1,tempurature,1
8314,tencel,1,tended to,1,tenderness,1
8317,tendon,1,tennessee,1,tennessine,1
8320,tenor,1,tension headache,1,tenured,1
8323,tequila,1,Tequila,1,terbium,1
8326,teriyaki,1,teriyaki chicken,1,Terminology,1
8329,termite,1,terrace,1,terracotta,1
8332,terrain,1,territorial,1,tertiary,1
8335,tertiary explosives,1,testes,1,testicles,1
8338,tetracycline,1,textbook,1,textual,1
8341,texural,1,TGIF,1,TGS,1
8344,thallium,1,thank you,1,thanksgiving,1
8347,The Elements,1,the fog of war,1,the last resort,1
8350,The Marauder's Map,1,the odds of,1,The Ode to Joy,1
8353,the square of,1,the tip of the,1,theme park,1
8356,Theodore von Karman,1,Theoretical Mechanics,1,Theory of Relativity,1
8359,therapie,1,therapies,1,Theravada,1
8362,therm,1,thermal,1,thermal top,1
8365,thermal underwear,1,thermodynamics,1,thermometer,1
8368,thermos,1,thesis,1,thestral,1
8371,theta,1,Thiamin,1,thiamine,1
8374,thicket,1,thighs,1,thin beef slice,1
8377,thin pancakes,1,think tank,1,third cosmic velocity,1
8380,third-degree burn,1,thirty-second note,1,Thomas Edison,1
8383,thong,1,thorium,1,thou,1
8386,thou hast,1,three-degree burn,1,three-prong plug,1
8389,threonie,1,threonine,1,thriftiness,1
8392,thrive,1,throat lozenges,1,throw blanket,1
8395,throwback,1,throwback thursday,1,thug,1
8398,thulium,1,thunder,1,thunderstorm,1
8401,thylacine,1,thyme,1,TIA,1
8404,tiara,1,Tibet,1,Tibetan,1
8407,tick,1,ticonderoga,1,tidal capture,1
8410,tidal force,1,tiffany,1,tiger shark,1
8413,tilde,1,tiller,1,timbales,1
8416,time derivative,1,time travel,1,timeless,1
8419,timolol,1,timpani,1,timpanist,1
8422,Tinidazole,1,tinnitus,1,tint,1
8425,tiptoe,1,tissues,1,Titan,1
8428,titanium,1,titanium dioxide,1,TMI,1
8431,to be fair,1,toad,1,toadstools,1
8434,toaster oven,1,toe nail,1,toenail,1
8437,tofu,1,toilet brush,1,toilet paper,1
8440,toilet seat covers,1,tolerance,1,Tom Riddle,1
8443,tom yum,1,tomahawk,1,tomanhawk,1
8446,tomato sauce,1,tomatoes,1,tomcat,1
8449,tomography,1,toned,1,tongue-in-cheek,1
8452,tonifying,1,tonkatsu,1,tonsil,1
8455,toolsmith,1,tooth decay,1,tooth discoloration,1
8458,tooth misalignment,1,tooth sensitivity,1,tooth wear,1
8461,toothache,1,toothbrush,1,toothpaste,1
8464,toothpicks,1,topography,1,topped with,1
8467,toppings,1,torch,1,torchflower,1
8470,tornado,1,toro,1,torque,1
8473,Torque Wrench,1,tortilla chips,1,tortoiseshell,1
8476,toss,1,tote bag,1,toto,1
8479,touching,1,tourmaline,1,tournament,1
8482,towed,1,towed artillery,1,towel blanket,1
8485,tower,1,towering figure,1,town,1
8488,township,1,township section,1,toxic,1
8491,toy box,1,Toyota,1,trachea,1
8494,track,1,track suit,1,trade,1
8497,trade winds,1,tradition,1,traditional attire,1
8500,traditionalist,1,traffic division,1,tragic,1
8503,trail,1,train station,1,trait,1
8506,trajecton,1,trajectory,1,tranquility,1
8509,transcriptions,1,transfer credits,1,Transfiguration,1
8512,transience,1,transit,1,transit visa,1
8515,transition,1,transition metal,1,transmission,1
8518,transmission fluid,1,transmuting,1,transnatinoalism,1
8521,transnationalism,1,transparent tape,1,transplantation,1
8524,transport aircraft,1,transportation facilities,1,trash bag,1
8527,trash bin,1,trasured,1,trasured it,1
8530,trauma center,1,treasured,1,treasured it,1
8533,treasury,1,treatment,1,treble,1
8536,treble clef,1,tree nuts,1,trenchant,1
8539,trepang,1,trex,1,triangle,1
8542,triassic,1,triceps,1,triceratops,1
8545,tricholoma,1,Tricholoma,1,Tricholoma matsutake,1
8548,Tricholoma Matsutake,1,trick,1,trick you,1
8551,tridacna,1,tridacna shell,1,trigonometry,1
8554,trillion,1,trilobites,1,trimester,1
8557,trinitrophenol,1,Trinitrotoluene,1,TriNitroToluene,1
8560,trinitrotoluol,1,tripe,1,triple jump,1
8563,tritanopia,1,triumph,1,troll,1
8566,trombones,1,troop,1,trousers,1
8569,trout,1,truffles,1,Trukic,1
8572,trumpet dress,1,trumpet flower,1,trumpets,1
8575,trumpte,1,trunks,1,tryptophan,1
8578,tsavorite,1,tsunamic,1,TTYL,1
8581,tub,1,tubas,1,Tuber melanosporum,1
8584,tuck,1,tumbling,1,tummy,1
8587,tungsten,1,tuple,1,turbine,1
8590,turbo,1,turbocharged engine,1,turkey,1
8593,Turkic,1,Turkiye,1,Turks,1
8596,turn signals,1,turnips,1,turquoise,1
8599,turtleneck,1,tush,1,tusk,1
8602,Tutankhamum,1,Tutankhamun,1,tuxedo,1
8605,TV stand,1,TVP,1,twice-cooked pork,1
8608,twice-cooked portk,1,twig,1,twill,1
8611,twist,1,twisting,1,two-prong,1
8614,two-stringed fiddle,1,TY,1,typhoon,1
8617,tyrannosaurus,1,tyrannosaurus rex,1,tyrosine,1
8620,uber,1,udon,1,UI,1
8623,ulcer,1,ulcers,1,ultimately,1
8626,ultramarine,1,umami,1,umber,1
8629,umbrella,1,umibozu,1,unaware,1
8632,unconscious,1,undaring,1,underbelly,1
8635,undercurrent,1,underneath,1,underscore,1
8638,undershirt,1,underwear,1,undocumented,1
8641,undoubtedly,1,undulatus,1,uneven,1
8644,unhurriedly,1,unhygienic,1,uni,1
8647,unicorn,1,unionpay,1,unique twist,1
8650,United Arab Emirates,1,unity and togertherness,1,universal graviation,1
8653,universal gravitation,1,unmanned,1,unmanned aerial vehicles,1
8656,unreal,1,unreavel,1,unsalted butter,1
8659,unsaturated,1,untamed,1,Untermensch,1
8662,unwaveringly,1,upbeat,1,uplift,1
8665,upper belly,1,upper lip,1,upperscore,1
8668,upperwear,1,upsilon,1,upslope,1
8671,Ural,1,uranium,1,uranus,1
8674,Uranus,1,Urban,1,urban blues,1
8677,Urban Heat Island,1,urbanization,1,urchin,1
8680,urea,1,urea breath test,1,urinal,1
8683,urine,1,URL,1,urn,1
8686,urology,1,ursa,1,ursa major,1
8689,ursa minor,1,urticaria,1,Use tank or cylinder,1
8692,USFDA,1,UTC,1,uterus,1
8695,UVA,1,UVB,1,UX,1
8698,Uzbeks,1,V-Brake,1,V8,1
8701,vaccination,1,vaccine,1,vacuum deposition,1
8704,vagina,1,valentine,1,valentine's day,1
8707,valine,1,value-added tax,1,vampire,1
8710,vampires,1,Van Allen Belts,1,vanadium,1
8713,vandalism,1,vanilla,1,vanish,1
8716,vanity,1,vapor,1,variola,1
8719,variola virus,1,vase,1,VAT,1
8722,Vega,1,vegan,1,vegan burger,1
8725,vegetable bao,1,vegetable rolls,1,vegetables,1
8728,vegetarian,1,veil,1,veil of mist,1
8731,vein,1,velociraptor,1,velocity,1
8734,velvet antler,1,vena cava,1,vendor,1
8737,Venice,1,vent,1,vent pipe,1
8740,ventilate,1,ventilated,1,venues,1
8743,venus,1,Venus,1,veranda,1
8746,verb,1,vergetarian,1,vermicelli,1
8749,vermicular,1,Vernacular,1,vernier,1
8752,Vernier caliper,1,versa,1,versace,1
8755,versatile,1,verses,1,versige,1
8758,vertebral,1,vertebral column,1,vertical bar,1
8761,vessel,1,vest,1,vestibule,1
8764,vestige,1,Veteran,1,veteran,1
8767,Veterans Day,1,vibe,1,vibrio cholerae,1
8770,vice admiral,1,vice premier of the,1,vice president of the,1
8773,vice principal,1,Vienna,1,Vienna State Opera,1
8776,vietnamese,1,vigorously,1,vine,1
8779,vinegars,1,violas,1,violet,1
8782,violin,1,viper,1,viperidae,1
8785,virga,1,virgin forest,1,virginia,1
8788,virgo,1,Virgo,1,viridian,1
8791,virtuoso,1,virulent,1,visa,1
8794,visa appeal,1,visa waiver,1,visa wwaiver,1
8797,viscountess,1,visual arts,1,vitamins,1
8800,vitis,1,vitreous,1,vivacious,1
8803,vivid,1,VMX,1,vocal,1
8806,vocalist,1,vodka,1,volcanic ash,1
8809,volcanism,1,volcano,1,Voldemort,1
8812,volumizing,1,voluntary,1,volunteer work,1
8815,vortex,1,vowel,1,voyage,1
8818,vrane,1,vulnerable,1,vulture,1
8821,wafers,1,waffles,1,wagon,1
8824,waistband,1,waiver,1,wall art,1
8827,wall clock,1,wall decal,1,wall outlets,1
8830,walnut,1,waltz,1,warbler,1
8833,warhead,1,warlock,1,warlock and witch,1
8836,warm front,1,warmly,1,warp,1
8839,warp drive,1,warp drives,1,warrant,1
8842,warrant officer,1,wash face,1,washbasin,1
8845,washer,1,washing basin,1,washing machine,1
8848,washing soda,1,wasp stings,1,wasting,1
8851,water bottle,1,water cycle,1,water hyacinth,1
8854,water polo,1,water quality,1,water spout,1
8857,waterbed,1,waterborne,1,waterborne disease,1
8860,watercolor,1,watercolor brushes,1,watercolor paints,1
8863,watercress,1,waterfall,1,watermelon frost,1
8866,waterproof,1,waterproof shoes,1,Wave-Particle Duality,1
8869,wavy,1,wax,1,wax-coated,1
8872,waxed,1,waxing,1,waz,1
8875,WDYM,1,Weak Nuclear Force,1,weaponsmith,1
8878,weather forecast,1,wedding,1,wedding suit,1
8881,wedges,1,weed,1,weeping,1
8884,weeping willow,1,Weierstrass,1,weight and balance,1
8887,weight belt,1,weightlifting shoes,1,weirdo,1
8890,welcome light,1,welding mask,1,wellbeing,1
8893,welsh,1,werewolves,1,Wernher von Braun,1
8896,westerlies,1,wetlands,1,wetsuit,1
8899,whale,1,whale shark,1,what the hell,1
8902,wheat berries,1,wheat sheaves,1,whey,1
8905,whey protein powder,1,whimsical,1,whip,1
8908,whipped butter,1,whipped cream,1,whirl,1
8911,whisk,1,whiskey,1,whisks,1
8914,white atractylodes,1,white cardamom,1,white dwarf,1
8917,white flour,1,white peony root,1,white pepper,1
8920,white rice,1,white tea,1,white vinegar,1
8923,white wine,1,white wines,1,whole grains,1
8926,whole kernel corn,1,whole milk,1,whole note,1
8929,whole rest,1,whole wheat bread,1,whole wheat flour,1
8932,wicker,1,Wife Cake,1,WiFi,1
8935,wikipedia,1,Wilbur Wright,1,Wild Chrysanthemum,1
8938,wild chrysanthemum,1,wild rose,1,wildfire,1
8941,William Shakespeare,1,William Shockley,1,willing,1
8944,willpower,1,wimp,1,wind,1
8947,wind chill,1,wind chime,1,wind dircetion,1
8950,wind direction,1,wind diretion,1,wind rose,1
8953,wind speed,1,windpipe,1,windshield,1
8956,windshield washer fluid,1,windspept,1,wine,1
8959,wine glass,1,Wingardium Leviosa,1,wingman,1
8962,winkle,1,winsome,1,Winston Churchill,1
8965,winter break,1,Winter Hexagon,1,Winter Palace,1
8968,wire brush,1,wire cutter,1,wireless charging pad,1
8971,wireless fidelity,1,Wisconsin,1,wisdom tooth,1
8974,wistful,1,withdraw,1,withdrawn,1
8977,wither,1,witty,1,wizard and witch,1
8980,wolfberry fruit,1,wolframite,1,wood duck,1
8983,wood screws,1,wood sorrel,1,wooden fish,1
8986,wooden pencils,1,woodland,1,woodwind section,1
8989,woody,1,wool sweater,1,woolly,1
8992,workbook,1,workshop,1,worm,1
8995,wormholes,1,wormwood,1,worship,1
8998,wrap,1,wraps,1,wrestling,1
9001,wright,1,Wright Brothers,1,wrist,1
9004,wrist curl,1,writting bush,1,WTF,1
9007,WTH,1,wuji,1,WYA,1
9010,wzx-coated,1,xenon,1,xerostomia,1
9013,xi,1,xiao,1,xiaogu,1
9016,XP,1,XXL,1,xylene,1
9019,xylophone,1,yangqin,1,Yangtze River,1
9022,yardang,1,yearn,1,yearningly,1
9025,yeast,1,yellow beef,1,yellow croaker,1
9028,yellow curry,1,Yellow River,1,Yellow Sea,1
9031,yellow wine,1,yeti,1,yin and yang,1
9034,yoasobi,1,yoghourt,1,yogurt bowls,1
9037,YOLO,1,ytterbium,1,yttrium,1
9040,yueqin,1,yulan,1,yunjin,1
9043,Yuri Gagarin,1,Zack,1,zeaxanthin,1
9046,Zen,1,zenith,1,zephyr,1
9049,Zeroth Law,1,zester,1,zeta,1
9052,zha cai,1,zhacai,1,zhong ruan,1
9055,Zinc,1,zinc,1,zinc gluconate,1
9058,zinc lozenges,1,zinc supplement,1,zipper,1
9061,zircon,1,zirconium,1,zodiac stones,1
9064,zongzi,1,zongzi leaves,1,Zubenelgenubi,1
9067,冒号,1,冠军,1,劳动节,1
9070,圣诞树,1,奶昔,1,护照,1
9073,毕竟,1,海苔,1,牛油果,1
9076,真空,1,马卡龙,1,