12-bar blues,2,2024,4,2025,4
4th toe,2,a magnitude of,2,a passage of,2
a pivot,2,a segment of,2,a stance of,2
a touch of humer,2,a touch of humor,2,a-pillar,2
aaai,4,aard,2,aardwolf,2
abalone,2,abbr,4,abbreviated,4
abbreviation,4,abdomen,2,abduction,2
ablation,4,abnormal distribution,2,abominable,2
aboriginal australians,2,abraham lincoln,2,abrams,2
abrasion,2,abrasive,4,abrasive paper,2
abscissa,8,absolute construction,2,absorb,2
absorbing,1,abstraction,2,ac,2
academic dismissal,2,academic subject,2,acai,2
acai berry,2,acc.,2,accelaretors,4
accelerators,4,accessories,8,accessory,6
accolade,2,accommodate,4,accommodating,6
accomodate,2,accomodating,2,accompany,2
accomplish,2,accomplishment,2,accordingly,4
accordion,2,accountability,4,accumulate,1
acessory,2,acetaminophen,6,acetate,2
acetic,2,acetic acid,2,acetone,2
acetorphine,2,acetosalicylic acid,2,acetylsalicylic,2
acetylsalicylic acid,4,acheee,4,acheeee,4
acid rain,2,acid reflux,2,acidification,2
acinium,2,acinonyx,2,acne,4
acorn,2,acquaintances,2,acquired immunodeficiency syndrome,2
acronyms,2,acropolis,2,acropolis of athens,2
acrylic,4,acrylic brushes,2,act,2
actinides,2,actinium,2,action art,2
action-reaction law,2,activated,2,active noise cancellation,2
activism,4,actuated,2,actuator,2
acubens,2,acura,2,acute,4
acute angle,4,acute urticaria,2,ad,2
ada lovelace,2,adam's apple,2,adaptablility,2
adaptation,2,adaptive,2,adaptive cruise control,2
addend,2,addict,2,addiction,2
additive,2,addressability,6,adelaide,4
adeptus,4,adhesive,6,adipose,2
adipose tissue,2,adjacent,2,adjective,2
adjectives,2,adjustable wrench,2,administration,2
administrative,2,admiral,2,admire,2
admired,2,admissions,2,adole,2
adolescent,4,adolf hitler,4,adorable,2
advanced combat helmet,2,advanced placement exams,2,advection,2
adverb,2,adverbial,2,adverbial clause,2
adversarial,4,adversarially,2,advisory,2
advocacy,4,advocay,2,adzuki,2
adzuki beans,2,aepe,4,aequeo,2
aerial,2,aerial vehicle,2,aeronautical,2
aeronautics,3,aerospace,4,aerospace capabilities,2
aesthetics,2,affair,2,affect,2
affected,2,affection,2,affiliate,2
affiliation,2,affiliations,6,affilication,2
affilite,2,affine,4,affine transform,2
affirming,2,afflication,2,affordable,4
aficionado,2,aforementioned,6,africa,2
african,2,after-school programs,2,afterburner,2
age structure,2,agency,2,aggregate,6
aggregating,2,aggregation,8,aggress,4
aggressive,4,agiler,2,agnostic,4
agricultural,2,agriculture,6,ahb,2
ahoy,2,aids,2,air conditioning,2
air conditioning refrigerant,2,air fresheners,2,air fryer,2
air mattress,2,air pollution,4,airbags,2
airbases,2,aircraft carrier,2,airport,2
ak-47,2,ak47,4,aka,2
ala,2,alacrity,2,alan turing,2
alanine,2,alas,2,albeit,2
albeit with,2,albert einsein,2,albert einstein,4
albus dumbledore,6,alchemist,2,alchemistry,2
alchemy,2,alcohol,2,alcoholic,2
alcohols,2,alcove,2,alcubierre,2
alcubierre drive,2,aldebaran,4,aldehydes,2
ale,2,alexander fleming,2,alexander the great,2
alfalfa,2,alfred,4,alfred nobel,2
algae,2,algebra,6,alienating,2
alkali,4,alkali metal,4,alkalies,2
alkaline,4,alkaline earth metal,4,all in all,2
all purpose cleaner,2,allege,2,allegory,8
allen,2,allen wrench,2,allergens,2
allergic,2,allergic rhinitis,2,allergies,6
allergy,4,allergy-resistant,2,alleviate,4
alleviated,5,alleviation,2,alley,2
allies,4,allium,2,allocate,4
allocation,6,allspice,2,allusion,4
ally,2,almond,2,almonds,6
alnilam,2,alnitak,2,aloe vera,4
alohomora,2,alpha,2,alpha centauri,4
alpherg,2,alpinia,2,alps,2
altair,2,altar,2,alter,2
altera,2,alteration,2,alternate,2
alternately.,2,altitude,8,alto,2
altocumulus,2,altostratus,2,altruism,2
aluminium,4,aluminum,2,aluminum sulfate,2
amazon rainforest,2,amazon river,2,amber,2
ambient,2,ambient lighting,2,ambiguous,4
ambitions,2,ambitious,2,ambulance,4
ambulance station,4,amchur,2,amd,2
amend,2,ament,2,american cockroach,2
american football,2,americium,2,amid,2
amino,2,amino acid,2,amlodipine,2
ammonia,2,ammonium nitrate,4,ammunition,4
amoxicillin,10,amphetamine,2,amphibians,2
amphibious,2,amplitude,4,amr,2
amusement,2,amusement park,2,amuses,4
anal,1,analogous,2,analogous to,2
analy,1,analytic geometry,2,analyzer,4
anc,2,anchor bolt,2,andes,2
andesite,2,andromeda,4,andromedids,2
anemometer,2,anemone,2,anesthesia,2
anesthetics,2,angle,2,angle bisector,2
angle of depression,2,angle of elevation,2,anglo-saxons,2
angular,2,angular momentum,4,angular velocity,2
animated,4,anion,2,anionic,2
anise,2,ankle,10,ankle boots,2
ankle socks,2,anna sui,2,anneal,2
annealing,4,annihilation,4,annihilation-20,2
anno domini,2,annotation,4,annua,2
annual,2,anole,2,anomaly,2
antacid,2,antarctic,2,antarctic ice sheet,2
antares,4,anti-allergy,2,anti-diarrheal,2
anti-inflammatory,2,anti-narcotics,2,antibiotic,2
antibiotics,8,antibody,2,anticipate,6
anticipated,4,antidepressants,2,antidisestablishmentarianism,2
antifeminist,2,antifreeze,4,antifungal,2
antigen,2,antihistamine,4,antihistamines,2
antimalarial,2,antimalarial drug,2,antimatter,2
antimicrobial,2,antimony,2,antioxidants,2
antiretroviral therapy,2,antler,2,anus,2
anvil,2,anvil cloud,2,anxiety disorder,2
anxious,2,aorta,2,aotmics,4
apache,6,apb,2,apc,2
ape,6,aperitive,2,apertif,2
apertif wine,2,aperture,2,aphthous ulcer,2
apostasy,2,apparently,6,appeal,4
appealing,2,appedn,2,append,2
appendix,4,appetizer,4,apple,2
apple cider,2,apple cider vinegar,2,appliance,10
applicable,2,applied sciences,2,apprais,2
appraise,2,appreciate,6,appreciation,2
apprentice,2,approval,2,apricot,2
apricots,2,april,8,april fool's day,2
apt,14,aptain,2,aptitude,4
aqua,2,aquadom,2,aquarius,2
aquatic,2,aquila,2,ar,2
arabian desert,2,arabs,2,arbitrator,2
arcade,2,arch,4,archaeological,2
archaic,2,archimedes,2,archimedes of syracuse,2
arcteryx,4,arctic,8,arctic ocean,2
arcturus,2,argentum,2,arginine,2
argon,2,arial,2,ariane,4
aries,2,aristotle,4,arithmacy,2
arithmancy,2,arithmetic mean,2,arithmetic progression,2
arithmetic sequence,2,arithmetic series,2,arleigh,2
arleigh burke,2,arm,2,arm64,2
armani,2,armchair,2,armenians,2
armor,2,armored,2,armored corps,2
armored personnel carrier,2,armour,2,armpit,4
army,2,army, navy, air force,2,arnold,1
aroma,4,aroma system,2,aroused,4
arrange,2,arrange from,2,arrangement,2
arranger,2,array,2,arrogance,2
arsenic,4,artemisia,2,artemisinin,2
artery,4,arthal,2,arthals,2
arthritis,4,arthrosynovitis,2,articarft,2
articraft,2,articulated,2,articulatio,2
articulation,2,artifacts,2,artificial,2
artificial tears,2,artillery,8,artillery shell,2
artistic swimming,2,arugula,2,arxiv,2
aryans,2,asafetida,2,asafoetida,2
ascend,2,ascent,4,ascorbic,2
ascorbic acid,2,asia,2,asmr,4
asparagine,2,asparagus,2,asparagus fern,2
aspartic acid,2,asperatus,2,aspirated,2
aspirin,10,assault,2,assault ship,2
assembly,2,assent,2,assessment,2
assigned,4,assignment,2,assumption,4
assurance,2,astatine,2,asteroid,4
asteroid belt,2,asthma,4,astragali,2
astral,4,astranis,2,astronomers,2
astronomical,2,astronomical phenomena,2,astronomical telescope,2
astronomy,2,astrophysics,2,asymptote,6
asymptotic,8,asynchronous,4,asynchrony,2
at a glance,2,at the expense of,1,atc,2
atf,2,atgm,2,athens,2
athletic,2,athletic shoes,2,atlantic,6
atlantic ocean,4,atlantis,2,atm,2
atmosphere,4,atmospheric escape,2,atomics,4
atorvastatin,2,atrous,2,attainable,2
attained,4,attaining,4,attendance,2
attendance without graduation,2,attention,2,attention-based neural networks have become pervasive in many ai tasks,2
attitude,8,attitute,4,attractivae,2
attractive,2,attributable,2,attribute,12
attribute to,2,attributive,2,attributive clause,2
attrition,2,aucklan,3,audi,2
audit,6,auditing,2,auditorium,2
augend,2,august,4,aural,2
aureate,2,auriga,2,aurora,4
aurora australis,2,aurora borealis,4,aurum,2
aussie,2,austere,2,austral,4
australia,6,australis,2,austria,10
austrilia,4,austrlia,4,authoritarianism,4
auto,4,autoimmune,2,automakers,2
automakes,2,automated parking,2,automatic,4
automatic emergency braking,2,automobile,4,automotive industry,2
autonomous,4,autoregressive,2,auxiliary,2
ava,2,avada kedavra,2,avenger,2
avenue,1,aviation,10,aviation industries,2
aviation turbine fuel,2,avionics,4,avocado,2
avocado oil,2,avocados,2,avtomat kalashnikova,2
axes,5,axi,2,axial tilt,2
axiom,6,axis,2,axis power,2
axis powers,2,axises,2,ayaka,4
ayato,4,ayaya,4,ayka,4
azelastine,2,azide,2,azithromycin,4
azkaban,2,azuki,2,azure,4
azure bluet,2,b vitamins,2,b-pillar,2
ba and bs degree,2,baby bellas,2,baby's breath,2
baccalaureate,2,bachelor,4,bachelor's button,2
back of the hand,2,back paini,2,backboard,2
backbone,6,backed goods,2,backing vocalist,2
backpack,2,backpropagation,2,backup camera,2
bacon,4,bad breath,2,badge,4
badminton racquet,2,bagman,2,baguette,4
bait,6,baited,2,baked goods,2
baking sheet,2,baking soda,2,balcony,10
bald eagle,2,bali,2,ball lightning,2
ball peen,2,ballet,4,ballet flats,2
ballistic,4,ballistic missile,2,balloon,2
balloon flower,2,ballot,4,ballpoint,2
ballpoint pens,2,balm,6,balsam,2
balsamic,4,balsamic vinegar,2,baltic,2
baltic peoples,2,bamboo,4,bamboo mattress pad,2
bamboo rayon,2,bamboo steamer,2,bamboo worm,2
banboo,4,band,2,bandwagon,2
bandwidth-demanding,2,bang & olufsen,2,banger,2
bangkok,4,bangladesh,2,bangs,2
banjo,2,bankrupt,2,banned from,2
banner,4,banner pattern,2,banshee,2
bao,2,baozi,2,baozza,2
bar graph,2,bar stool,2,barbeue,2
barbor,2,barbour,2,baritone,2
barium,2,barium sulfate,2,bark,2
barley,6,barley malt,2,barn,6
barn owl,2,barn swallow,2,barometer,2
baron,4,baroness,2,baronet,2
baronetess,2,bars,4,bart,4
baru nuts,2,barycenter,2,barycentre,2
basalt,4,base,4,base makeup,2
baseball cap,2,bases,2,basic copper carbonate,2
basil,4,basilisk,2,basin,8
bass,8,bass clarinet,2,bass clef,2
bass drum,2,bass guitar,2,basses,2
bassist,2,bassoons,2,baste,2
basting,2,basting brush,2,bastion,2
batches,2,bate,2,bated,2
bath mats,2,bath towels,2,bathing suit,2
bathrobe,2,batit,4,batteries,2
battleship,2,baw,2,bawu,2
bay,6,bay leaves,2,bbq grill,2
bcd,2,bce,2,be attributable to,2
be decomposed into,2,be derived by,2,be supplied as,2
beam balance,2,bean,2,bean bag,2
bean bag chair,2,beanie,2,bears,2
beaten,2,beater,2,beauty blendeer,2
beauty blender,2,beckoned,2,bed bug,2
bed cover,2,bed guard,2,bed linens,2
bed rail,2,bed sheet,2,bedcrab,2
bedding,4,bedpan,2,bedside table,2
bedspread,4,bee pollen,2,bee stings,2
beef jerky,2,beer,2,beet,2
beet greens,2,beethoven,2,beetle,2
beetles,2,beetroot,2,beets,2
begonia,2,belgium,6,bell peppers,2
bellas,2,bellatrix,2,belly,2
belly button,2,beloved,2,belt,4
benches,2,benchmark assessment,2,beneath,2
benefit from,2,bengal empire,2,benifit from,2
benjamin franklin,2,benzene,2,berate,2
berberine,4,beretta,2,bering strait,2
berkelium,2,bernhard riemann,2,berries,6
bert,4,berth,2,beryllium,2
beside,2,beta,2,betelgeuse,6
betray,2,beverage,2,beverages,2
biannual,2,bianzhong,2,biased,2
bicamera,4,bicameralism,4,bicarbonate,2
biceps,2,biennial,2,big bang,2
big cock,2,big dipper,2,big toe,2
bikini,2,bile,2,bill gates,2
billed,2,billed you,2,binarization,2
bind,2,binders,2,binge,2
binomial,6,biodiesel,2,biodiversity,4
biographies,2,biography,2,biology,6
biosphere,2,biotics,2,biotin,4
birch,2,bird flu,2,bird's nest,2
birth,2,birth rate,2,birthwort,2
biscuit,4,biscuit jar,2,bisect,2
bismuth,4,bismuth subsalicylate,2,biwa,2
bizarre,2,black belt,2,black hawk,2
black hole,2,black ink,2,black nylons,2
black pepper,2,black powder,2,black tea,2
black truffle,2,black widow,2,blackberries,2
blackbird,2,blackpen,2,blacksmit,2
blacksmith,2,bladder,8,blade,2
blaise pascal,2,blame,4,blankets,4
blasting cap,2,bleach,4,bleeding gums,2
blend,2,blender,2,blends,4
blens,2,blessing,2,blinds,2
blip,2,blister,2,blizzard,2
blonde,2,bloody mary,2,bloom,2
blossom,6,blotts,2,blowing gum,2
blown away,2,bludger,2,blue cheese,2
blue harp,2,blue notes,2,blueberries,2
blueshift,2,bluet,2,blurred,2
blurred vision,2,blush,2,bmw,2
bo,2,boar,2,boardshorts,2
bobbi,2,bobby,2,bobby-trapped,2
body armor,2,body board,2,body wash,2
bodyarmor,2,bodyguard,4,bohai bay,2
bohai sea,2,bohrium,2,boiled dumpling,2
boiler,2,bok,2,boldness,4
bologna,4,bolsheviks,2,bolster,2
bolt,2,bolter,2,bomb,4
bomber,4,bombing,2,bongos,2
boo,4,bookcase,2,bookshelf,2
bookshop,2,bookstore,2,boomerang,2
bootes,2,bordeaux,4,boreal,2
borealis,4,boric acid,2,borneol,2
boron,2,bose,2,bother,2
bottle,2,bouillon,4,bounce,2
bouncing,2,boutique,4,bow and arrow,2
bow shock,2,bowel,2,bower,2
bowls,2,boxer briefs,2,boxers,2
boxing,2,boxing day,2,boycott,4
bra,2,braces,2,bradley,2
brail nuts,2,brake,2,brake fluid,2
branch divergence,2,brands,2,brandy,2
braoness,2,brass,2,brass section,2
bravo,2,break,2,bream,2
breast,2,breast cancer,2,breath,2
breathe,4,breathtaking,2,breathtakingly,2
breed,6,breeding,1,breeze,6
brethe,2,brew,4,brewing,2
brfxxccxxmnpcccclllmmnprxvclmnckssqlbb11116,2,brian kernighan,2,bridgestone,2
bridle,2,brie,4,brie cheese,2
briefs,2,brigadier,4,bright,2
bristle,2,british museum,2,bro,2
broadening,2,broccoli,2,broil,2
broken line graph,2,bromine,2,bronchial,2
bronchial tube,2,bronchitis,4,bronde,2
bronze,4,bronze ware,2,bronzer,2
brook,4,brooks,2,broom,2
broomstick,4,brotherhood,2,brow,2
brow makeup,2,browing,2,browings,2
brown rice,2,brown sugar,2,bruce lee,2
bruise,2,brush,4,brush pen,2
brushes,2,bucket,2,bucket hat,2
buckwheat,2,buckwheat hull,2,buckwheat pillow,2
budapest,2,buddha,2,buddy,2
buddyfight,2,budgerigar,2,buff,2
buffet,2,buildplates,4,built around,2
bulb,2,bulgur,2,bullet,4
bullfrog,4,bumble,4,bumblebee,2
bumps,2,bun,4,buoyancy,2
burden,2,burdens,4,bureau,6
bureaucracy,2,burgeon,2,burgundy,2
burj khalifa,2,burn,2,burning glass,2
burnt,2,burnt cake,2,burrow,2
burst,2,burt,2,bus stop,2
bust,2,bustling,2,butter,2
buttock,2,buttocks,4,button mushrooms,2
buzz aldrin,2,buzzard,2,by cirtue of,2
by constrast,2,by contrast,2,by some time,2
by virtue of,2,c4,2,cabbage,2
cabin,2,cabinet,6,cacophony,2
cactus,2,cadbury,2,cadence,2
cadii,2,cadillac,2,cadis,2
cadmium,2,caesium,2,cafeteria,2
caffein,2,caffeinated,2,caffeine,4
cairo,2,calcite,2,calcium,4
calcium carbonate,2,calcium chloride,2,calcium fluoride,2
calcium gluconate,2,calcium hydroxide,2,calcium supplement,2
calculus,6,calendar,2,calf,10
califonium,2,californium,2,califrag,2
caliper,4,caliper brakes,2,calla,1
callaghy,2,calligraphy,2,calligraphy ink,2
callisto,2,calore,2,calori,2
calorie,2,calves,2,calvin,4
calzone,2,cambodia,2,cambrian,4
cambricon,4,camelopardalis,2,camera,4
cameralism,4,campaign,4,camphor,4
can,2,can opener,2,canada goose,2
canal,2,canary,6,cancer,4
candid,2,candidate,14,candidate selection,2
candidates,6,candidd,2,canine,2
canine teeth,2,canis major,2,canis minor,2
canister,2,canker,2,canker sore,4
canlla,1,cannabis,2,cannellini,2
cannon,4,canola,2,canola oil,2
canonical,2,canonical softmax,2,canopus,2
canopy,4,cantonese,2,canvas,6
canvass,2,canyon,4,cap,2
capabilities,2,capable of,2,capella,4
capers,2,capillaries,2,capital,2
capitalism,4,capitalize,2,capitalizes,2
capitol,4,capricornus,2,capstone,2
capstone project,2,capsule,4,capsules,2
captain,2,captain america,2,captain nemo,2
car brands,2,car rental,2,caramel,2
caramel porters,2,caraway,2,carbine,2
carbohydrates,4,carbon,2,carbon cycle,2
carbon dioxide,2,carbon footprint,2,carbon ink,2
carbonate,4,carbonated,2,cardamom,2
cardigan,6,cardiovascular,2,cardiovascular medications,2
cardstock,2,caressing,2,carina,2
carl friedrich gauss,2,carnation,5,carnegie,2
carnegie mellon,2,carp,6,carpenter,8
carrots,2,cartels,2,cartesian,2
cartidge,2,cartridge,6,cartridge case,2
cartridges,2,casa,4,casanova,2
cascade,2,cascaded,1,casein,2
cash strapped,2,cashew,2,cashews,4
cashmere,2,casing,2,casino,4
casserole,4,casserole dish,2,cassiopeia,2
castor,2,casual,16,cat dander,2
cat hair,2,cat's eye,2,catalog,4
cataract,4,categories,2,catenary,2
caterpillar,2,caterpillar fungus,2,catfish,2
cathedral,2,cation,2,cationic,2
cattle,4,cattle and cows,2,caucasian,4
caucasoid race,2,cauchy,2,cauldron,4
cauliflower,10,caulk,2,cault,2
causal,16,cause,1,cavalry,2
caviar,2,cavie,2,cavities,2
cayenne,2,cayenne pepper,2,cccp,3
ccp,2,ce,2,ceasefire,2
ceaseless,2,cefaclor,2,cefixime,6
cefixime capsules,2,cefpodoxime,2,cefuroxime,2
celerity,2,celery,2,celestial,6
cellos,2,cellulose,2,celsius,2
celtic peoples,2,celts,2,cement,2
cenment,2,centaru,2,centaur,2
centaurus,2,center console,2,center stack,2
centipede,2,central nerve system,2,centre,2
centrifugal,2,centrifugal force,4,centripedal force,2
centripetal,2,centripetal force,2,centroid,2
centroids,4,cephalexin,4,cepheus,2
ceramic,2,ceramic braces,2,cereal,2
cerium,2,cet-4,2,cet-6,2
cet4,2,cetirizine,4,chai,2
chai tea,2,chaise,2,chaise longue,2
chameleon,2,chamomile,2,champagne,2
champion,2,championed,2,chanel,2
chanterelle,2,chanterelle mushrooms,2,chaos,2
chaos theory,2,chaplain,2,character traits,2
chard,2,charge density,2,charles darwin,2
charter,2,chaser,2,check-ups,2
cheddar,2,chee,2,cheeba,2
cheek,2,cheerful,2,cheese,2
cheese plant,2,cheese puffs,2,cheetah,4
chemical fertilizer,2,chemistry,4,chemotherapy,2
chengdu aerospace corporation,2,cherries,2,cherry,2
cherry grove,2,cheshire,2,chess club,2
chesseballs,2,chestnuts,2,chevrolet,2
chevy,2,chi,2,chia,2
chia seeds,2,chiba,2,chiba shop,2
chicken bouillon,2,chickpeas,2,chien,4
chiffon,2,chilblains,2,childish,2
chili,6,chili powder,4,chill,4
chime,2,chime bells,2,chimpanzee,4
chimps,4,chin,4,china rose,2
chinese arborvitae,2,chinese brush,2,chinese duck,2
chinese flower pepper,2,chinese flute,2,chinese lute,2
chinese noodles,2,chinese parsley,2,chinese valentine's day,2
chinos,2,chiplet,2,chirping,2
chisel,6,chiseled,6,chisen,2
chloramphenicol,4,chloride,2,chlorine,4
chloroquine,2,chocolate,4,choir,4
cholera,2,cholesterol,4,cholinergic,2
cholinergic ueticaria,2,cholinergic urticaria,2,chongyang festival,2
choop,2,chop,2,chops,2
chopsticks,4,chord,2,chore,2
choreography,2,chores,2,chorus,4
christian,2,christian era,2,christmas,2
christmassy,2,christopher columbus,2,chromium,6
chromosphere,2,chronic,4,chronology,2
chronology protection conjecture,2,chrysanthemum,4,chub,2
churning,2,churning out,2,chutoro,2
cichorium,2,cider,8,ciiterion,2
cilantro,2,cinatioin,2,cination,2
cinchona,2,cinchona bark,2,cinema,4
cinima,2,cinnabar,4,cinnamon,2
cinnamon sticks,2,cinque,2,ciprofloxacin,2
circulant,4,circular,2,circular orbit,2
circumcentre,2,circumcircle,4,circumference,4
circumstances,2,circumvent,6,circumvents,2
cirrhosis,2,cirrocumulus,2,cirrostratus,2
cirrus,2,cite,2,citerion,2
citizen,4,citizenship,4,citric,2
citric acid,4,citrulline,2,citrus,2
city hall,2,civics,2,civil,4
civil rights,4,civil war,2,civilization,4
clams,2,clang,2,clarified,2
clarified butter,2,clarinet,2,clarinets,2
clarithromycin,4,claritin,2,classic,2
classical,2,classical electromagnetism,2,classical mechanics,2
classical physics,2,classifier,2,clauses,2
claw,2,claw hammer,2,claws,2
clay,2,cleaning dupplies,2,cleaning supplies,2
cleanser,2,clear sky,2,cleats,2
clef,2,clenched,4,clergyman,2
climactic,2,climate,1,climate change,2
climatic,2,clindamycin,2,clinic,4
clinical,2,clipped,4,clipping,2
clitoris,1,cloak,2,cloal,2
clory,2,closet,2,clothes,1
clothes moth,2,cloud cover,2,clover,2
cloves,2,cls,2,clump,2
clycine,2,cmb,2,cme,2
co-prime,2,co. ltd,2,coalition,6
coarse,6,coarse cereals,2,coarse granularity,2
coarse sea salt,2,coarse-grained,4,coaster,2
coaster brakes,2,coat,4,coat rack,2
coated,2,coated tongue,2,coaxial,2
cobalamin,2,cobalt,4,coca-cola,2
cocaine,2,cock,2,cockatoo,2
cockroach,4,cocktail,2,cocoa,2
cocoa beans,2,coconut,2,coconut rice,2
coconut water,2,cod,2,coefficient,2
coexist,2,cofactor matrix,2,coffee mug,2
coffee pot,2,coffee table,2,coherent,10
coin flip,2,coin toss,2,coincidence,2
coincidentally,4,cola,2,colander,2
cold,2,cold brew,2,cold front,2
cold snap,2,cold sore,2,collaboration,2
collapse,7,collard,2,collard greens,2
college building,2,college cuilding,2,college entrance exam,2
collinear,2,collins,2,collision,4
colloquial,4,colloquial language,2,colloquialisms,2
colon,4,colonel,4,colonial,2
colonialism,6,colored pencils,2,colosseum,4
column-major,2,coma,2,combat knife,2
combat support,2,combination wrench,2,combine,2
come alive with,2,come by,2,come up,2
come up with,2,comedian,2,comedy,2
comet,2,comet halley,2,comet nucleus,2
comet tail,2,comforter,4,commander,2
commencement,4,commencement ceremony,2,commendable,2
commentary,4,commented,2,commercial,2
commitment,2,committee,4,commodity,2
common cold,2,common compounds,2,common conditions,2
common divisor,2,common era,4,common factor,2
common language,2,common men,2,common nails,2
commonalities,4,commonsense,2,communism,6
communist,2,community,2,community center,2
community ecology,2,commutative,2,compact,2
company limited,2,comparative,8,comparatively,2
comparison,1,comparisons,2,compass,4
compasses,2,compassion,4,compensate,2
compensator,2,compete with,2,competing,2
competition,4,competitive,6,competitive exclusion principle,2
competitively,4,compilation,2,complain,2
complement,4,complementary,6,complementray,2
complemnet,2,completion,2,compliant,2
complicated,6,complicates,2,compliment,2
complimentary,8,compose,2,composed,2
composer,1,composite,4,composition,4
composition books,2,compostion,2,compound,23
compound fracture,2,comprasion,1,comprehend,2
comprehensioin,4,comprehension,6,comprehensive,6
comprehensive exam,2,compressed natural gas,2,compressing,2
compression,4,comprise,2,comprises,7
compromising,2,compse,1,compund,2
computing resource utilization,2,concatenate,4,concatenated,2
concave,2,concave lens,2,conceal,6
concealer,2,concede,2,conceit,2
conceive,2,concent,4,concentrate,2
concentrate on,2,concentrated,2,concentrating,2
concentrating on,1,concentric,2,concentric circle,2
concept,2,conception,2,conceptualism,2
concertmaster,2,concession,2,concession stand,2
concrete,2,concurrency,8,concurrent,6
concurrently,6,concyclic,4,condensed,2
condensed milk,2,condescend,2,condescending,2
condescends,2,condiments,4,conditionally essential amino acids,2
conditioner,2,condradiction,2,conduct,2
conducted,2,conductor,2,conduit,2
condult,2,cone,4,conference,4
conferment,2,conferral,2,confidence,4
confidence coefficient,2,confidence interval,2,confidential,4
confines,2,confucius,2,confuse,2
congas,2,conglomerate,2,congo river,2
congress,4,congruence,2,congruence class,2
congruent,6,conic,2,conical,2
conical section,2,conincidentally,4,conjection,2
conjecture,14,conjuction,2,conjugate,8
conjugate gradient method,2,conjunction,13,conjunctivitis,2
conqar,2,conscience,2,conscientious,4
conscious,6,consecutive,2,consensus,2
consent,9,consequence,4,consequent,2
consequently,6,conservation,6,conservation of energy,6
conservation of mass,2,conservation of momentum,4,conservatism,2
conservative,2,conservative party,2,conservatives,4
conserve,2,conserved,2,consistent,6
consolidation,2,consonant,4,conspiracy,2
conspiracy theories,2,constellation,2,constellations,4
constent,4,constipation,2,constitude,4
constitute,4,constitutes,4,constitution,4
construct,4,construction,6,constructor,2
constructor and destructor,2,consult,6,consult on,2
consultative,4,consumption,2,contact,2
contact lens,2,contemporaneously,4,contemporary,2
content,9,contest,4,context,4
contextual,4,contiguous,4,continent,6
contingent,2,contingent upon,2,continuations,2
continuum,2,contour,4,contour line,2
contouring,2,contrabasses,2,contradiction,6
contradicts,2,contrails,2,contusion,2
convenience,2,convenience store,2,convenient,2
conventional,8,conventional oven,2,converage,2
converge,12,convergence,12,convergency,2
convergent,4,convergent evolution,2,convergent series,4
converse,2,conversely,2,conversion,6
convex,6,convex lens,2,convexity,2
convincing,2,convolution,4,cookie jar,2
cookies,2,cooking utensils,2,cool touch fabirc,2
coolant,2,cooling blanket,2,cooling mat,2
cooling rack,2,cooling racks,2,coolmax,2
coop,2,cooperation,2,coordinate,6
coordinate geometry,2,coordinated,6,coordinates,2
coordination,4,copd,2,copernicium,2
coplanar,4,coplanar orbit,2,copper,2
coppersmith,2,copse,2,coptic,2
coptis,2,coptis chinensis,2,copy,2
copy that,2,copying paper,2,cor anglais,2
coral,4,coral reef,2,corcery,2
cordic,4,cords,2,corduroy,2
cordyceps,2,cordyceps sinensis,2,core curriculum,2
corherent,4,coriander,2,coriander seeds,2
corn,8,corn oil,2,corn poppy,2
cornbread,2,cornerstones,1,cornflower,2
cornichons,2,cornmeal,2,corollary,4
corona,2,coronal,2,coronal hold,2
coronal hole,2,coronary,2,coronary artery disease,2
corp,2,corparation,2,corporal,2
corporation,2,corps,2,corpus,11
correct to,2,correction fluid,2,correction tape,2
correlation,2,correlations,4,corrent,2
correspondence,2,corrptions,2,corrputions,2
corruption,4,corticosteroid,2,cosecant,4
cosine,2,cosmetic,2,cosmetic case,2
cosmic,6,cosmic expansion,2,cosmic microwave background,2
cosmic microwave background radiation,2,cosmic ray,2,cosmic string,2
cosmological,2,cosmological constant,2,cosmological principle,2
cosplay,2,costume,2,cosy,14
cosy time,2,cotangent,4,cottage,8
cottage cheese,2,cotton,8,cotton blanket,2
cotton sheet,2,cotton swabs,2,couch,2
cougar,2,cough,2,cough syrup,2
council,6,counicl,2,counsel,4
counseling,2,counselor,4,counter air,2
counterpart,2,counters,2,countess,2
coupon,2,coupons,2,course,4
courthouse,2,couscous,4,coutch,2
coverage,4,covergent series,2,coverlet,2
covid,2,covid-19,2,coxae,2
cozy,17,cpc,2,crab,8
crab nebula,2,crabpots,2,crack,4
crack divisions,2,cracker,2,crackers,2
craftsman,1,cranberries,2,cranberry,2
cranberry juice,2,crane,2,cranked,2
cranky,2,crappie,2,crayfish,2
crayons,2,creak,2,creaking,2
creampie,3,creamply,1,creamy,2
creative slump,2,credit,6,credit union,2
creeper,2,creme brulee,2,cremini,2
cremini mushrooms,2,cremson,2,crepe,2
crepuscular,2,crew,6,crew dragon,2
crew socks,2,crewmat4e,2,crewmate,2
crib,2,cricket,4,crimson,6
cripsy,2,crisp,2,crispy,6
crispy rice,2,criteria,8,criterion,2
critical,2,critical phenomena,2,crocodiles,2
crooked,2,crooked teeth,2,crops,4
crossbite,2,crossbow,2,croton seed,2
crow,4,crowded,2,crowded teeth,4
crowdworker,2,crowdworkers,2,crown,2
crucial,17,crucio,2,cruise,6
cruise missile,2,cruiser,2,crust,2
crusty,2,crusty might be a little apt, through,2,crux,2
cryptocurrency,6,crystal methamphetamine,2,crystalline,2
cube,2,cubic equation,2,cuboid,4
cucumber,2,cucumbers,2,cue,2
culprit,2,cult,4,cultivate,2
cultivating,2,cum,1,cum laude,2
cumin,2,cumin seeds,2,cumulate,1
cumulative,6,cumulatvie,1,cumulonimbus,2
cumulus,2,cunnilingus,1,cunning,2
cuprum,2,cups,2,curated,4
curative,2,curator,2,curium,2
curl,4,currencies,2,current,2
current density,2,curricular,2,curriculum,4
curry,6,curry powder,2,curtain,4
curtains,2,curvature,7,curve,2
curve diagram,2,curves,2,custard,2
cuticle,2,cutlery,2,cutscene,4
cutting board,2,cutting-edge,2,cyber warfare,2
cyberloaf,6,cyberspace,4,cyclone,2
cyclotrimethylenetrinitramine,2,cycshadow,2,cygnus,6
cylinder,6,cymbals,4,cyprus,2
cyrillic,2,cyrillization,2,cysteine,2
czechs,2,daemon,2,daffodil,4
daigu,2,daikon,2,daily,2
daily value,2,dairy,4,dairy fats,2
dairy products,2,daisies,1,daisy,4
dame,2,damp,4,dance shoes,2
dance sneakers,2,dancers,2,dandelion,6
dander,2,dante alighieri,2,danube river,2
darjeeling,2,dark energy,2,dark matter,2
darkstar,2,darmstadtium,2,das,2
dashboard,2,dasima,2,dassault,2
dassault aviation,2,date,2,david hilbert,2
david patterson,2,dawn,2,dayquil,2
dazzling,2,ddr,2,dead sea,2
dealerships,2,deamon,2,dean,2
dean's list,2,dearth,4,death rate,2
deathly hallows,2,debate,2,debate club,2
debris,4,debris flow,2,decaf,2
decaf coffee,2,decaffeinated,2,decagon,2
decathlon,6,decay,2,december,4
decent,10,decentralization,4,decimal,4
decipt,2,decipting,2,declarative,2
declarative sentence,2,decomposed,2,decomposes,4
decomposition,16,decompostion,2,decongestant,2
decorated,4,decoration,2,decorative,6
decorative bowl,2,decorative shelf,2,decouple,2
dedicated,12,dedication,2,dedignation,4
deed,2,deep bite,2,deep fryer,2
deep uv,2,deepdream.py,2,deer antler,2
deer antler velvet,2,def,2,defect,2
defence,1,defence date,1,defense,2
defensive,2,deficiency,2,deflagration,2
defroster,2,defrosting,2,degradation,10
degree application,2,degree conferral,2,deics,4
deimos,2,deliberate,4,deliberately,2
delibertate,2,delicate,4,deliciosa,2
delightful,2,delphinium,4,delta,2
deltas,2,deluxe,2,demands,2
dementor,2,demo,2,democracies,4
democracy,6,democratic,2,democratic party,2
demodulator,2,demonize,2,demonstrate,7
demonstrated,8,demonstrates,2,demonstration,2
demostrate,1,dencent,4,deneb,2
deneb algedi,2,denim,2,dennis richie,2
dennis ritchie,2,denominator,16,denouement,2
denouemnet,2,dense,6,density,4
dental,4,dental floss,4,dental issues,2
dental issus,2,deodorant,2,departing in,2
department,2,department building,2,department store,2
depict,4,depicted,3,depicting,2
depiction,2,deplet,4,deplete,4
depleted,4,deposition,2,deprecated,2
depreciation,2,depression,6,derivable,2
derivate,4,derivativ,4,derivative,6
derive,2,derived,12,derived from,2
dermatitis,2,dermis,2,desent,4
desert,8,desirable,2,despite,4
dessert,4,dessert plate,2,destroyer,2
detect,4,detergent,2,determinant,2
deterministic,6,deterministric,2,determinstic,2
detonation,4,detonator,2,deviate,2
deviated,2,deviated septum,2,deviation,6
device,2,devil,2,devil's ivy,2
devise,2,dew,6,dew point,2
dewa,2,dexamethasone,2,dextrose,4
diabetes,4,diabetes medications,2,diacritics,2
diagnosis,2,diagnostic,4,diagon,2
diagon alley,2,diagonal,2,diagonal pilers,2
diagonal pliers,2,dialect,4,dialection,2
dialogue,8,diameter,2,diaphragm harmonica,2
diarrhea,2,diarrheal,2,diastema,2
dice,4,dichotomy,2,dick,2
dictation,4,dictum,4,diesel,4
diesel electric,2,diesel-electric,2,diet,6
diet cola,2,dietart,2,dietary,4
dietary fiber,2,differential,4,differential equation,2
differentiate,2,diffuser,2,diffuser sticks,2
diffusion,4,digestive,2,digestive system,2
dihydroartemisinin,2,dilapidated,2,dilatory,2
dilibrate,2,diligence,2,dim sum,4
dimension,4,dimensionality,1,dimensity,2
dimming,2,dining room,2,dinner plate,2
dio,4,dion,2,diophantus,2
dior,2,diorite,2,dioxide,2
dip pens,2,diphthong,4,diploma,2
diplomacy,4,diplomatic,4,dir,2
directive,2,directories,2,directory,2
disaggregated,4,disarray,2,disburse,2
disc,2,disc brakes,2,discard,6
discharge,2,disciplinary,2,discipline,4
disconect,2,discontent,2,discontinuity,2
discontinuous,2,discord,4,discorse,2
discount,2,discourse,6,discoverer,2
discreet,2,discrete,6,discriminant,2
discrimination,2,discriminative,2,discus,2
discus throw,2,disgust,2,dish,2
dish soap,2,dishes,2,disinfectant,4
disinfectant wipes,2,disinfector,2,disjoint,2
disjunction,4,dismissal,2,disney resort,2
disneyland,2,disobedience,4,disorder,2
dispatcher,2,dispatchers,2,dispenser,2
disperse,2,dispersion,2,displacement,4
displacement assessment,2,display cabinet,2,disproportionately,1
disprove,2,dispute,4,disruptive,2
diss,2,dissert,2,dissertatioin,2
dissertation,16,dissertator,2,dissolve,2
distant galaxy,2,distill,2,distillatino,2
distillation,14,distilled vinegar,2,distiller,6
distinct,6,distinction,2,distributed,4
disturb,2,diverage,2,diverge,6
diverged,1,divergence,30,divergent evolution,2
divergent series,2,diverging,2,diverse,12
diversity,6,dividend,2,divider,2
divider tabs,2,divine,6,diving board,2
divisor,2,diwali,2,dizi,2
dmitri mendeleev,4,dobok,2,doctorate,2
dodecagon,2,dodge,2,dog dander,2
dog hair,2,dojang,2,dojo,2
dolantin,2,dolores umbridge,2,domestic,8
dominance,2,dominant,4,donald trump,2
dong quai,2,doppler effect,2,doubanjiang,2
double basses,2,double boiler,2,doubts,4
doupon,2,doutch,2,dove,2
down,2,down comforter,2,down jacket,2
downpour,2,downside,2,downslope,2
downstream,4,downy,2,doxycycline,2
dpi,4,dracaena,2,draco,2
draconids,2,dracula,2,draft,1
draft beer,2,drag abuse,2,dragon,2
dragon boat festival,2,dragon li,2,drama,4
dramati,2,dramatic,2,dramatically,2
drastic,2,drastic increase,2,drastically,4
draught,2,drawing pads,2,dreamy,2
dress,2,dress rehearsal,2,dressing table,2
dried basil,2,dried fruit snacks,2,dried kelp,2
drill,2,drip,2,dripstone,2
drizzle,2,drones,6,dropout,2
droput,2,drought,2,drug abuse,2
drug mules,2,drug smuggler,2,drug trafficker,2
drum kit,4,drum set,2,drummer,2
drums,2,dry cough,2,dry eye,2
dry lightning,2,dry mouth,2,dry-erase,2
dry-erase markers,2,dryad,2,drywall,2
dual enrollment,2,dual entollment,2,duality,4
dubai,2,dubnium,2,duchess,2
duck,2,duct,2,duke,4
dulcimer,2,dumbbell,2,dumpling,2
dumplings,2,dunhill,2,dunk,2
dusk,2,dust mites,2,dust ruffle,2
dust storm,2,dustpan,2,dutch,8
dutch cheese,2,dutch oven,6,duvet,2
dwarf,2,dwellers,2,dye,2
dynamite,2,dyspepsia,4,dysprosium,2
eaa,2,earl,6,earl grey,2
earmuffs,2,earnest,2,earplugs,2
earth,2,earth science,2,earthenware,2
earthenware pot,2,earthling,2,earthworm,2
earthy,2,east asians,2,east capitol street,2
east china sea,2,easter,2,easter island,2
easterlies,2,easygoing,2,easygonging,2
easygoning,2,eccentricity,2,echo,2
eclipse,2,ecological balance,2,ecological footprint,2
ecological niche,2,ecology,2,economic sanctions,2
economics,2,ecosystem,2,ecstasy,2
ecwcs,2,eczema,6,edamame,2
eden,2,edge ruler,2,edible,2
edible birds,2,edics,4,edifice,2
edmund hillary,2,edsger dijkstra,2,educational stages,2
eel,2,eerie,2,eerir,2
effect,2,efficacy,4,efficiency,2
effortless,1,egg on my face,2,egg sac,2
eggplant,2,egoism,2,egotistic,2
egypt,2,eiffel tower,2,eigenvalue,4
eigenvector,2,einstein-rosen bridges,2,einsteinium,2
ejaculation,1,ejection,2,el nino,4
elaborate,2,eland,2,elastane,2
elastic,2,elbow,2,elderflower,2
election,4,electives,4,electric blanket,4
electric blinds,2,electric curtains,2,electric field,2
electric guitar,2,electric kettle,2,electric motor,2
electrix flux,2,electrodynamics,2,electrolyte,4
electromagnetic force,2,electromagneticseparator,1,electromagnetism,2
electron,4,elegant,2,elementary function,2
elevates,2,elf,2,elicit,4
elimate,3,eliminate,8,eliminates,3
eliminating,4,elimination,4,elite,2
elite force,2,elite troops,2,ellipse,4
ellipsiod,2,ellipsis,2,ellipsoid,2
elliptical,2,elliptical orbit,2,elliptical orbits,2
elon musk,2,elongated,4,elongation,2
els,2,emanation,2,emarged as,2
embraces,2,emedastine,2,emerald,4
emerge,2,emerge as,2,emerged,6
emergency medical center,2,emergent,4,emerging,10
emigration,2,emigration rate,2,eminent,4
emirates,2,emit,2,empathy,2
emphasis,2,emphasize,4,empire,4
empirical,7,emporium,2,emu,2
emulate,3,emulation,2,encapsulate,2
encapsulated,2,encapsulation,2,enceladus,2
enchanting,6,enchantment,2,enclose off,2
enclose ofo,2,enclosed,2,enclosure,2
encolsed,2,encompass,4,encore,2
encounter,6,encountered,6,encyclopaedia,2
encyclopedia,2,endangered,2,endive,2
endorphins,2,endoscopy,2,endurance,2
enduring,2,energetic,2,energon,8
enfolding,2,engaging,4,engine oil,2
english channel,2,english horn,2,english language arts,2
enhaced,4,enhanced,4,enhancement,4
enigmas,2,enin,4,enlighten,2
enlongated,2,enoki,2,enormous,4
enrico fermi,4,enrollment,4,ensemble,2
ensemble member,2,ensign,2,ensure,2
entail,4,entailment,6,entails,2
entails that,2,entanglement,2,enterprise,2
entertain,4,entertaining,4,entertainment,4
entertainment center,2,enthusiasm,2,entj,4
entropy,4,entropy increase principle,2,enumerating,5
envious,2,environmental science,2,envy,4
enzyme,2,eodas,4,eotas,2
eots,6,ephemeral,2,epicycloid,2
epidermis,2,epinephrine,2,epinephrine auto-injector,2
epiphany,2,episode,4,episodic,2
epistola,2,eplision,4,eplison,4
epoch,2,epoxy,2,epsilon,6
epsom salt,2,epson salt,2,equator,2
equatorial,2,equatorial counter,2,equatorial counter current,2
equestrian,2,equiangular,2,equicalence,2
equidistant,2,equilateral,4,equilateral triangle,4
equilibrium,4,equiprobable,2,equivalence,2
equivalents,8,equivocation,2,era,2
eradication,6,erbium,2,erhu,2
erin,4,ernest lawrence,2,erosion,2
error allowance,2,error tolerance,2,ershisi bridge,2
erwin schrodinger,2,erythromycin,4,escalates,2
escape velocity,4,escenter,2,escentre,2
escitalopram,2,escribed,2,escribed circle,2
esl,2,espresso,2,essence,4
essential,2,essential amino acids,2,essential nutrients,2
essential oil,2,establish,2,establishes,2
establishment,2,estimate,4,estimated,6
estimatin,4,estimatino,4,estimation,9
estimator,8,eta,2,eternal,4
ethanol,4,ethereal,6,ethical,2
ethical integrity,2,ethiopsite,2,ethnic,2
ethnic group,2,ethylene,2,etymology,6
euclid,2,europa,2,europe,2
europium,2,eustoma,2,euv,2
eva,2,evacuation,2,evaluation,4
evalution,2,evaporated,2,evaporated milk,2
evaported milk,2,evasion,2,eve,2
even,1,evenly,7,evenly spaced,2
eventual,2,ever-overlooked,4,everlasting,2
everoverlooked,4,everyday language,2,evicting,1
eviction,3,evidence,2,evolution,10
evolutionary,2,evolutionary algorithm,2,evolutionary ecology,2
ewe,2,examiee,2,examier,5
examine,2,examinee,5,examiner,7
excel,1,excel in,1,excelling,2
excels,2,excels in,4,excels in math,2
excenter,2,excentre,4,excess,2
excessive,6,excessively,2,exclamatory,2
exclamatory sentence,2,exclusion,2,exclusive,12
exclusively,8,execution ability,2,executive,4
exel,1,exhaust,2,exhaust system,2
exhaustive,2,exhibit,10,exhibition,4
exhibits,4,exosphere,4,expand,4
expanse,2,expansion,4,expansion anchor,2
expect,6,expectation,4,expecto,2
expecto patronum,2,expenses,2,explicit,4
explicit function,2,explicitly,2,exploit,15
exploiting,18,exploits,8,exploration,4
explosive,2,explosives,2,explot,4
expolit,2,exposed,2,expressiveness,2
expressway,2,extended,4,extensiion cords,2
extension cords,2,exterior,2,external,2
extraction,2,extracurricular,2,extracurricular activites,2
extraordinaire,4,extraordinary,4,extraordinate,4
extraversion,1,extravert,4,extraverted,4
extremum,2,exudes,2,eye drops,2
eyeblossom,2,eyebrow,2,eyebrow pencil,2
eyeful,4,eyelash curler,2,eyelashes,2
eyelid,4,eyelid primer,2,eyeliiner brush,2
eyeliner,2,eyeliner brush,2,eyeshadow brush,2
eyesore,2,f antibody,2,f basalt,2
f celerity,2,f decathlon,2,f democratic,2
f el nino,2,f legislation,2,f morphine,2
f pillow,2,f tended to,2,f trumpet,2
f weaker correlations,2,fabirc,4,fabric,9
fabric softener,2,face primer,2,facial cleanser,2
facial contouring,2,faciend,2,facilate,6
facilation,4,facilitate,18,facilitates,4
facilitating,6,facilites,2,facilities,6
factorial,2,factorization,6,faculty,2
faculty building,2,faculty builidng,2,fade,2
fahrenheit,2,failure,4,faint,2
fair enough,2,fairer,1,fairness,2
fairy,2,fake it,2,falcon,2
fallacy,2,false eyelashes,2,falsehood,2
faltered,2,falvor,2,familial,2
familial bond,2,fanciers,2,fang,1
fangs,2,fanny,2,fanny pack,2
fantasied,2,fap,2,fappable,2
farce,2,fare,2,farro,4
farther,2,fascism,4,fashion,4
fasteners,2,fate symphony,1,fateland,2
father,2,fatigue,2,fats,4
fatty,2,fatty acid,6,fatty acid salts,2
fatuous,2,faux leather,2,faux pas,2
fava,2,fbi,2,feasible region,2
february,4,federal,6,federalism,4
federate,2,federated,2,fedora,2
feefee,2,feeling,1,feet,2
feint,2,felis,2,fellow,2
fellowship,2,felt tip pens,2,feminine,4
feminism,2,feminist,2,femur,4
fencing,2,fennel,2,fennel seeds,2
fenugreek,2,ference,2,fermented,2
ferminine hygiene products,2,fermions,2,fermium,4
fern,4,ferrari,2,ferret,4
ferring,2,ferring to,2,ferrous gluconate,2
ferrum,4,fertility,4,fertilizer,4
fertilizers,2,fertillizer,2,feta,2
feta cheese,2,fetch,4,fettuccine,2
feud,2,fever,2,fever blister,2
fever flister,2,fexofenadine,2,ff spiked running shoes,2
fiasco,2,fiber,6,fiberfill,2
fiberglass,2,fibonacci,2,fiction,2
fiddle,2,field hockey,2,field trip,2
fierce,2,fig jam,2,figerprints,2
fighter aircraft,2,figs,2,filament,2
file cabinet,2,file carbinet,2,filet,2
filet mignon,2,film studies,2,filtered water,2
final exam,2,financial,2,fine,2
fine granularity,2,fine sea salt,2,fine-frained,4
fine-grained,4,fine-grained granularity,2,fine-granular,2
finger tip,2,fingernail,2,fingerprints,2
finland,4,finno-ugri,2,finno-ugric,2
finns,2,fins,2,fire cake,2
fire quartz,2,fire rainbow,2,fire whirl,2
firearms,2,firecake,2,firefang,1
firmament,2,first cosmic velocity,2,first violins,2
first-degree burn,2,fish sauce,2,fish tank,2
fishrod,2,fitness center,2,fitted sheet,2
five-spice powder,2,flabbergasted,4,flake,2
flake salt,2,flaker,2,flaming,2
flammable,2,flank,2,flanker,4
flanks,2,flannel,4,flannel sheet,2
flannelette,2,flare,2,flash drought,2
flash flood,2,flass,2,flatbread,7
flathead screwdriver,2,flattened,2,flattented,2
flaunt,2,flavonoids,2,flavor,2
flavored,2,flavour,2,flavouring,2
flaxseed oil,2,flaxseeds,2,flea,2
fleece,2,fleet,2,fleeting,2
flerovium,2,flexible rulers,2,flint,2
flip,2,flippers,2,flirt,2
floatation,2,floate,2,flok,2
flood,2,floral,4,florence,2
flotation,2,flounder,2,flour,2
flourish,2,flout,2,flower pepper,2
flowerpot,2,flu,2,fluctuate,2
fluffy,6,fluid,2,fluoride,2
fluorine,2,fluoroquinolone,2,fluoxetine,2
fluoxetinie,2,flutes,2,flux,2
fly off,4,fly tower,2,flyco,2
foam,2,fog,2,fog bow,2
fog lights,2,foie,2,foie gras,2
folate,4,folders,2,folic acid,2
folk,2,folks,2,follicle,2
follow,6,fomalhaut,2,food allergens,2
food chain,2,food web,2,football and soccer,4
footboard,2,footless,2,footless leggings,2
footprint,2,footstool,4,footwear,2
for the sake of,4,forage,4,foraging,10
foraging behavior,2,forbear,2,forbidden city,2
forearm,2,forecast,2,foreign languages,2
foreword,2,forget-me-not,2,forgiveness,2
forgo,2,fork,4,forklift,2
forks,2,formal language,2,formaldehyde,4
formatice,2,formatino,2,formation,2
formative,2,formidable,5,formulation,3
forsythia,2,forward,2,fossil,4
foundation,2,foundational education,2,founder,2
fountain,2,fountain pens,2,four fundamental forces,2
fraction,2,fracture,2,fragile,1
fragment,4,fragmentation,4,fragmentation grenade,2
fragments,2,fragrance,6,fragrance system,2
fragrances,2,francis crick,2,francium,2
fraternity,2,freackles,2,freash,2
freckles,4,free lunch,1,freeing up,2
freestanding,4,freestyle,4,freestyle swimming,2
fregean,2,fremented,2,french freis,2
french fries,2,french horns,2,french press,2
fresh ginger,2,fresh lemongrass,2,fresh produce,2
fresheners,2,fricative,2,friction,6
friday,4,fried rice crust,2,friedrich nietzsche,2
fries,2,frigate,2,fringe,2
frisk,2,frog,2,from scratch,2
frontal,2,frost,4,frostbite,2
frsa,4,fructose,2,frugality,2
fruit fly,2,fruit leather,2,fruity,2
frunk,2,frustrating,2,fryer,2
frying,2,frying pan,4,ft,2
fulcrum,2,fulfill,4,fulfillment,4
fundamental theorem of algebra,2,fundamental theorem of calculus,2,funeral,2
fungal,2,fungi,2,fungus,4
fur,4,fur coat,2,furniture,2
furniture outlet,2,furniture store,2,further,2
furthermore,4,fuse,6,fuselage,2
futuristic,2,fuze,2,gacha,2
gadgets,2,gadolinium,2,gaily,2
galangal,2,galaxy,2,gale,2
galileo galilei,2,gall,2,gall bladder,2
gallbladder,2,gallium,2,gals,2
gambol,2,game meat,2,gamma,2
gamma ray,2,gamma ray burst,2,gamma-ray burst,2
gan,4,gangs,2,ganymede,2
garlic,2,garlic powder,2,garlic press,2
garten,2,gasoline,2,gastral,2
gastritis,2,gastroenteritis,2,gastrointestinal,2
gastrointestinal medications,2,gatifloxacin,2,gatorade,2
gauged,2,gaussian,4,gaze,2
gazelle,2,gear oil,2,gecko,4
gel,4,gel pens,2,gel pillow,2
gem,2,gemini,4,geminids,4
gender-specific,2,geneous,2,general,2
general relativity,2,generalized,4,generous,4
genetic,2,genetic algorithms,2,geng,2
genitals,3,gentamicin,2,gentry,2
geode,6,geographical,2,geographical terms,2
geography,2,geologist,2,geomagnetic,2
geomagnetic field,2,geometric mean,2,geometric sequence,2
geometry,2,geopolitics,2,georgians,2
geostationary,2,geostationary orbit,4,geosynchronous orbit,2
geranium,2,gerd,2,german cockroach,2
germanic,2,germanic peoples,2,germanium,2
gerry,4,gerrymandering,4,gestapo,4
gestation,2,get attached to,2,geup,2
ghee,2,ghoul,2,gibe,2
gigantic,2,giggity,2,gilded,2
gilderoy lockhard,2,gilderoy lockhart,2,gill,2
gills,2,gin,2,ginger,6
gingivitis,4,gingivits,2,ginseng,4
giorgio,2,giraffe,2,girlfriend,2
gitty,2,givenchy,2,glacier,12
glacier melting,2,glacier retreat,2,glaciers,2
glade,4,glance,2,glasgow,2
glass,4,glasses,2,glaucoma,2
glide,2,glide vehicle,2,glimmer,2
glipizide,2,glistening,2,glitches,2
glitter,2,gloaming,2,global optimum,2
global optium,2,global warming,4,globemaster,2
globular,2,globular cluster,2,glock,6
glorify,2,glory,6,gloss,4
glossy,2,glossy lipstick,2,glove box,2
gloves,4,gluconate,2,glucose,4
glue gun,2,glue stick,2,glutamate,2
glutamic acid,2,glutamine,2,gluten,4
gluteus,2,glutinous,2,glycine,2
gmat,4,gnome,4,go figure out,2
goal posts,2,gobi,2,goblet,2
goblin,2,goblins,2,gochujang,2
godness,2,godzilla,2,goggles,6
goji,2,goji berry,4,gold,2
gold ingot,2,gold nugget,2,golden snitch,2
goldfish,2,golf course,2,gone,2
gong,2,gongs,2,goodness,2
google,2,goose,4,goose bumps,2
gordon moore,2,gorgeous,6,gorilla,4
gorvement,4,gossamer,2,gossil,2
gossip,2,gothic,2,gottfried wilhelm leibniz,2
goubts,4,gourd,2,gourd flute,2
goverment,4,government,4,governor,6
govt,2,gown,2,gozila,2
gpa,2,gpt,2,gpu,2
grace hopper,2,graceful,2,gracefully,2
grad,2,grade level,2,grades,2
gradient,6,gradient descent,2,gradients,1
grading system,2,gradually,4,graduation,2
graduation thesis,2,graham,2,graham crackers,2
grains,2,grande,2,grandmas,2
granite,2,granny,2,granola,2
grant,2,granted,2,granularity,20
granulate,2,granulated,2,granulated sugar,2
grape,4,grape juice,2,grapefruit,2
grapeseed,2,grapessed,2,grass,6
grass nutmeg,2,grasshopper,6,grassroots,4
grater,2,gratitude,2,gravitation,2
gravitational,2,gravitational constant,2,gravitational force,2
gravitational lensing,2,gravitational wave,2,gravity assist,2
grb,2,gre,2,great barrier reef,2
great lakes,2,gredient,2,gredients,2
gree onions,2,greece,2,greek,3
greek alphabet,2,greek life,2,greek myth,1
green algae,2,green algee,2,green bean paste,2
green beans,2,green flash,2,green onions,2
green party,2,green room,2,green tea,2
greenfield,2,greenhouse effect,4,greeted,2
greetings,2,gregor mendel,2,grenade,4
grenades fragments,2,gress,2,grey,2
grief,2,griffin,2,grill,4
grill pan,2,grilled,2,grills,2
grinder,2,gringotts,2,grip,2
groats,2,grocery,2,grocery store,4
groin,2,gross,4,grossglockner,4
grotto,2,ground,2,ground black pepper,2
ground cinnamon,2,ground coffee,2,ground cumin,2
ground ginger,2,ground support,2,ground white pepper,2
ground-level,2,groundbreaking,2,groundhog,2
groundwater,2,grove,4,gruel,4
gryffindor,2,gu,2,gu zheng,2
guacamole,2,guanjun,2,guarante,2
guaranteed,2,guaranteeing,2,guarantees,2
guaranting,4,guggity,2,guided missile,2
guild,2,guilt,2,guinea pig,2
guitar,2,guitarist,2,gulf,4
gull,2,gullet,2,gum,4
gum issues,2,gum recession,2,gunslinger,2
gunther,2,guoba,2,guotie,2
guqin,2,gursky,4,gut,2
guts,2,gutted,2,guyana,2
gym,2,gymnasium,2,gymnastics,2
gypsophila,3,gyrfalcon,6,gyudon,2
h. pylori,2,habitable,2,habitable zone,2
habitat,2,haboob,2,hafnium,2
hags,2,hail,2,hair conditioner,2
hair follicle,2,hair gel,2,hair shampoo,2
hair spray,2,hairline fracture,2,half angle formula,2
half-and-half,2,halibut,2,halides,2
halitosis,2,halley's comet,2,halloween,2
hallows,2,halo,2,halve,2
halves,2,ham,4,hamal,2
hammer,4,hammer throw,2,hammock,2
hammurabi,2,hamster,2,hand grenade,2
hand saw,2,hand tools,2,hand towels,2
handful,4,handle,4,handover,2
hangers,2,hanukkah,2,haoran,2
happen to be,2,happy,2,happy valley,2
happy vally,2,haram,2,hardness,4
hardwood,2,hardwood flooring,2,hare,2
harissa,2,harman kardon,2,harmless,2
harmlessness,2,harmonic,4,harmonic law,2
harmonic mean,2,harmonic motion,2,harmonic oscillator,2
harmonic progression,2,harmonic series,2,harmonica,2
harnessing,4,harp,2,harry potter,6
harvard style grading,2,harvest,2,harvey,4
hashins,2,hashish,2,hassium,2
hastiii,6,hat,2,hat stand,2
haul,2,hav,2,have emerged as,4
hawaii,2,hay,2,haze,2
hazelnut,2,hazelnuts,4,hbm,2
hbv,2,hcv,2,headache,2
headboard,2,headgear,2,headlights,2
headliner,2,headquartered,2,heal,2
healthcare,2,heart failure,2,heartburn,2
heat island effect,2,heat up,2,heat wave,2
heated windshield,2,heating blanket,2,heavenly,2
heavy cream,2,hebal medicines,2,hedge,2
hedgehog,2,heel,4,heels,2
hegemony,2,heisenberg uncertainty principle,2,helicobacter pylori,2
helicopter,2,heliopause,2,heliosphere,2
heliotrope,6,helium,2,helix,2
hello,43,hello world,9,hello~,2
hells,2,helm,2,helmet,2
helpfulness,2,helthcare,2,hemas,1
hemisphere,2,hemp,4,hen,2
hendrik lorentz,2,henri poincare,2,henry cavendish,2
hens,2,hepatitis,2,heptagon,2
herb,4,herbal,4,herbal infusions,2
herbal tea,2,herbal tes,2,herbology,2
herbs,4,hercules,6,hermes,1
hermione,2,hermione granger,4,heroin,2
herpailurus,2,herrenrasse,2,herring,6
herring gull,2,hershey,2,hesitation,2
heterogeneous,8,heterosexual,3,hexadecimal,2
hexagon,6,hexogen,2,hezbollah,2
hi,4,hichiriki,2,hid,2
hieroglyphs,4,high heels,2,high jump,2
high moral,2,high school,2,high-explosive grenades,2
higher mathematics,2,highlighter,2,highlighters,2
highway patrol office,2,hill myna,2,himalayan,2
himalayas,2,himars,2,hinder,2
hint,2,hip,2,hip-hop,2
hippocrates,2,hippogriff,2,histamine,4
histidine,2,histogram,4,historic,4
hit-and-run,2,hiv,2,hives,2
hnd,2,hockey stick,2,hoe,2
hogsmeade,2,hogsmedae,2,hogwarts,6
hohmann transfer orbit,4,hoi polloi,2,hoisin,2
hoisin sauce,2,hole punch,2,holiday,2
holistic,2,holmium,2,holographic,2
holy,2,holy shit,2,homer,2
homeroom teacher,2,homochronous,4,homogeneous,2
homologous,1,homunculus,2,honey,4
honeysuckle,2,honor classes,4,honor roll,2
honorificabilitudinitatibus,2,honors program,2,hoodie,2
hooks,2,hop,2,hopfield,4
hopping,2,hops,2,horace slughorn,2
horn,4,hornet,2,horns,2
horny,4,horsehead fiddle,2,horseradish,2
hospatility,4,hostile,2,hot pants,2
hot peppers,2,hot sauce,2,hotel,2
hounding,2,house fly,2,house-elf,2
household,4,household items,2,houseradish,2
howard florey,2,howitzer,2,hpcg,4
hs2,2,hsue-shen,4,hsue-shen tsien,6
hsueshen,2,hufflepuff,2,hukou,2
hull,2,hulled,2,hulusi,2
human immunodeficiency virus,2,human rights,4,humanities,2
humble,2,humbug,2,humidity,2
humiliate,2,humility,2,hummingbird,2
hummus,2,humorous,2,humza,2
hungarians,2,hunter,4,hurricane,2
hustle,2,hvaa,2,hyacinth,2
hyaluronate,2,hydra,2,hydragea,2
hydrangea,2,hydrangeas,1,hydraulic,2
hydraulics,2,hydrochloric,2,hydrochloric acid,2
hydrochloride,4,hydrocortisone,2,hydrofluoric,2
hydrofluoric acid,2,hydrogen,4,hydrogen cloud,2
hydrogen peroxide,2,hydrologic,2,hydrologic cycle,2
hydrosphere,2,hydroxide,2,hydroxides,2
hyerthyroidism,2,hyf,4,hyft,4
hygiene,4,hygienic,2,hygrometer,2
hyoshigi,2,hyperbola,8,hypersonic,4
hyperspectral,4,hypertension,4,hyperthyroidism,2
hypervisor,2,hypnotic,2,hypoallergenic,2
hypochlorite,2,hypocycloid,2,hyposis,2
hypotension,4,hypotenuse,2,hypothesis,18
hypothetical,4,hypothyroidism,2,hypsm,2
hytf,4,i cant match those prices,2,i.e.,4
iberico,2,iberico ham,2,ibs,2
ibuprofen,8,icarus,1,ice desert,2
ice sheet,2,ice storm,2,iceberg,2
iced tea,2,iceland,4,iconic,4
iconoclast,2,ideal,4,identical,10
identically,6,identicaly,6,identify,2
identity,4,identity law,2,ideology,2
idiosyncracy,2,idiosyncrasy,2,iee,4
ieee,4,ielts,6,iep,2
ifv,2,igniter,2,ignorance,2
iinsulting,2,illicit,4,illinois,2
illuminate,2,illuminated,4,illuminating,4
illusiion,2,illusion,10,illustion,2
illustration,9,imagery,4,imaginary number,4
imho,2,imitation,6,immanuel kant,2
immature,2,immeasurable,2,immense,2
immersive,2,immigrant,2,immigration,2
immigraton rate,2,imminent,4,immune,2
immunoglobulin,2,impact,2,impact driver,2
impacted,2,impacted wisdom tooth,2,impactful,4
impaling,2,impeach,4,impeachment,4
imperative,2,imperative sentence,2,imperceptible,2
imperial,8,imperialism,8,imperio,2
imperious,8,imperviouos,4,impervious,4
impetuous,2,implication,8,implications,4
implicit,6,implicitly,4,implies,2
imply,2,impossible,1,imposter,2
impression,2,impreza,1,improvisation,2
impulse,2,impulsive,2,in conjuction with,4
in dire need of,2,in practice,4,in presence of,2
in pursuit of,2,in spirit with,4,in terms of,4
in the context of,1,in the pond of,2,in the realm of,10
in this context,1,in turn,4,in-syn,2
in-sync,4,inability,2,inaccessable,4
inaccuracies,2,inadequate,2,inc.,2
incandescent,2,incarnation,2,incenter,2
incentive,2,incentre,4,inception,6
inception network,4,incessantly,2,incident,2
incircle,2,incisive,5,incite,2
inclination,4,incline,2,incline curl,2
inclusino,2,inclusinon,2,inclusion,4
inclusion policies,2,inclusive,10,incomplete,2
inconsistent,2,incorporated,2,incorporates,2
incremental,2,incumbent,4,incur,8
incure,4,incurs,6,indenpendent,4
indentation,2,indentical,4,independence day,2
independent,4,independent suspension,2,index,2
index finger,2,index toe,2,indian,4
indian ocean,2,indicate,2,indicated,2
indicating,2,indicator,2,indicator lights,2
indices,2,indicum,2,indigenous,2
indigestion,2,indispensable,2,indium,2
individual,7,individual soldier,2,individual threads,2
individualized,2,indo-europeans,2,indonesia,2
induce,2,inductive,2,industriousness,2
ineffable,2,ineffably,2,inefficacy,2
inelastic,2,inequalities,2,inertia,4
infantry,4,infeasible,8,infectant,2
infection,2,infectivity,2,infector,2
infer,4,inference,2,inferential,4
inferior,2,inferiority,4,inferiority complex,2
inferno,2,infinite,2,infinitesimal,2
infiniti,2,infinitive,2,infinitive phrarse,2
infinitive phrase,2,infinity,2,inflammations,2
inflammatory,2,inflatable,2,inflatable ring,2
inflection,4,inflexion,2,influence,4
influential,2,influenza,2,informal language,2
infotainment,2,infra,4,infrared,6
infrared camera,2,infrastructure,10,infrastruture,2
infringements,2,infusion,2,ingot,2
ingredients,4,inhaling,2,inherent,2
inherently,4,inheritance,4,inherited,4
inhibitor,2,inigredients,2,injection,2
injective,2,ink bottles,2,ink cartridges,2
inn,2,innermost,2,innerspring,2
innocuousness,2,innumerable,2,inorganic,4
inorganic acid,2,inorganic compounds,2,inquisitive,2
inquistive,2,insane,2,inscribed,2
inscribed circle,2,insect,2,insection,2
insects,2,inseption,2,insfinity,2
insoluble,2,insomnia,2,inspiration,1
inspire,1,instability,2,instant,2
instant coffee,2,instant kill,2,instant noodles,2
instant pot,2,instantaneous,4,instep,2
instincts,4,institution,2,institutional,6
instructors,2,instrument,2,instrument panel,2
insufficient,2,insulator,4,insulin,6
insult,2,insultingly,2,insure,4
intefere,2,integrable,2,integral,8
integrity,8,intel,2,intellect,3
intellection,1,intelligence,2,intensified,2
intensities,4,intensive,6,interaction,4
intercept,4,interceptor,2,intercontinental,2
intercourse,2,interdependencies,2,interdisciplinary,2
interior,8,interjection,2,interleaved,2
interleaving,4,interlude,2,intermediary,2
intermediate,4,intermission,2,international workers' day,2
interoperability,2,interplanetary escape velocity,2,interplanetary medium,2
interplay,2,interposer,2,interpreat,2
interpret,4,interpreted,2,interprt,2
interrogative,2,interrogative sentence,2,intersection,8
interstellar medium,2,intervention,2,intervert,4
interverted,4,intestinal,2,intestine,2
intestines,2,intp,4,intractable,4
intrinsic,4,intrinsics,2,introversion,1
introvert,4,introverted,1,intuition,7
intuitive,4,intuitively,1,inuyasha,2
invade,2,invaded,2,invalidate,2
invariance,2,invariant,6,invasion,4
inventre,2,inverse,5,inversely,2
inversino,4,inversion,4,inverstigate,4
inverstors,2,inverted sentence,2,invertible,2
investigate,6,investigation,4,investment,6
investors,2,invisibility cloak,2,involve,2
involvement,2,involves,2,io,2
iodine,6,iodine solution,2,ionosphere,4
ipa,2,ir,2,ir sensor,2
irak,2,iridescent,2,iridium,2
iris,8,irish,2,iron,2
iron board,2,iron chloride,2,iron man,2
iron oxide,2,iron supplement,2,ironic,2
ironies,2,ironing board,2,ironization,2
irony,2,irrational number,2,irregularly,4
irrelavent,2,irrelevant,6,irrelevent,2
irrevocabe,2,irrevocable,2,irrevocably,2
irritable,2,irs,2,island,2
isobar,2,isoheight,2,isohyet,2
isolates,2,isoleucine,2,isoline,2
isomorphism,2,isopropanol,2,isosceles,2
isosceles triangle,4,isotherm,2,isotopes,2
israel,2,issac newton,2,istanbul,2
it departments,2,italians,2,iternal,2
ivy,2,iwb,2,j january,4
j-11,2,j.k.rowling,2,j11,2
jack kilby,2,jade,2,jagged,2
jagged peaks,2,jaguar,2,jam,4
jamborite,2,james clerk maxwell,2,james gosling,2
james watson,2,jammers,2,jane austen,2
january,4,japanese black cattle,2,japes,2
jar opener,2,jargon,2,jasmine,6
jasmine rice,2,javelin,4,javelin throw,2
jaw,2,jaw harp,2,jax,2
jay,2,jay smoke,2,jazz,2
jealousy,2,jeans,2,jedy,2
jelly,2,jen-hsun huang,2,jensen,2
jeon,2,jerky,2,jerusalem,2
jet,2,jet fuel,2,jet propulsion,2
jet stream,2,jetliner,2,jewels,4
jewish,2,jews,2,jiagu,2
jiaozi,2,jibe,2,jigsaw,2
jinghu,2,jiuzhaigou valley,2,joan of arc,4
joe biden,2,johannes kepler,2,john hennessy,2
john von neumann,4,joint,2,joint ventures,2
joke shop,2,jones,2,journalism,2
journals,2,joyous,2,jubatus,2
judging,1,judiciary,4,judo,2
judogi,2,jug,2,jujbe,2
jujube,2,julius caesar,2,july,4
june,4,junior high school,2,juniper,4
jupiter,2,juris,2,jux,2
juxtaposition,4,jvm,2,kabele,2
kabely,2,kabyle,2,kaggle,2
kaiserreich,2,kal marx,2,kalashnikov,2
kale,8,kanamycin,2,kappa,4
karaok,2,karaoke,2,karl marx,2
karman line,2,kaus australis,2,kayak,2
kayaking,2,kefir,2,kelp,2
kepler,2,kepler's laws of planetary motion,2,kernel,2
kernel-based virtual machines,2,kernle,2,ketamine,2
kettle,4,kettle cooked,2,keyboardist,2
keyless entry,2,ki would like to watch transformers ii,1,kick off,2
kickboard,2,kidey,2,kidneies,2
kidney,6,kidney stones,2,kidneys,4
kill,2,kimchi,2,kimichi,2
kinder,2,kindergarten,2,kindey,4
kinematics,2,kinetic,2,king crab,2
kingfisher,2,kitchen tools,2,kiwi,2
klein,2,km/s,2,knee joint,2
knee-high boots,2,knee-high socks,2,knife,2
knit,4,knit fabirc,2,knit sweater,2
knives,2,knockturn alley,2,knuckle,2
kobe,2,kobe beef,2,koenker,4
koi,2,kokyu,2,kolmogorov,1
kolon,4,kombucha,2,kopi luwak,2
kosher salt,2,kotel,4,koto,2
kouqin,2,kremlin,4,krispies,2
krypton,2,kuiper belt,2,kukri,2
kungfu,2,kurtosis,2,kvm,2
kyokpa,2,kyoto,2,la nina,2
laba festival,2,label makers,2,labor,2
labor day,2,labour party,2,lace,2
laceration,2,lactose,4,lactose-free,2
ladder,2,ladybird,2,ladybug,2
lager,2,lagrange,2,laid out,2
lamb,5,lambda,2,lamborghini,2
lamborgni,2,lamborgnini,2,lamda,2
lame,2,laminae,2,laminate,2
laminate flooring,2,lamp,2,lance,4
lancend,2,lancent,2,lancet,2
lancome,2,land mine,2,land rover,2
land use,2,land warfare,2,land warfare equipment,2
landmark,4,landmine,2,landscape,5
landslide,2,lane keeping assist,2,languid,2
lantern,2,lantern festival,2,lanthanides,2
lanthanum,2,laotiao,2,laozi,2
laplace,2,large intestine,2,larynx,2
lasagna,2,lasana,2,laser-run,2
lassi,4,latent,2,latent root,2
lateral,4,latern festival,2,latex,2
latex pillow,2,latin,2,latins,2
latitude,4,latte,2,latter,2
latticework,2,latus,2,latus rectum,2
latvians,2,laughing gas,2,laundry,2
laundry detergent,2,laurel,2,laurel leaves,2
lavender,6,lavender jam,2,laver,2
law of acceleration,2,law of inertia,2,law of universal gravitation,2
lawn,2,lawn bags,2,lawrencium,2
lawsuit,2,laxative,2,layman,2
lazer,2,leach,2,lead,2
lead iodide,2,lead vocalist,2,leaf bags,2
leah,2,leak,2,leaky,2
leap to,2,leashing,4,leather seats,2
lecithin,2,lecture,2,led,2
leech,4,leek,2,leeks,2
legacy,8,legendary,2,leggings,2
legislatino,4,legislation,6,legit,2
legumes,2,lehigh,4,leica,2
leika,2,leisure,2,lemma,2
lemon balm,2,lemon juice,2,lemongrass,2
lemons,2,lens,2,lensing,2
lenticular,2,lenticular cloud,2,lentils,2
leo,6,leo tolstoy,2,leonardo da vinci,2
leonhard euler,2,leonids,2,leopard,4
leprechaun,2,leprechauns,2,lesson plan,2
lethality,2,lettuce,2,leucine,2
leverage,3,leveraged,2,levofloxacin,6
lexical,8,lexus,2,lgbt,2
lgbt+,2,lgbtq,2,lhs,2
liberal arts,2,liberal democrats,2,libra,2
lice,2,lidocaine,2,lieutenant,6
life jacket,2,life ring,2,lifebuoy,2
lifesaver,2,liftgate,2,ligament,2
ligatures,2,light bulbs,2,light cream,2
light pillar,2,lighthearted,2,lighthouse,2
lighting rod,2,lignin,2,likelihood,1
lilac,2,lily,3,lily bulb,2
limbs,2,limes,2,limpid,2
lincoln,2,linear algebra,2,linear equation,2
linen,4,linen sheet,2,linens,2
linger,2,lingual,2,linguistics,8
linpacck,4,linus,2,lip balm,2
lip gloss,2,lip tint,2,lipstick,2
liquefied,2,liquefied natural gas,2,liquefied petroleum gas,2
liquid,2,liquid foundation,2,liquor,6
liquorice,2,lisianthus,2,lisinopril,2
lite,1,literature,4,lithium,2
lithium-ion,2,lithospher,2,lithosphere,2
lithuanians,2,little finger,2,littoral,2
liuqin,2,livelock,2,liver,4
liver disease,2,livermorium,2,livestock,4
living room,2,lizard,4,loach,2
loadout,2,loaf,6,loaf pan,2
loaves,2,lobby,4,lobster,4
local optimum,2,loci,4,lockheed martin,2
locus,2,locust,2,logarithm,2
logcat,2,loges,2,logistic,2
logistics,6,logograms,2,lomefloxacin,2
lone,2,lone wolf,2,long distance running,2
long jump,2,long nose pliers,2,longitude,4
longue,2,lookers,2,looks into it,2
loopy,2,loose,4,loose powder,2
loral,4,loratadine,4,lord voldemort,2
loreal,4,lorentz transformation,2,lost their torch,2
lost their touch,2,lota,2,lotter,1
lottery,1,lottery ticket,1,lotus,2
louis pasteur,2,lounge,6,lounge chair,4
louse,2,louvre museum,2,lovely,4
loveseat,2,low earth orbit,2,lower belly,2
lower lip,2,lower midrange,2,lowerwear,2
loyal,6,loyalty,2,lozenges,4
lsd,2,lstm,1,lu wafers,2
lucky bamboo,2,ludwig,1,ludwig boltzmann,2
ludwig van beethoven,3,lue,2,luft,4
luftwaffe,4,lugubrious,2,lugubriousness,2
luke,2,lukewarm,2,luminary,6
luminary tree,2,luminescence,2,luminous,2
luminous pearl,2,lumos,2,lumos maxima,2
lunar eclipse,2,lunar orbit,2,lunar transfer orbit,2
lung,2,lungs,2,luo,2
lupin,4,lush,4,lute,2
lutein,2,lutetium,2,luxury,2
lychees,2,lycoris radiata,2,lycra,2
lynx,2,lyocell,2,lyra,4
lysine,2,lyu,2,m78 nebula,2
maackii,2,maar,2,macadamia,2
macadamia nuts,4,macadamias,2,macaron,2
macaroons,2,macaw,2,mace,2
machine screws,2,mackerel,4,mackler,4
macovsky,2,macrobiology,2,macronutrient,2
macronutrients,4,made off,2,magazine,2
magenta,4,magna cum laude,2,magnesium,4
magnesium chloride,2,magnesium sulfate,2,magnesium supplement,2
magnetic field,2,magnetic flux,4,magnetic reconnection,2
magnetopause,2,magnetosphere,2,magnetospheric,4
magnetotail,2,magnitude,2,magpie,2
mahatma gandhi,2,mahjong,4,main group elements,2
main sequence star,2,main sequence start,2,mainm,2
maintenance,4,maintenance crew,2,maitake,2
maize,4,majestic,4,major,2
makeup,2,makeup bag,2,makeup remover,2
makup bag,2,malacca strait,2,malachinte,2
malachite,2,malagao,2,malaria,4
maldon,2,malformation,2,mallard,2
malocclusion,2,malt,6,malt beverage,2
maltose,2,mammatus,2,mammatus cloud,2
man-made fiber,2,mandarin,6,mandarin chinese,2
mandarin duck,2,mandatory,4,mandering,4
mandolin,2,maneuver,4,manganese,4
manganese dioxide,2,mango,2,mangoes,4
mangrove,2,manipulate,2,manipulation,2
manover,2,mantou,2,manuver,2
mao zedong,2,maple syrup,2,marauder,2
march,12,marchioness,2,marginal,4
marginally,4,marguerite perey,2,marie curie,4
marigold,2,marijuana,2,marimba,2
marine,2,marine corps,2,mark zuckerberg,2
marnie,2,marquess,4,marquis,2
marquise,2,mars,2,martin luther king jr,2
martini,2,mascara,2,masculine,2
mashed,2,mashed potatoes,2,masher,2
masjid,2,masking tape,2,mass,2
mass-energy equivalence,2,massachusetts,4,massage,2
matcha,4,material,2,materialization,2
mathematics,4,mating behavior,2,matouqin,2
mats,2,matsutake,6,matte,2
matte lipstick,2,mattress,4,mattress pad,2
mattress topper,2,mature,2,maw,2
max planck,2,maxima,4,maxwell's equations,2
may,14,mayer,2,mayonnaise,2
mayt,4,mazda,2,mbti,5
mdma,4,meadow,4,meal,2
meal moth,2,measuring cups,2,measuring spoons,2
measuring tape,2,meat counter,2,mecca,2
mechanical,2,mechanical pencils,2,mechanics,3
mechanicus,4,mecilum,2,med,2
medal,4,medbay,2,medding,2
meddle,2,medical corps,2,medical evacuation,2
medication,2,medicine,2,mediterranea,2
mediterranean,2,mediterranean sea,2,medius,2
meitnerium,2,melancholic,2,melancholy,2
melanin,2,melanosporum,2,mellifluous,2
mellifluousness,2,mellon,2,melody,6
melon slice,2,memorial,2,memorial day,2
memory foam pillow,2,memory footprint,2,mendelevium,2
meniscus,2,menstruation,2,mensuration,2
mercedes-benz,2,mercury,6,mercury chloride,2
mercury choloride,2,mercury sulfide,2,merger talks,2
merit,2,merpeople,2,merry,2
mesocyclone,2,mesosphere,2,message,2
metadata,2,metal,4,metal braces,2
metamucil,2,metaphor,2,meteor,2
meteor shower,2,meteor showers,2,meteoroids,2
meteorological,2,meteors,2,meter,2
metformin,2,methamphetamine,4,methamphetamine hydrochloride,2
methane,2,methanol,4,methionine,2
methionyl,2,methylcytosine,2,metre,2
metronidazole,4,michael faraday,2,michelangelo buonarroti,2
michelin,2,microclimate,2,micrometer,2
micronutrient,2,micronutrients,4,microwave-safe containers,2
mid-autumn festival,2,mid-calf,2,mid-calf boots,2
middle easterners,2,middle finger,2,middle school,2
middle toe,2,midrange,2,midterm exam,2
might,2,mighty dragon,2,mignon,2
migraine,6,migrate,2,migration,2
migratory,2,mikhail kalashnikov,2,milestone,1
militants,2,military,2,military polic,2
military police,2,milkshake,2,milky way,2
mill,2,milled,2,millenniums,2
millet,2,millipede,2,mime,2
mimic,1,mimosa,2,mincraft,2
mind blowing,2,mindset,2,mine,2
minecraft,2,mineral,4,mineral water,2
minerals,2,minerva mcgonagall,2,minerva mcgonagll,2
mingled,2,mingled with,2,mingw64,4
mini shorts,2,minima,2,minister,2
mink,2,mink coat,2,mintaka,2
minuend,4,miotics,2,mirage,6
miso,2,misogynist,2,mississippi river,2
mist,4,mistletoe,2,mit,2
mites,4,mitigate,3,mitigated,2
mitigating,6,mitigation,4,mitsubishi,4
mittens,2,mixing bowls,2,mixture,4
mizuno,2,mlp,4,mnemonic,4
mobility,2,mochi,2,mocratic,2
modal,2,modalities,6,modem,2
moderate,6,modern pentathlon,2,modest,2
modling,2,modular,2,modulator,2
modulatory,2,modulo,2,modulus,2
moger,2,mogolian,2,mogonglia,2
moist,2,moisturizer,2,mojito,2
molasses,2,mold,2,molding,2
mole,4,molecule,6,mollusks,2
molybdenum,4,momentum,4,monarchy,4
monday,4,money tree,2,monger,2
mongering,2,mongolia,4,mongolian,2
mongoloid race,2,mongols,2,moniker,2
monodrama,2,monolithic,14,monomial,2
monosodium,2,monosodium glutamate,2,monotone,2
monotonic,2,monotonic decreasing,2,monotonic increasing,2
monotonicity,2,monovalent,2,monsoon,2
monstera,2,monument,2,monumental,2
mood,2,moon,2,moon dog,2
moon guitar,2,moondust,2,moonlight,4
moons,2,mop,2,mop and bucket,2
moral,4,morality,2,moratorium,2
morchella,4,more or less,2,morel,4
morning glory,2,morphine,4,morphology,4
mortal,4,moscovium,2,moscow,2
mosquito,2,mosquito net,2,mosquitoes,2
moss,2,moste,2,moste potente potions,2
motel,2,moth,4,mothball,2
motif,1,motion,2,mount fuji,2
mount kilimanjaro,2,mount vesuvius,2,mouth organ,4
mouth sores,2,mouthwash,2,movie theater,2
moxifloxacin,2,mozzarella,2,msg,2
mu,2,muddling,2,muffin,2
muffin head,2,mug,2,muggle,2
muhammad,2,mules,2,mulling,4
multi modalities,2,multi-chiplet,2,multi-genre,2
multi-modalities,2,multi-tenant,2,multidisciplinary,2
multinomial,2,multiplantary,2,multiple batches of threads,2
multiplicand,6,multiplicator,2,multiplicity,2
multiplier,2,multiverse,2,multivitamin,2
mulually,2,mum,2,mummy,2
mung,2,mung bean,2,mung bean paste,2
mung bean paster,2,municipal,2,murmur,2
murmuring,2,musaceous,2,muse,2
museum,2,mushrooms,2,musical,2
muskmelon,2,mussel,2,mussels,2
mustache,2,mustard,2,mustard greens,2
mustard seeds,2,mute swan,2,mutual,4
mutualism,2,mutually exclusive events,2,mutually independent,2
muyu,2,mydriatics,2,myna,2
myopia,2,mysterious,2,mysteriously,2
mystery,2,mystical,2,myth,1
mythology,1,nail,4,nails,2
naive,4,nap,2,naphthalene,4
naproxen,2,narcissus,2,narcotics,2
narcotine,2,narrative,6,nasa,2
nasal,2,nasal septum,2,nasal spray,2
nasal sprays,2,nasi lemak,2,nasitis,2
naso-ocular,2,native americans,2,nato,2
natron,2,natural fibers,2,natural sciences,2
natural selection,2,naturally aspirated engine,2,nautilus,4
naval,6,naval aviation,2,naval special warfare,2
naval warfare,2,navel,4,navigation system,2
navy,2,nebula,4,nebulae,2
nebulous,2,nebulousness,2,necessitates,6
necessitats,4,nectarines,2,needle,2
needle nose pliers,2,neglect,2,neglected,4
neglects,2,negligible,8,negotiations,2
negroid,2,negroid race,2,neigh,2
neighborhood,4,neil armstrong,2,nelson mandela,2
nemo,2,neodymium,2,neon,2
nepal,2,nepel,2,neptune,6
neptunium,4,nested,4,net force,2
nether,2,netherland,2,neural,4
neurips,1,neuromodulatory,2,neuroscience,2
neurotransmitter,2,neutral,4,neutrino,6
neutron,2,neutron star,2,nevertheless,6
new year's eve,2,newton's laws of motion,2,ngo,4
niachin,2,niacin,4,niagara falls,2
nic,2,niche,2,nickel,4
nicolaus copernicus,2,nicotine,2,nicotinic,2
nicotinic acid,2,nicotinylsalicylic acid,2,niels bohr,2
nigger,4,nightclub,2,nightly rounds,2
nightstand,4,nihao,2,nihonium,2
nikola tesla,2,nil,4,nile river,2
nimbostratus,2,nimitz,2,nintendo,2
niobium,2,nipping,2,nipple,2
nissan,2,nitric,2,nitric acid,2
nitrites,2,nitro,2,nitrogen,4
nitrogen dioxide,2,nitroglycerin,2,nitrous,2
nitrous oxide,2,no-show socks,2,nobelium,2
nobility,4,noble,2,noble prize,2
noctilucent,2,noir,4,noisy,4
nomenclature,2,nominative,2,nominative clause,2
non-contiguous,2,non-convex,2,non-dairy,2
non-negligible,4,non-trival,2,non-trivial,2
nonpartisan,4,nonpoint,2,nonsense,2
noon,2,norfloxacin,2,nori,2
normal distribution,2,north america,2,north pole,2
northern autumn,2,northland,18,norway,4
nose clip,4,nose plug,2,nostalgia,2
nostalgic,4,notation,2,notoginseng,2
notre-dame de paris,2,noun,4,nouns,2
nourishing,2,november,4,novermber,4
novice,2,nu,2,nucleus,2
nugget,2,number of degrees,2,numerary,2
numerator,10,numerical grading system,2,nun,2
nut,2,nutmeg,2,nutrients,4
nutrition,2,nutrition facts,2,nutter,2
nvidia,2,nylons,2,oar,2
oat milk,2,oatmeal,4,oats,2
obedience,4,obesity,2,obfuscate,2
obfuscation,2,object clause,2,objectionable,4
objective function,2,objective testing,2,oblique,4
obliquity,4,oboes,2,observe,2
obsidian,2,obstacles,2,obstruct,2
obstructive,2,obtain,4,obtaining,4
obtuse,2,obtuse angle,6,occasionally,4
occidental,2,occluded,2,occupancy,6
occur,4,ocean,2,ocean acidification,4
oceania,2,octagon,2,octant,2
october,4,octopus,2,octree,4
ocular,2,odd,1,oddly,1
odds,2,ode,2,oder,2
odyssey,2,oelek,2,off the rails,2
offal,2,offensive,2,officinarum,2
offspring,2,oganession,2,oganesson,2
oil pastels,2,oligarchy,4,olive,2
olive oil,2,oliver,2,olives,2
olopatadine,2,omega,2,omeprazole,2
omg,2,omicron,2,omitted,2
on occasion,4,on par,4,on the fly,1
oolong,2,oolong tea,2,oop,2
oort cloud,2,open bite,2,open hourse,2
open house,2,opera,6,opera house,2
opera violin,2,opined,2,opium,2
oppo,2,opposition,2,opt,2
optical,4,optical telescope,2,optimal,2
optimism,2,optimistic,2,optimum,2
opulent,2,oral,4,oral cancer,2
oral health,2,orangoutang,4,orangutan,4
orbit,2,orbital,2,orbital decay,2
orbital resonance,2,orbital speed,4,orbital velocity,2
orbits,2,orchard,2,orchestra,6
orchestra level,2,orchestra pit,4,orchestra section,2
orchestrating,6,orchestration,2,orchid,4
order,2,ordinary,6,ordinate,12
ore,2,ore veins,2,oregano,2
organ,8,organic,6,organic acid,2
organic compounds,2,orient,12,oriental,10
orientated,2,orientations,2,oriented,16
orifice,1,origin,4,originality,4
orin,2,oriole,2,orion,2
orionids,2,orlen,4,ornate,2
ornithine,2,orthocenter,2,orthocentre,4
orthodontic,2,orthodontics,2,orthogonal,15
orthogonality,2,orthography,6,orville wright,2
oryon,2,oscillation,4,osmium,2
osteoarthritis,2,otoro,2,ototoxicity,2
ottoman,2,outfit,2,outlet,2
outlets,2,outline,2,outrun,2
outsrips,1,outstrips,1,ovaries,2
oven,4,ovens,2,over-parameterized,4
over-the-knee socks,2,overbite,4,overcapacity,2
overcast,2,overgrown,4,overlap,2
overlapped,2,overlapping,4,overworld,2
ovo,2,owing to,2,owlery,2
oxeye,2,oxides,2,oxidized,2
oxygen,4,oyster,6,oyster sauce,2
oysters,2,ozone,4,ozone layer,2
pacific,2,pacific ocean,2,pacman,4
padding,2,paddle,2,paddles,2
pagani,2,pagani zonda,2,pain relievers,4
paint,2,paints,2,pairwise,2
paixiao,2,pajamas,2,palace,2
palace of versailles,2,pale,4,palette,2
palladium,2,pallid,2,palm,4
palm tree,4,pan-fried,2,pan-fried dumpling,2
panama canal,2,pancakes,2,pancreas,6
pandemic,2,panorama,2,panoramic,2
panoramic sunroof,2,pans,2,pantheon,2
panther,2,panties,2,pantomime,2
pantothenic,4,pantothenic acid,4,pantry,2
panzee,4,panzer,2,papaya,4
paper,2,paper clips,2,paper towels,2
papilio,2,pappy,2,paprika,2
parabola,6,paraboloid,2,paracetamol,2
paradigm,8,paradigms,4,paradise,4
paradox,2,paragraph,2,parakeet,2
parallelepiped,2,parallelogram,6,parametric,2
parametric equation,2,paramount,2,paraphernalia,2
paraphrase,3,parasites,2,parasitism,2
para­stratio­sphe­com­yia stratio­sphe­com­yioi­des,2,parchment,2,parenthesis,2
pareto,6,pareto optimal,4,pareto optimality,2
pareto why,2,parity,2,parking orbit,2
parlance,2,parley,2,parliament,4
parmesan,2,parmesan cheese,2,parrot,2
parship,8,parsley,4,parsnip,10
parsnips,2,parson,2,parterre,2
partial,4,partial differential equation,2,participle,2
participle phrase,2,particle,8,particle board,2
particle swarm optimization,2,particles,2,particulate,2
particulate matter,2,partisan,4,partly cloudy,2
parts of speech,2,passage,2,passiionate,2
passionate,2,passive,2,passive voice,2
passport,2,pasta,2,pastels,2
pastor,2,pastoral,2,pastries,2
pastry cutter,2,patch merging,4,patches,2
patient,4,patriot,2,patriot missile,2
patrol,6,patronus,2,pattern,1
pauli exclusion principle,2,pavilion,2,pay scales,2
payment,2,pc,2,pde,4
pdozol,2,peace dove,2,peacock,2
peafowl,2,peal,2,peanut,2
peanut oil,2,peanutanut,2,peanuts,2
pears,2,peas,2,pecan pie,2
pecanpie,2,pecans,4,peculiar,8
peculiarites,2,peculiarities,2,pedagogy,2
pedal,6,pedal brakes,2,pedal breaks,2
pedicure,2,peel,4,peeler,2
peen,2,peer,4,peering down,2
pegasus,4,peiping,2,pelargonium,2
pelican,6,pelvic,2,pelvic obliquity,2
pen ink,2,penceil erasers,2,pencil erasers,2
pendu,2,pendulum,6,penecil,2
penetrate,2,penicillin,6,peninsula,6
penis,2,penne,2,penny,4
pensieve,2,pentagon,4,pentathlon,2
pentatholon,2,peony,2,pep pill,2
pepitas,2,peppercorns,4,peppermint,4
pepperoni,2,pepsi,2,peptic,2
peptic ulcer disease,2,percale,2,percale sheet,2
perceive,2,perceiving,1,percentile,2
perceptron,4,perceptrons,1,perceptrrons,1
perch,4,perchloric acid,2,percussion,4
percussion section,2,percussionist,2,peregrine,2
performance art,2,performant,4,performantly,4
performent,4,perfumes,6,perigon,2
perilla,2,perimeter,4,periodic,2
periodicity,2,periodontitis,2,peripheral,4
periphral,4,permafrost,2,permafrost thawing,2
permanent,6,permanent markers,2,permanganate,2
permeability,2,permits,2,permitted,4
permittivity,2,permutation,10,permutations,2
permute,2,permuted,2,pernicious,2
perniciousness,2,peroxide,2,perpendicular,4
perpetual,2,perpetually,2,perplexity,12
perseids,4,perseus,4,perseverance,2
persistently,2,personal care,2,personnel,4
pertinent,4,pertubation,1,perturb,1
perturbation,1,pervasive,2,pervasively,3
pest,2,petal,4,peter pettigrew,2
petitino,4,petition,4,petrol,2
petroleum,2,petty,2,pff,2
pfff,2,pffff,2,phalaenopsis orchid,2
phantom,2,pharaohs,2,pharmaceutical,2
pharmacy,4,pharynx,2,pheasant,2
phenomena,2,phenomenon,2,phenylalanine,2
phi,4,phillips,2,phillips screwdriver,2
philosopher,2,philosopher's stone,2,philosophy,2
philtrum,2,phobos,2,phoenix,2
phoneme,2,phonetic,2,phonetics,2
phonology,2,phosphoric,2,phosphoric acid,2
phosphorus,6,photography,4,photon,4
photosphere,2,phthos,2,phylogenetic tree,2
phylogeny,2,physical education,2,physics,4
pi,2,pianist,2,piccolo,4
pick-me-up,2,pickle,4,pickled,2
pickup truck,2,picric,2,picric acid,2
pie diagram,2,pie dish,2,piercing,2
pierre de fermat,2,pigeon,4,piglet,2
pike,2,pike units,2,pikes,2
piling up,2,pillar,4,pilled,2
pillow,10,pillow friend,2,pillow towel,2
pillowcase,4,pilots,2,pine nuts,2
pineapple,2,ping-pong paddle,2,pinhead,2
pink eye,2,pink salt,2,pinky toe,2
pinpick,2,pinpoint,4,pinprick,2
pinto,2,pioneer,2,pipa,2
pipe wrench,2,pique,2,pirelli,2
pisces,2,piscis austrinids,2,piscis austrinus,2
pissdian,2,pistachios,4,pistol,2
pitcher,4,pity,2,pivit,2
pivot,6,pixie,2,pla,2
plain,2,planetary nebula,2,planetary ring,2
planets,2,planners,2,plant extracts,2
plantain,2,plantain herb,2,plantary,2
planus,2,plasma,2,plasmodium,2
plasterboard,2,plastic,4,plata,2
plate,2,plateau,10,plates,4
platform,8,platina,2,platinum,6
plato,4,platon,5,platonic,4
plausible,2,playhouse,2,plaza,4
plethora,2,pliers,2,plosive,2
plug into,2,plum,8,plum blossom,2
plumbum,2,plums,2,plunge,2
plunge into,2,plunged into,2,plush,2
pluto,6,plutonium,4,plywood,2
pm,2,pneumonia,4,pneumonoultramicroscopicsilicovolcanoconiosis,2
podzol,4,poetic,2,poetic devices,2
pof,2,poignant,2,pointwise,2
poisonous,2,poisonus,2,poland,6
polar axis,2,polar coordinate,2,polar easterlies,2
polar solvent,2,polar sovent,2,polar vortex,2
polaris,2,pole,4,pole vault,2
polenta,4,poles,2,police department,2
police station,2,polka,2,poll,6
pollen,2,polloi,2,pollutant,2
pollution,4,pollux,2,polo,2
polo shirt,2,polonia,2,polonium,2
polyanion,2,polycation,2,polyester,2
polyethylene,2,polyhedron,4,polymorphism,2
polymyxin,2,polynomial,2,polyphenols,2
polypropylene,4,polystyrene,2,polyvinyl,2
polyvinyl chloride,2,pomade,2,pomegranate juice,2
pomegranates,2,pompeii,2,pond,2
pooch,2,pookat,2,poomsae,2
pooor,2,popcorn,2,poplin,2
poppy,4,poppy seeds,2,poppy-seed oil,2
population,4,population density,2,porate,2
porated,2,pore,4,poria,2
pork,4,pork bao,2,porkchop,2
pornography,1,porportion,1,porsche,2
portal,4,porters,2,portfolios,2
portion,4,portions,2,positif,4
position,4,possess,8,possesses,2
possession,2,post-it,2,postulate,2
pot,4,pot ash,2,pot cheese,2
pot smoker,2,potassium,8,potassium chloride,2
potassium nitrate,2,potassium permanganate,2,potato masher,2
potatoes,2,potente,2,potential energy,2
potentially,2,pothead,2,pothos,2
potpourri,4,pots,4,pots noodles,2
potsticker,6,pouch,2,poultry,2
pour,2,poverty,2,povidone,2
povidone iodine,2,powder,2,powder foundation,2
power drill,2,power strips,2,power windows,2
powerade,2,ppi,2,practical lessons,2
practice sheets,2,pragmatic,2,pragmatics,8
praseodymium,2,pratical lessons,2,prc,2
prebiotics,4,precession,2,precipitation,2
precision,2,predation,2,predicate,2
predicative,2,predicative clause,2,predict,2
predictive,2,predicts,4,preferable,4
prefix,2,pregant,2,pregnance,2
pregnancy,4,pregnant,2,preimage,2
preliminaries,8,preliminary,6,premature,8
prematurely,4,premier,4,premium,4
prepared mustard,2,preposition,4,prescription,2
presence,4,present,4,preservatives,2
preserve,6,preserved plums,2,pressed powder,2
pressure cooker,2,presumed,4,pretzel,2
prevalent,4,prevent,2,prevention of mother-to-child transmission,2
priest,2,prim,2,primarily,2
primary,3,primary explosives,2,primates,2
prime,2,prime number,2,primer,4
primitive,2,primitives,2,principal,2
principal players,2,principal value,2,principle,2
printed paper,2,printer paper,2,prior,5
prioritize,2,prism,8,prismoid,2
prisoner,2,proactivity,2,probable,2
probation,2,probiotic,2,probiotics,4
procrastination,3,procuratorate,2,procyon,4
prodigious,2,production-grade,2,productive cough,2
proficiency,2,profit,2,progency,2
progeny,2,progress,2,progressing,2
progression,4,progressive,5,prohibit,4
prohibitively,2,prohibitively expensive,2,prohibits,2
project,2,projected,2,projectile,6
projection,7,proline,2,prolonged,2
prom,2,promenade,2,promethium,2
prominence,2,prominent,2,promising,2
promote,2,promotion,2,prompt,3
promptly,1,pronoun,4,pronounce,2
pronounced,2,proof,2,propaganda,2
propagule,2,propan,2,propane,2
propanol,2,propellant,2,propelled,4
prophet,4,propolis,2,proport,1
proportion,3,proportional,4,proportionate,1
proposal,14,proposals,2,proposition,4
propotion,2,propotypes,2,proprietary,2
proptry,2,propulsion,2,propylene,2
prosecco,2,prospect,4,prostate,4
prostate cancer,2,protactinium,2,protective gear,2
protein,6,proteins,2,protest,6
protine,2,proton,6,proton pump inhibitor,2
prototypes,2,protractor,4,protruding,2
protruding teeth,2,protrusion,2,proxima centauri,2
proximity,4,prune,6,prune juice,2
pruning,4,prunus serrulata,2,psat,2
pseudo,4,pseudopseudohypoparathyroidism,2,pseudorandom,4
pshuf,2,psi,2,psoriasis,2
psycholinguistics,2,psychologische,1,psychology,2
psychrometer,2,pu,2,pu leather,2
puerilism,2,puffball,2,puffer,2
puffer jacket,2,puffs,2,pulley,2
pullover,2,pulmonary,2,pulp,5
pulpino,2,pulpion,2,pulsar,2
puma,2,pumpkin,2,pumpkin seeds,2
pumps,4,punch,2,puollution,2
pupae,2,pupil,2,puppet,2
purges,2,purse,2,pursued,4
push up,2,pusher,2,pussy,2
pyramid,4,pyramidal,2,pyramids of giza,2
pyranometer,2,pyridoxine,2,pythagoras,2
pythagorean,2,pythagorean theorem,2,q-tips,2
qian,2,qingming festival,2,qixi festival,2
qpa,2,qsien,2,quadom,2
quadrant,4,quadratic equation,2,quadrature,2
quadrilateral,2,quadruple,2,quadruple therapy,2
quadtree,4,quaffle,2,quagmire,4
quail,4,quantile,4,quantitative biology,2
quantum entanglement,2,quantum mechanics,4,quantum state,2
quantum tunneling,2,quarterback,2,quartic equation,2
quartile,2,quasa,2,quasar,2
quasi,6,quasi-newton method,2,quaterback,2
queen ant,2,queen bee,2,quest,2
quidditch,2,quill,2,quilt,2
quilt cover,2,quine,2,quinine,4
quinine bimuriate,2,quinine hcl,2,quinine sulfate,2
quinoa,4,quintic equation,2,quizzes,2
quotient,6,rabbit stew,2,races,2
racist,2,rack,4,racket,2
racks,2,racquet,2,radial,2
radian,2,radiance,8,radiant,2
radiation belt,2,radical,2,radii,2
radio,2,radio telescope,2,radioactive,1
radios,2,radiosonde,2,radiotherapy,2
radish,2,radishes,2,radium,2
radius,4,radon,2,raid,2
raider,2,rain forest,2,raindrop,2
rally,4,ram,2,ramadan,2
ramadan and eid al-fitr,2,ramen,2,ranch,2
rancher,4,rapid,4,rapine,2
rapine economy,2,rapturous,2,rare,1
rarefied,1,rash,4,rash guard,2
raspad,2,raspberries,2,rataining,2
ratio,4,ratiocination,2,rational number,2
rationale,3,ratios,2,rattan,2
rattle,2,rattlesnake,2,ravenclaw,2
ray,2,rayon,2,raze,2
razor blades,2,razorattention,2,razors,2
rdx,4,rea,2,reactor,2
read,4,readily,8,ready,4
realgar,2,realm,4,reaper,2
rear,2,rearrangement,2,rearview,2
rearview camer,2,rearview mirror,2,recall,1
receptacles,2,receptive,2,recess,2
recession,2,recipe,4,recipients,4
reciprocal,2,recliner,2,reclining,2
recluse,2,recoil,2,reconcile,2
reconnaissance,2,reconnaissance aircraft,2,reconnoissance,2
reconnoissance aircraft,2,recruit,4,recruite,2
recruiters,2,recruitment,6,rectangle,2
rectangular,1,rectifiable,2,rectifying,2
rectum,4,recurrent,7,recursion,1
recursive,4,recycled fiber,2,red bean paste,2
red giant,2,red ink,2,red spider lily,2
red square,2,red wine,4,red-crowned,2
red-crowned crane,2,red-tailed hawk,2,redpen,2
redshift,2,reducibility,2,reducible,2
reductio ad absurdum,2,redundancy,2,reef,2
reefer,2,refactor,2,refale,2
referendum,8,refill,2,refillable pen,2
refined,2,reflect,2,reflecting,4
reflecting telescope,2,reflection,2,reflex angle,2
reflexive,4,reflux,2,reform,4
refracting,2,refracting telescope,2,refrigerant,2
refund,2,regarded as,1,regarding,2
regardless,1,reggiano,2,regime,4
regimes,4,regress,1,regression,1
regular,2,regular cola,2,regularization,4
regulation,4,regulator,2,regulatory,2
regulatory tax,2,regulus,2,rehabilitation,2
rehearsal,2,rehearse,6,reincarnation,2
reindeer,2,reinfection,2,reinforcement,6
reinterpret,2,reinterpreting,2,relative clause,2
relaxed,2,relay,8,relay on,2
relayed,2,relevance,2,relics,2
relieve,2,relievers,2,religious,4
relishing,2,relive,2,reluctant,2
rely,2,remainder,4,remedies,2
remedy,2,remembrall,2,remilitarizing,2
reminiscent,4,remnants,2,remus lupin,2
renaissance,4,rene descartes,2,renewable,2
renewable energy,2,renhai,2,rental,2
reorder,2,repetition,2,replenishment,2
replenishment ship,2,replicated,2,report card,2
representation,4,representational,4,represented by,2
reptiles,2,republican party,2,reputation,2
reservation,2,resident,2,residing,2
residing on,2,residuum,2,resilience,4
resiliency,2,resilient,2,resin,2
resolution,6,resolve,6,resolving,4
resonance,2,resort,4,resource optimal,2
resove,2,respecting,2,respiratory,4
respiratory medications,2,resplendent,2,restitution,2
restrictions,2,restricts,6,restructure,2
resturct,2,resultant,2,retaining,2
retains,6,retard,4,retardation,2
retina,2,retreat,8,retrieval,12
retrieve,4,retrieved,4,retrieving,6
retrival,4,retrograde,2,retrograde motion,2
retrograde orbit,2,reveal,6,revealer,2
reveals that,4,revenue,2,reverence,2
reverse,4,revert to,2,revolution,6
revolutionary,2,revolutionized,4,revolutionizing,2
rhenium,2,rheumatoid,2,rheumatoid arthritis,2
rhine,6,rhinitis,2,rho,2
rhodium,2,rhomb,2,rhombus,4
rhubarb,2,rhythm,2,rib,2
ribeye,2,riboflaviin,2,riboflavin,4
rice,2,rice bowl,2,rice krispies,2
rice spatula,2,rice vinegar,2,richard feynman,2
rickety,2,riddle,2,rifle,4
rigel,4,right angle,4,right triangle,2
rigorous,2,rigotous,2,rim,2
rim brakes,2,ring finger,2,rings,2
ripe,2,riptide,4,rita skeeter,2
river jelly,2,rivet,2,riveting,2
rnn,4,roadmap,6,roadrunner,2
roast,4,roast me,2,roasted,2
roasted vegetables,2,roasting,2,roasting pan,2
rob me,2,roberta,2,robes,2
robust,2,robustness,4,roche limit,4
rock pigeon,2,rocket launcher,2,rocky mountains,4
rods,2,roe,2,roentgenium,2
rolled,2,rolled oats,2,rollerball pens,2
rolling pin,4,roman forum,2,romanization,2
romanizationi,2,romantic,6,romantika,4
rome,2,ron weasley,4,ronald weasley,2
roof rack,2,roof rails,2,rooibos,2
rooibos tea,2,room divider,2,root beer,2
rosa chinensis,2,rosacea,2,rosalind franklin,2
rose,3,rose bush,2,rose wines,2
roselite,4,rosemary,2,rotisserie,2
roulette,2,round angle,2,round-robin,2
routine,2,rover,2,row-major,2
rowing,2,rowling,2,roxithromicin,2
royalty,2,rpc,2,rpg,4
rstack,2,rubber,4,rubber plant,2
rube,2,rubeus hagrid,2,rubidium,2
ruby,2,rudder,2,ruffle,2
rug,2,rugby,2,rum,2
rumored,2,run out of juice,2,runner,2
running shoes,2,rustic,2,rusty,2
ruthenium,2,rutherfordium,2,ruthlessness,2
rye,2,sable,4,sachets,2
sack,2,saclar,2,sacred,2
sadalsuud,2,saddle,2,saddle point,2
sadomasochism,4,saffron,4,sagittarius,6
sahara desert,2,saharan,2,sailency,4
sailing,2,saint petersburg,2,saintess,2
saiph,2,salad dressing,2,salad plate,2
salami,2,salicin,2,salicin acid,2
salicylate,2,salicylic acid,2,salience,2
saliency,12,saliency,,2,saline,2
salmon,6,salmonberry,2,saloon,2
salsa,2,salted butter,2,salute,2
samarium,2,sambal,2,samos,2
sampler,2,sampling,2,sanctions,4
sanctuary,2,sancturay,2,sand pit,2
sandal,2,sandalwood,2,sandpaper,2
sane,1,sanitary,2,sanitary pads,2
sanitation,2,sanitization,2,sanitizing,2
sanitizing compound,2,sanxian,2,sanya,2
sap,2,sapnap,2,sapphire,6
sarcastic,2,sardine,4,sardines,2
sat,2,sateen,2,sateen sheet,2
satellite,4,satellite imagery,2,satellite radio,2
satellite system,2,satin,2,satire,2
saturated,2,saturated fats,4,saturday,4
saturn,2,sauce bottle,2,saucepan,2
saucer,2,sauces,4,saudi arabia,2
sauerkraut,2,sausage,2,sausages,2
saute,2,saute pan,2,savvy,2
saw,2,sax,2,saxophone,2
sbustance,2,sbustantial,2,scalable,2
scalar,2,scalarisation,4,scalene,2
scalene triangle,2,scallion,2,scallions,2
scallops,4,scandals,2,scandinavians,2
scandium,2,scarecrow,2,scaremongering,2
scarf,4,scarring,2,scatter,4
scattered,4,scattered disk,2,scenary,2
scent,2,scented,2,scented candles,2
schema,4,schmaltzed,2,scholarly language,2
scholarships,2,school year,2,schrodinger euqtion,2
science,2,science and engineering,2,sciense,2
scissors,4,scoop,2,scoreboard,4
scorecrow,2,scorpion,4,scorpius,4
scotch,4,scotch tape,2,scottish,2
scrapes,2,scratch,9,screw,4
screw micrometer,2,screwdriver,2,screwdriver bit set,2
screws,2,scripture,2,scroll,1
scrub,2,scrub brushes,2,scrumming,2
scyche,4,scythe,8,sea,2
sea cucumber,2,sea level rise,2,sea salt,2
seaborgium,2,seafood,2,seagull,2
sealed,2,seaman,2,seamless,6
seamlessly,2,seanut,2,seasonal forest,2
seasonal variation,2,seasoned,4,seasoned salt,2
seat massage,2,seaweed,4,seaweed sheets,2
secant,4,second cosmic velocity,2,second violins,2
second-degree burn,2,sector,2,security council,2
sedative,2,sedge,2,seduce,2
seedy,2,seeweed,2,segment,2
seiche,2,selenium,8,self-assurance,2
self-control,2,self-discipline,2,self-explanatory,2
self-propelled,2,selfish,2,semantic,2
semantical,2,semantics,6,semester,2
semi-structured,4,seminar,4,semitic peoples,2
semivowel,2,senbei,2,senmatic,2
sensing,1,sentence components,2,sentiment,13
sentiment analysis,2,sep,2,separable,2
separator,2,september,4,septum,2
serbia,6,serbs,2,serene,6
sergeant,4,serine,2,serology,2
serpens,2,serpent,2,sertraline,2
serves as,2,servicing kit,2,serving,4
serving spoon,2,sesame,2,sesame oil,4
setting powder,2,setting spray,2,settle,2
settles it,2,sever,2,severus snape,4
sewer,2,sexist,2,sha qima,2
shake it,2,shakers,2,shakuhachi,2
shambles,2,shameful,2,shamisen,2
shampoo,2,shaobing,2,shaoxing wine,2
shard,2,sharp,2,sharpnel,2
sheared,1,shears,4,sheaves,2
shed,4,sheen,2,sheet,2
sheets,2,shelf,2,shell,2
shellfish,2,sheng,2,shepherd,2
sherlock,2,sherry,2,shida,2
shiitake,2,shimmer,4,shin,4
shirnk,2,shiver,2,shootdown,2
shore,2,short sleeve,2,shortbread,2
shortbread cookies,2,shot down,2,shoulder,2
shoulder joint,2,shove,2,show jumping,2
showcase,4,shower,4,shower curtain,2
shower gel,2,shrapnel,2,shrimp,8
shrink,4,shrubby,2,shrubby plant,2
shrubland,2,shuffle,4,shunfeng,2
shuttlecock,2,sichuan basin,2,sick,2
siddhartha gautama,2,side dishes,2,side-looking,2
sieve,2,sight,2,sigma,2
signal corps,2,signum,2,sihouette,2
silhouette,4,silicate,2,silicon,2
silicon dioxide,2,silk,6,silk comforter,2
silk satin,2,silk sheet,2,silkworm,2
silkworm pupae,2,silkworm pupage,2,silkworms,2
sill,2,silo,2,silver,2
silver nitrate,2,silverfish,2,simplicity,2
simulated annealing,2,simulated anneling,2,simultaneous,10
simultaneously,14,simuth,2,sinensis,2
singlet,2,sinusitis,2,sirius,4
sirius black,4,site,2,skag,2
skag jones,2,skate,2,skate shoes,2
skateboarding shoes,2,sketch,2,sketchbooks,2
ski,2,skillet,4,skim,2
skim milk,2,skirt,2,skull,2
skyrocketing,2,slacks,2,slackware,1
slang,4,slavic,2,slavic peoples,2
sled dog,2,sleep sack,2,sleeplessness,2
sleepwear,2,sleet,2,slick,2
sliding,2,slimy,2,slippery,2
slipping,2,slopes,2,slotted,2
slotted screwdriver,2,slotted spoon,2,slug,2
slump,4,slytherin,2,small intestine,2
smallmouth,2,smallpox,2,smart,4
smear,2,smearcase,2,smelt,2
smog,2,smoothies,2,smuggling,4
snack,4,snack shop,2,snacking,2
snacks,4,snae,2,snail,2
snake,2,snake plant,2,snake platn,2
snap,4,snapdragon,2,snare,2
snare drum,2,sneak,4,sneaker,2
sneakers,2,sneakoscope,2,sniper,4
snippet,2,snitch,2,snorkel,3
snout,2,snow crab,2,snow owl,2
snow squall,2,snowman,2,snowy owl,2
snowy slopes,2,snuggling up,2,so long,2
soap,4,soap dispenser,2,soc,2
social commentary,2,social construct,2,social sciences,2
social studies,2,socialism,4,socialist party,2
sociolinguistics,2,socket wrench,2,socks,2
socrates,2,soda water,2,sodium,6
sodium azide,2,sodium bicarbonate,4,sodium carbonate,4
sodium chloride,2,sodium fluoride,2,sodium hyaluronat,2
sodium hyaluronate,2,sodium hypochlorite,2,sodium silicate,4
soil degradation,2,soil erosion,2,soil fertility,4
sol,2,solar eclipse,2,solar flare,2
solar wind,2,soldering,2,soldering iron,2
sole,2,solely,4,solitary,2
soluble,2,soluble fiber,2,solvent,2
song thrush,2,sonic,2,sonic boom,2
sophisticated,4,soprano,2,sorcerer,2
sorcery,4,sore,6,sore tongue,2
sorority,2,sorting hat,2,sosy,4
soup,2,soup bowl,2,soup pot,2
soup spoon,2,sour,4,sour cream,2
sour wine,2,sourdough,2,south america,2
south china sea,2,southeast asians,2,sovereign,8
sovereign country,2,sovereign states,2,sovereignty,4
soviet,3,sow,2,soy,8
soy lecithin,2,soy milk,4,soy oil,2
soy sauce,2,soya,2,soya oil,2
soybean,2,soybean oil,2,space engineering,2
spaced teeth,2,spaghetti,4,spain,4
span,4,spandex,2,spanish,2
spark,2,sparked,2,sparking,2
sparkling,2,sparkling water,2,sparkling wines,2
sparring,2,sparrow,2,sparsification,1
spatal,2,spatial,6,spatula,4
spatulas,2,spear,2,special education,2
special forces,2,special relativity,2,specialist,2
species diversity,2,species richness,2,spectacles,2
specter,4,spectral,6,spectre,4
spectrum,16,speculatin,2,speculating,4
speculation,16,speculative,10,speedo,2
speedos,2,spelling,2,sphere,2
spheroid,2,sphinx,4,spica,2
spice jar,2,spice store,2,spices,2
spider plant,2,spiked,2,spikes,2
spilling,4,spin,4,spinach,2
spine,2,spiral,6,spiral notebooks,2
spirulina,2,splatting,8,spleen,4
splendid,4,split,1,split peas,2
splling,2,sponges,2,spoon,4
spoons,2,spores,2,spout,2
sprain,2,sprawling,2,spray,4
spray gun,2,spread,4,spree,2
spring,2,spring onion,2,spring rolls,2
spring rools,2,spring water,2,springbok,2
springform,2,springtail,2,sprinkler,2
sprinting,4,spurred,4,squab,2
squad,12,squall,2,squall line,2
square,2,square pyramid,2,squas,4
squash,4,squashing,4,squat,2
squeezing,2,squid,2,sr-71,2
sriracha,2,ssbn,2,ssss,2
st,4,st petersburg,4,staellite,2
stake,2,stamp,2,stance,2
standard deviation,2,standardized test,2,stanford honor code,2
staple,4,staple foods,2,staplers,2
star anise,2,stardew,4,stardew valley,2
starlight,6,starling,2,starry,2
starship,2,starstruck,4,starter,2
starting blocks,2,state subjects,2,static,2
statically,4,stationary,6,stationary front,2
stationery,2,statistical mechanics,4,statue,2
statue of liberty,2,stature,2,steak,4
stealth,2,stealth fighter,2,steamed bread,2
steamed bun,4,steamer,4,steel,4
steeper,2,steering,2,steering wheel,2
steinway & sons,2,stell-cut,2,stellar,2
stellar evolution,2,stellar wind,2,stem,4
stephen hawking,2,steve jobs,2,stew,2
stew pot,2,stibium,2,stick foundation,2
stilettos,2,still water,2,stimulant,2
stimulate,4,stimulus,4,stir,2
stirrup,2,stitching,4,stochastic,2
stochastic gradient descent,2,stock,4,stock pot,4
stockings,2,stomach,4,stomah,2
stonehenge,2,stool,4,storage cabinet,2
storage tank,2,stout,2,stovl,2
straight angle,2,straight edge rulers,2,strain,2
strainer,2,strains,2,strait,6
strait of gibraltar,2,strapped,4,straptomycin,4
strategic,2,strategically,2,stratocumulus,2
stratosphere,4,stratospheric,2,stratus,2
strawberries,2,strawberry,2,stray,2
streaks,2,streamlet,2,streamlining,2
stretch,1,strike,2,striking,2
string section,2,striped,2,strips,2
strive,2,strive to,2,stroke,2
strong nuclear force,2,strontium,2,struck,4
student government,2,stuffed,2,stump,4
stun,2,stuns with,2,sturdy,2
stylish,2,su,3,su-27,4
su27,2,sub-optimal,2,subject clause,2
subjunctive,2,subjunctive mood,2,sublime,2
submarine,4,submarine warfare,2,suboptimal,2
subordinate,2,subsalicylate,2,subsequent,6
subsequently,6,subsidiary,2,subsonic,2
substance,2,substant,2,substantial,16
substantially,4,substantiate,2,substantive,4
substitute,6,substitution,6,substrate,2
subtangent,2,subtle,2,subtly,2
subtraction,2,subtrahend,2,subway station,2
successful,4,successive,2,succinate,2
succulent,2,sucrose,2,suede,2
suez canal,2,sufficiency,2,sufficient and necessary condition,2
suffix,2,suite,2,sulconazole,2
sulfa drug,2,sulfate,2,sulfur,4
sulfur dioxide,2,sulfuric,2,sulfuric acid,2
sulphites,2,sumac,2,summa cum laude,2
summand,2,summative,2,summer triangle,2
summer weight blanket,2,summit,2,sun dog,2
sun kat-sen,2,sun yat-sen,10,sun-synchronous orbit,2
sunburn,2,sunday,4,sunflower,1
sunflower seeds,2,sunglasses,2,sunroof,2
sunscreen,4,sunspot,2,suona,2
supeaerodynamics,2,superaerodynamics,1,supercalifragilisticexpialidocious,2
supercalifragilisticexpialidocioussupercalifragilisticexpialidocious,2,supercell,2,supercharged,2
supercruise,2,superior,10,superiority,2
superlinear,4,supernova,2,supernova explosion,2
supernumerary,2,supersymmetry,2,supervision,4
supplementary,6,supplicate,2,supplicatino,2
supplication,2,supplied,2,supplies,2
supply corps,2,supreme,2,suqad,2
surds,2,surface,2,surface warfare,2
surfshark,2,surge,4,surge protectors,2
surgeon,2,surjection,2,surjective,2
surpass,2,surpassing,2,surplus,2
surreal,2,survival of the fittest,2,suspension,2
suspicious,4,sustain,4,svm,2
swallow,4,swamp,4,swamping,2
swan,2,swarm,2,sweater,2
sweatshirt,2,sweden,4,sweeps out,2
sweet potato,2,sweet potatoes,2,sweetbreads,2
sweetened,2,swift,6,swiftlet,2
swiftlet nest,2,swim brief,2,swim cap,2
swim trunks,2,swimming ring,2,swimsuit,2
swine,2,swine-flu,2,swing,2
swing by,4,swing chair,2,swiss chard,2
switzerland,12,swizz,4,swizzing,4
swizzle,6,swizzling,2,swordfish,2
swot,2,swung,2,sycomore,2
sycophant,2,sydney opera house,2,syllogism,2
symbiosis,2,symbolic,4,symmetriaztion,2
symmetrical,4,symmetrization,2,symphony,3
symphony orchestra,2,symposia,4,symposium,4
symptoms,2,synchronal,4,synchronized,2
synchronized swimming,2,synchronous,6,synchronous orbit,2
synchronously,2,syndrome,2,synergies,2
synergy,2,synoptic,2,synoptic chart,2
synovitis,2,syntax,2,synthesizer,2
synthetic,4,synthetic fibers,2,syracuse,2
syrup,4,systematic,8,systematically,6
systemic,2,t-bone,2,t-shirt,2
tabasco,4,tabbouleh,2,tabby,2
tabel for two,2,table runner,2,table salt,4
tablets,2,tableware,4,tabulation,2
tackle,6,tactic,2,tactical,4
taekwondo,2,taekwons,2,tagonist,2
taiga,2,tailgate,2,tailless,2
tailored,7,taiyaki,2,taj mahal,2
takeaway,2,talent,2,tam-tam,2
tamari,2,tamarind,4,tampons,2
tangent,2,tangerine,2,tangibility,2
tangyuan,2,tank,4,tantalum,2
tap shoes,2,tape,2,tape measure,2
tapestry,2,tariffs,2,tart,2
tartar,2,taste disorders,2,tastes,2
tattan,2,tattoo,4,tau,2
taurids,2,taurine,2,taurus,4
tautology,2,tawny,2,tax eva,2
tax evasion,2,taxonomy,13,tbl,2
tea saucer,2,tea urn,2,teacup,2
teapot,2,tear down,2,tear-like,2
teaspoon,2,technetium,2,teleport,2
teleported,2,telescope,2,teller,2
telltale,2,tellurium,2,tem4,4
tem8,4,tempeh,2,temperate,2
temperature,2,temple,2,temporal,4
temporature,2,temporomandibular,2,tempurature,2
tenant,2,tenants,4,tenary,4
tencel,2,tended to,2,tender,4
tenderly,2,tenderness,2,tendon,2
tennessee,2,tennessine,2,tenor,2
tension,2,tension headache,2,tent,2
tequila,4,terbium,2,teriyaki,2
teriyaki sauce,2,term,2,terminology,13
termite,2,ternarization,2,ternary,4
terrace,2,territorial,2,tertiary,2
tertiary explosives,2,tesselation,2,test,2
testes,2,testicles,2,tetracycline,2
tetrahedron,6,tetris,2,textbook,2
textual,2,texture,2,tgs,2
thallium,2,thanksgiving,2,thawing,4
the advent of,2,the burden of,2,the cube of,2
the elements,2,the fog of,2,the landscape of,2
the last resort,2,the next era of,2,the odds of,2
the sake of,2,the stance of,2,theater,6
theatre,6,theme park,2,thence,2
theorem,2,theoretic,2,theoretical,2
theoretical mechanics,2,theory of relativity,2,therapy,4
therm,2,thermal,2,thermal underwear,2
thermodynamics,2,thermometer,2,thermos,2
thermosphere,4,thesis,2,thestral,2
theta,2,thiamin,2,thiamine,2
thicket,2,thigh,4,thinking,1
third cosmic velocity,2,third-degree burn,2,thomas edison,2
thorium,2,three-degree burn,2,three-way,2
threonie,2,threonine,2,threshold,4
thriftiness,2,thriller,2,thrive,4
throat lozenges,2,throne,2,throttle,4
throw,4,throw blanket,2,throwback,2
thrush,4,thrust,5,thug,2
thulium,2,thumb,4,thunder,2
thunderstorm,2,thursday,4,thwarting,4
thyme,2,thyroid,4,tiara,2
tibet,2,tibetan,2,tibia,4
tick,2,ticonderoga,2,tidal,4
tidal capture,2,tidal force,2,tidal locking,4
tide,4,tidying,2,tie-up,2
tiers,4,tiffany,2,tight,4
till,4,till soil,2,tilled soil,2
tiller,2,timbales,2,time derivative,2
time travel,2,timeless,2,timolol,2
timpani,2,timpanist,2,tin,4
tinidazole,2,tinnitus,2,tint,2
tinying,2,tiptoe,2,tissue,2
titan,2,titanium,2,titanium dioxide,2
tite,4,titin,2,tnp,4
tnt,4,toad,2,toadstools,2
toaster,2,toaster oven,2,tobramycin,4
toe nail,2,toe raise,2,toefl,6
toenail,2,tofu,2,toilet brush,2
toilet paper,2,toilet seat covers,2,tokenized,2
tolerable,1,tolerance,2,toluene,2
tom marvolo riddle,2,tom riddle,2,tomahawk,2
tomanhawk,2,tomatoes,2,tomcat,4
tone,2,tongs,4,tongue,6
tongue-in-cheek,2,tonic,6,tonic water,4
tonifying,2,tonnage,4,tonsil,2
too involved with,2,toolbox,2,tooth decay,2
toothache,2,toothbrush,2,toothpaste,2
toothpicks,2,topaz,2,torch,2
torchflower,2,tornado,2,toro,2
torque,4,torque wrench,2,tortilla,4
tortilla chips,2,torus,2,toss,4
toss up,2,totalitarianism,4,toto,2
touching,2,tournament,2,tow float,2
towed,2,towel,8,towel blanket,2
tower,6,townsfolk,2,toxic,2
toxins,2,toyota,2,trachea,2
track,2,trade,2,trade winds,2
traffic division,2,tragedy,2,trail,2
trailing,2,train station,2,trained from scratch,2
trait,2,trajectory,2,tramp,4
tranquil,4,tranquility,2,trans fats,4
transactions,2,transceivers,2,transcendental,2
transcribe,4,transcript,6,transcriptions,2
transfer,4,transfer credits,2,transfiguration,2
transformation,2,transformations,4,transformer,2
transforming,1,transit,2,transition,4
transition metal,2,transitive,2,transliterate,4
translucent,2,transmission,2,transmission fluid,2
transmuting,2,transparency,4,transparent tape,2
transport aircraft,2,transportation,6,transportation facilities,2
transposable,2,transversal,2,trapezium,4
trapezoid,2,trasured,2,trasured it,2
trauma,2,traverses,4,tray,2
treasured,2,treasured it,2,treasury,2
treat,1,treaty,2,treble,2
treble clef,2,tree nuts,2,treebank,2
trellis,2,trem,2,tremble,2
trenchant,2,trepang,2,triangle,4
triangular prism,2,triathlon,2,triceps,2
tricholoma,4,tricholoma matsutake,2,trigonometry,4
trilingual,2,trimester,2,trinitrophenol,2
trinitrotoluene,4,trinitrotoluol,2,tripe,2
triple jump,2,trivel,4,trivial,6
trojan,2,trojan horse,2,trombones,2
tron,4,troop,4,tropical,2
troposphere,4,trousers,2,trout,2
truck,4,truffle,4,truffles,2
trukic,2,trump,4,trumpet,4
trumpet flower,2,trumpets,2,trumpte,2
trunk,4,trunks,2,tryptophan,2
tsian,2,tsien,6,tsien hsue-shen,8
tsunami,2,tsunamic,2,tsx,2
tub,2,tubas,2,tuesday,4
tulip,7,tummy,2,tuna,4
tundra,4,tungsten,2,turbine,2
turbo,2,turbocharged engine,2,turbulent,2
turkey,6,turkic,2,turkiye,8
turks,2,turmeric,4,turn signals,2
turner,2,turnips,2,tutankhamum,2
tutankhamun,2,tutoring,2,tv stand,2
tvp,2,twig,2,twilight,10
twill,2,two hand curl,2,two-stringed fiddle,2
typhoon,2,tyrosine,2,tyte,4
türkiye,8,uav,4,uber,2
ubiquity,6,ubuntu,6,udon,2
ukraine,4,ulcer,2,ulcers,2
ultimately,4,ultraviolet,4,umibozu,2
uncharted,2,unconcealable,2,unconscious,2
unconventional,2,uncountable,2,undemocratic,2
underbite,4,undergo,2,underlying,1
underneath,4,underrated,2,underscore,2
undershirt,2,undertrained,2,underwear,2
undisturbed,2,undulatus,2,unencumbered,2
unhygienic,2,uni,2,unicorn,2
unimpeded,4,union,2,unionpay,2
unisex,2,united arab emirates,2,universal graviation,2
universal gravitation,2,universal joint wrench,2,university of illinois at chicago,2
unleashing,6,unmanned,2,unmilled,2
unravelling,2,unrolling,2,unsalted butter,2
unsaturated,2,unsaturated fats,4,untermensch,2
unveil,12,unveiled,2,unveiling,2
unveils,4,unwavering,1,unwilling,2
unwind,2,unyielding,2,upbeat,2
update,2,upper belly,2,upper lip,2
upperwear,2,upsilon,2,upslope,2
upstream,4,ural,2,uranium,4
uranus,6,urban,6,urban blues,2
urban heat island,2,urea,2,urea breath test,2
urinal,2,urine,2,urn,2
ursa,2,ursa major,2,ursa minor,2
urticaria,2,usfda,2,ussr,2
utensils,4,uterus,2,utilization,4
utilize,4,uva,2,uvb,2
uzbeks,2,v brakes,2,v-brake,2
v8,2,vaccination,2,vaccine,2
vacuum,6,vacuum cleaner,2,vacuum deposition,2
vagin,1,vagina,3,vague,1
valentine,2,valentine's day,2,valhalla,2
validation,4,validity,2,valine,2
valley,3,vally,1,vampire,2
vampires,2,van allen belts,2,vanadium,2
vancomycin,4,vandalism,2,vanilla,8
vanish,2,vanity,2,vantican,4
vapor,2,variant,4,variation,2
variola,2,variola virus,2,vatican,4
vault,6,veela,2,vega,2
vegetables,2,veil,2,vein,2
velocity,2,velvet,10,velvet antler,2
vena cava,2,venice,2,venice canals,2
venison,4,ventures,2,venus,4
veranda,2,verb,4,verbatim,4
verbe,2,verdant,4,vereal,4
vernacular,2,vernier,2,vernier caliper,2
versa,2,versace,2,versatile,14
versatility,2,verse,6,verses,2
version,1,vert,4,vertebral,2
vertebral column,2,verted,1,very result,2
vessels,5,veteran,2,veterans day,2
vibe,2,vibrant,2,vibration,2
vibrio cholerae,2,vice,2,vice versa,4
vice-versa,4,vicissitude,2,vienna,2
vienna state opera,2,vies,2,vigorously,2
vinegar,6,vinegars,2,violas,2
violet,2,violets,1,violin,2
virga,2,virgin,4,virgin forest,2
virginia,2,virgo,4,virtue,8
virtuoso,2,virulent,2,visa,2
viscount,4,viscountess,2,visual arts,2
visual treat,1,vitamins,2,vitis,2
vivace,2,vivacious,2,vivo,2
viz,2,viz.,2,vmx,2
vnni,4,vocabularay,4,vocabulary,8
vocal,2,vocalist,2,vodka,2
volcano,6,voldemort,4,volume,2
volumizing,2,volunteer work,2,vortex,2
vovabulary,4,vowel,4,voyage,2
vulnerabilities,2,vulnerability,4,vulnerable,4
vumulative,1,vurvature,4,waddle,2
waddle into,2,wade giles,2,wade-giles,2
wafers,2,waffe,4,wagon,2
wagyu,4,wagyu beef,2,waist,2
wall outlets,2,wallowing in,4,walnuts,4
wardrobe,2,warehouse,2,warfare,4
warhead,2,warlock,2,warm front,2
warp,4,warp drive,2,warped,2
warrant,2,warranty,2,warthog,2
wasabi,2,washer,2,washing basin,2
washing soda,2,wasp,4,wasp stings,2
water bottle,2,water cycle,2,water polo,2
water quality,2,water spout,2,waterbed,2
waterborne,2,waterborne disease,2,watercolor,2
watercolor brushes,2,watercolor paints,2,watercress,2
waterfall,2,watermelon frost,2,waterproof,2
waterproof shoes,2,wave-particle duality,2,wavy,6
wax,2,wax-coated,2,waxed,2
waxy,2,waz,2,weak nuclear force,2
weather forecast,2,weathered,2,wedding,2
wednesday,4,weed,2,weed pollen,2
weight stationay,4,weighted average,2,weightlifting shoes,2
welcome light,2,welding,2,well,2
wellbeing,2,welsh,4,welter,2
werewolves,2,westerlies,2,westlake university,2
wetlands,2,wetsuit,2,whack,2
wham,2,what,3,what the,2
what the hell,2,wheat berries,2,wheat sheaves,2
whey,2,whey protein powder,2,whhhh,2
whilst,2,whip,2,whipped,2
whipped butter,2,whirl,2,whisk,2
whiskey,2,whisks,2,white atractylodes,2
white button mushrooms,2,white cardamom,2,white dwarf,2
white nylons,2,white pepper,2,white rice,2
white tea,2,white truffle,2,white vinegar,2
white wine,2,white wines,2,whitehead,4
whole milk,2,wicker,2,widgets,2
wife cake,2,wikipedia,2,wilbur wright,2
wild,6,wild chrysanthemum,2,wild seed,2
wildfire,2,william boeing,2,william shakespeare,2
william shockley,2,willpower,2,wind,6
wind chill,2,wind dircetion,2,wind direction,2
wind diretion,2,wind rose,2,wind speed,2
windpipe,2,windshield,2,windshield washer fluid,2
windswept,4,windy,2,wine,4
wine glass,2,wingardium leviosa,2,wingman,2
winograd,4,winograde,4,winogrande,2
winston churchill,2,winter hexagon,2,winter palace,2
wip,4,wire cutter,2,wireless charging pad,2
wisconsin,2,wisdom tooth,2,wistful,2
withdraw,2,withdrawal,4,withdrawn,2
wither,4,witnessed,1,witty,2
wok,4,wolfberry,2,wolframite,2
woman,2,wombats,2,wondrous,4
wood duck,2,wood screws,2,wooden fish,2
wooden pencils,2,woodland,2,woodpecker,2
woodwind section,2,woody,2,wool sweater,2
workbook,2,workshop,2,worm,2
wormholes,2,worshiipers,4,wrap,8
wrench,2,wrestling,2,wright brothers,2
wrist,2,writting brush,2,writting bush,2
wzx-coated,2,x86,2,xenon,2
xenophobia,2,xerostomia,2,xi,2
xiao,2,xiaogu,2,xmas,2
xylitol,2,xylophone,2,yangqin,2
yangtze river,2,yat-sen sun,2,yat-sen tsian,1
yearbook,4,yearbook quote,2,yeast,2
yeild,2,yell,2,yellow river,2
yellow sea,2,yeti,2,yield,4
yield roe,2,yielding,4,yields,4
yoasobi,2,yoghourt,2,yoghurt,4
yogurt,2,yoke,2,you wish,2
youdao,2,ytterbium,2,yttrium,2
yueqin,2,yunjin,2,yuri gagarin,2
zack,2,zaire,4,zealotry,2
zeaxanthin,2,zester,2,zeta,2
zhacai,2,zhong ruan,2,zilla,2
zinc,4,zinc gluconate,2,zinc lozenges,2
zinc supplement,2,zirconium,2,zither,4
zodiac,2,zodiac constellations,2,zonda,2
zubenelgenubi,2,zucchini,2,zurich,4
österreich,4,чэнду,2,中山大学,2
交际,2,伊拉克,2,伏地魔,2
侧卫,2,俄罗斯方块,2,内向,4
内容,2,冠军,2,分子,4
分母,4,加利福尼亚州,4,劳动节,2
包含,2,包括,2,哈利,2
哥斯拉,2,圣女,2,圣诞树,2
多拉贡,2,奶昔,2,如何把,2
如何把命令行玩出花来,2,寒武纪,2,小天狼星布莱克,2
康赛尔,2,护照,2,拉文克劳,2
拜登,2,斯内普,2,斯莱特林,2
方便面,2,星云,2,有才,2
柯林斯,2,格兰芬多,2,横坐标,4
毕竟,2,毛泽东,2,海苔,2
牛排,2,牛油果,2,狙击步枪,2
独立的,4,生产质量,2,目录,2
真空,2,福,2,纬度,4
纹身,4,终结,2,经度,4
绿宝石,2,罗恩韦斯莱,2,胡子,2
膝关节,2,苏联,1,装备,2
西弗勒斯,2,覆盖,2,词条,2
赫奇帕奇,2,赫敏格兰杰,2,轴心国,2
递归,1,邓布利多,2,金融的,2
钓鱼竿,2,阿不思邓布利多,2,霍格沃茨,2
霍格沃茨魔法学校,2,马卡龙,2
